"forecast_date","training_start","training_end","model","confidence","var","es","realised_return","realised_loss","exceedance","runtime_seconds","warning_status","status"
2022-12-30,2012-11-23,2022-12-23,"ewma",0.95,0.0379717603287268,0.0471940185362029,-0.00211921014982444,0.00211921014982444,FALSE,0,"","ok"
2022-12-30,2012-11-23,2022-12-23,"ewma",0.99,0.053012511390378,0.060491377690002,-0.00211921014982444,0.00211921014982444,FALSE,0,"","ok"
2022-12-30,2012-11-23,2022-12-23,"filtered_historical",0.95,0.0396486891368553,0.0631380154290094,-0.00211921014982444,0.00211921014982444,FALSE,0,"","ok"
2022-12-30,2012-11-23,2022-12-23,"filtered_historical",0.99,0.0811269567455506,0.104376951151967,-0.00211921014982444,0.00211921014982444,FALSE,0,"","ok"
2022-12-30,2012-11-23,2022-12-23,"gaussian",0.95,0.0323622994186951,0.0409176635358783,-0.00211921014982444,0.00211921014982444,FALSE,0,"","ok"
2022-12-30,2012-11-23,2022-12-23,"gaussian",0.99,0.0463154006042616,0.0532534436450803,-0.00211921014982444,0.00211921014982444,FALSE,0.0200000000000102,"","ok"
2022-12-30,2012-11-23,2022-12-23,"historical",0.95,0.0309072172430164,0.0520944889501433,-0.00211921014982444,0.00211921014982444,FALSE,0,"","ok"
2022-12-30,2012-11-23,2022-12-23,"historical",0.99,0.0544307167519875,0.0873675168570425,-0.00211921014982444,0.00211921014982444,FALSE,0,"","ok"
2022-12-30,2012-11-23,2022-12-23,"student_t",0.95,0.0282191563425566,0.0450886224427869,-0.00211921014982444,0.00211921014982444,FALSE,0,"","ok"
2022-12-30,2012-11-23,2022-12-23,"student_t",0.99,0.0530846345430273,0.0783524017068696,-0.00211921014982444,0.00211921014982444,FALSE,0,"","ok"
2023-01-06,2012-11-30,2022-12-30,"ewma",0.95,0.0379915115690916,0.0469354532958712,0.0235846786894224,-0.0235846786894224,FALSE,0,"","ok"
2023-01-06,2012-11-30,2022-12-30,"ewma",0.99,0.0525783511474233,0.0598315144032501,0.0235846786894224,-0.0235846786894224,FALSE,0,"","ok"
2023-01-06,2012-11-30,2022-12-30,"filtered_historical",0.95,0.0385325627182246,0.0612483668134688,0.0235846786894224,-0.0235846786894224,FALSE,0,"","ok"
2023-01-06,2012-11-30,2022-12-30,"filtered_historical",0.99,0.0786931567485916,0.101230287780642,0.0235846786894224,-0.0235846786894224,FALSE,0,"","ok"
2023-01-06,2012-11-30,2022-12-30,"gaussian",0.95,0.0323413591490601,0.0408725437913709,0.0235846786894224,-0.0235846786894224,FALSE,0,"","ok"
2023-01-06,2012-11-30,2022-12-30,"gaussian",0.99,0.0462550255829448,0.0531734600793379,0.0235846786894224,-0.0235846786894224,FALSE,0,"","ok"
2023-01-06,2012-11-30,2022-12-30,"historical",0.95,0.0309072172430164,0.0520944889501433,0.0235846786894224,-0.0235846786894224,FALSE,0,"","ok"
2023-01-06,2012-11-30,2022-12-30,"historical",0.99,0.0544307167519875,0.0873675168570425,0.0235846786894224,-0.0235846786894224,FALSE,0,"","ok"
2023-01-06,2012-11-30,2022-12-30,"student_t",0.95,0.0281712095218505,0.0450251879379849,0.0235846786894224,-0.0235846786894224,FALSE,0,"","ok"
2023-01-06,2012-11-30,2022-12-30,"student_t",0.99,0.0529987342579353,0.0782958790623167,0.0235846786894224,-0.0235846786894224,FALSE,0,"","ok"
2023-01-13,2012-12-07,2023-01-06,"ewma",0.95,0.0369007039478281,0.0459019148448218,0.0224869489603495,-0.0224869489603495,FALSE,0,"","ok"
2023-01-13,2012-12-07,2023-01-06,"ewma",0.99,0.0515809448724807,0.0588805510338828,0.0224869489603495,-0.0224869489603495,FALSE,0,"","ok"
2023-01-13,2012-12-07,2023-01-06,"filtered_historical",0.95,0.0387440468210253,0.0616336285533645,0.0224869489603495,-0.0224869489603495,FALSE,0,"","ok"
2023-01-13,2012-12-07,2023-01-06,"filtered_historical",0.99,0.0791906889235686,0.10187703162426,0.0224869489603495,-0.0224869489603495,FALSE,0,"","ok"
2023-01-13,2012-12-07,2023-01-06,"gaussian",0.95,0.0323451227693043,0.0408855752094226,0.0224869489603495,-0.0224869489603495,FALSE,0,"","ok"
2023-01-13,2012-12-07,2023-01-06,"gaussian",0.99,0.0462739042256245,0.0531998545190311,0.0224869489603495,-0.0224869489603495,FALSE,0,"","ok"
2023-01-13,2012-12-07,2023-01-06,"historical",0.95,0.0309072172430164,0.0520944889501433,0.0224869489603495,-0.0224869489603495,FALSE,0,"","ok"
2023-01-13,2012-12-07,2023-01-06,"historical",0.99,0.0544307167519875,0.0873675168570425,0.0224869489603495,-0.0224869489603495,FALSE,0,"","ok"
2023-01-13,2012-12-07,2023-01-06,"student_t",0.95,0.0282230938737717,0.0450515146668573,0.0224869489603495,-0.0224869489603495,FALSE,0.0200000000000102,"","ok"
2023-01-13,2012-12-07,2023-01-06,"student_t",0.99,0.053033503962971,0.0782208890248166,0.0224869489603495,-0.0224869489603495,FALSE,0,"","ok"
2023-01-20,2012-12-14,2023-01-13,"ewma",0.95,0.0344335944785175,0.0434590033335626,-0.00802793837298305,0.00802793837298305,FALSE,0,"","ok"
2023-01-20,2012-12-14,2023-01-13,"ewma",0.99,0.0491533002994096,0.0564725299943237,-0.00802793837298305,0.00802793837298305,FALSE,0,"","ok"
2023-01-20,2012-12-14,2023-01-13,"filtered_historical",0.95,0.0388087078537836,0.0617915718778074,-0.00802793837298305,0.00802793837298305,FALSE,0,"","ok"
2023-01-20,2012-12-14,2023-01-13,"filtered_historical",0.99,0.079396443250933,0.102149282770851,-0.00802793837298305,0.00802793837298305,FALSE,0,"","ok"
2023-01-20,2012-12-14,2023-01-13,"gaussian",0.95,0.0323448509049391,0.0408939176176051,-0.00802793837298305,0.00802793837298305,FALSE,0,"","ok"
2023-01-20,2012-12-14,2023-01-13,"gaussian",0.99,0.0462876815372911,0.0532206176460158,-0.00802793837298305,0.00802793837298305,FALSE,0,"","ok"
2023-01-20,2012-12-14,2023-01-13,"historical",0.95,0.0309072172430164,0.0520944889501433,-0.00802793837298305,0.00802793837298305,FALSE,0,"","ok"
2023-01-20,2012-12-14,2023-01-13,"historical",0.99,0.0544307167519875,0.0873675168570425,-0.00802793837298305,0.00802793837298305,FALSE,0,"","ok"
2023-01-20,2012-12-14,2023-01-13,"student_t",0.95,0.0282742188391196,0.0450725704241971,-0.00802793837298305,0.00802793837298305,FALSE,0,"","ok"
2023-01-20,2012-12-14,2023-01-13,"student_t",0.99,0.0530620614923774,0.0781286086043873,-0.00802793837298305,0.00802793837298305,FALSE,0.00999999999999091,"","ok"
2023-01-27,2012-12-21,2023-01-20,"ewma",0.95,0.0325729799319967,0.041361933461123,0.0119095029138788,-0.0119095029138788,FALSE,0.0200000000000102,"","ok"
2023-01-27,2012-12-21,2023-01-20,"ewma",0.99,0.0469070463992363,0.0540345206988235,0.0119095029138788,-0.0119095029138788,FALSE,0,"","ok"
2023-01-27,2012-12-21,2023-01-20,"filtered_historical",0.95,0.0377501132910933,0.0601645034557776,0.0119095029138788,-0.0119095029138788,FALSE,0,"","ok"
2023-01-27,2012-12-21,2023-01-20,"filtered_historical",0.99,0.0773087664976988,0.0994713622746338,0.0119095029138788,-0.0119095029138788,FALSE,0,"","ok"
2023-01-27,2012-12-21,2023-01-20,"gaussian",0.95,0.0323647915033503,0.0409154699956299,0.0119095029138788,-0.0119095029138788,FALSE,0,"","ok"
2023-01-27,2012-12-21,2023-01-20,"gaussian",0.99,0.0463102508168116,0.0532444940114977,0.0119095029138788,-0.0119095029138788,FALSE,0,"","ok"
2023-01-27,2012-12-21,2023-01-20,"historical",0.95,0.0309072172430164,0.0520944889501433,0.0119095029138788,-0.0119095029138788,FALSE,0,"","ok"
2023-01-27,2012-12-21,2023-01-20,"historical",0.99,0.0544307167519875,0.0873675168570425,0.0119095029138788,-0.0119095029138788,FALSE,0,"","ok"
2023-01-27,2012-12-21,2023-01-20,"student_t",0.95,0.0283191355085495,0.0450985882907156,0.0119095029138788,-0.0119095029138788,FALSE,0,"","ok"
2023-01-27,2012-12-21,2023-01-20,"student_t",0.99,0.0530892185739473,0.0780922209432792,0.0119095029138788,-0.0119095029138788,FALSE,0,"","ok"
2023-02-03,2012-12-28,2023-01-27,"ewma",0.95,0.0324036022132871,0.0410115573778257,0.016751687028408,-0.016751687028408,FALSE,0,"","ok"
2023-02-03,2012-12-28,2023-01-27,"ewma",0.99,0.0464424751082927,0.0534231672923992,0.016751687028408,-0.016751687028408,FALSE,0,"","ok"
2023-02-03,2012-12-28,2023-01-27,"filtered_historical",0.95,0.0369347550358554,0.0589180586219454,0.016751687028408,-0.016751687028408,FALSE,0,"","ok"
2023-02-03,2012-12-28,2023-01-27,"filtered_historical",0.99,0.0757097893562036,0.0974212943264183,0.016751687028408,-0.016751687028408,FALSE,0,"","ok"
2023-02-03,2012-12-28,2023-01-27,"gaussian",0.95,0.0323619262825885,0.0409140943677716,0.016751687028408,-0.016751687028408,FALSE,0,"","ok"
2023-02-03,2012-12-28,2023-01-27,"gaussian",0.99,0.0463098150005991,0.0532452661929269,0.016751687028408,-0.016751687028408,FALSE,0,"","ok"
2023-02-03,2012-12-28,2023-01-27,"historical",0.95,0.0309072172430164,0.0520944889501433,0.016751687028408,-0.016751687028408,FALSE,0,"","ok"
2023-02-03,2012-12-28,2023-01-27,"historical",0.99,0.0544307167519875,0.0873675168570425,0.016751687028408,-0.016751687028408,FALSE,0,"","ok"
2023-02-03,2012-12-28,2023-01-27,"student_t",0.95,0.0283322266960344,0.0451002309050277,0.016751687028408,-0.016751687028408,FALSE,0,"","ok"
2023-02-03,2012-12-28,2023-01-27,"student_t",0.99,0.0530919771860561,0.078054979908323,0.016751687028408,-0.016751687028408,FALSE,0.0200000000000102,"","ok"
2023-02-10,2013-01-04,2023-02-03,"ewma",0.95,0.0296127013825965,0.0381327336248784,-0.0068070469069336,0.0068070469069336,FALSE,0,"","ok"
2023-02-10,2013-01-04,2023-02-03,"ewma",0.99,0.0435081791615118,0.0504175695271878,-0.0068070469069336,0.0068070469069336,FALSE,0,"","ok"
2023-02-10,2013-01-04,2023-02-03,"filtered_historical",0.95,0.0365248057136348,0.0583098671751141,-0.0068070469069336,0.0068070469069336,FALSE,0,"","ok"
2023-02-10,2013-01-04,2023-02-03,"filtered_historical",0.99,0.0749305238583407,0.0964248624933312,-0.0068070469069336,0.0068070469069336,FALSE,0,"","ok"
2023-02-10,2013-01-04,2023-02-03,"gaussian",0.95,0.0323152783027346,0.0408691440839475,-0.0068070469069336,0.0068070469069336,FALSE,0,"","ok"
2023-02-10,2013-01-04,2023-02-03,"gaussian",0.99,0.0462659358245227,0.0532027637774375,-0.0068070469069336,0.0068070469069336,FALSE,0,"","ok"
2023-02-10,2013-01-04,2023-02-03,"historical",0.95,0.0309072172430164,0.0520944889501433,-0.0068070469069336,0.0068070469069336,FALSE,0,"","ok"
2023-02-10,2013-01-04,2023-02-03,"historical",0.99,0.0544307167519875,0.0873675168570425,-0.0068070469069336,0.0068070469069336,FALSE,0,"","ok"
2023-02-10,2013-01-04,2023-02-03,"student_t",0.95,0.0282858751988436,0.0450562597713366,-0.0068070469069336,0.0068070469069336,FALSE,0,"","ok"
2023-02-10,2013-01-04,2023-02-03,"student_t",0.99,0.053049573268269,0.0780146078097574,-0.0068070469069336,0.0068070469069336,FALSE,0.00999999999999091,"","ok"
2023-02-17,2013-01-11,2023-02-10,"ewma",0.95,0.0270932446245203,0.0353830531086662,0.00632247943740821,-0.00632247943740821,FALSE,0,"","ok"
2023-02-17,2013-01-11,2023-02-10,"ewma",0.99,0.0406132462286529,0.0473359347402536,0.00632247943740821,-0.00632247943740821,FALSE,0,"","ok"
2023-02-17,2013-01-11,2023-02-10,"filtered_historical",0.95,0.0356412182884609,0.0567544835714189,0.00632247943740821,-0.00632247943740821,FALSE,0,"","ok"
2023-02-17,2013-01-11,2023-02-10,"filtered_historical",0.99,0.0729245676210491,0.0938235983033969,0.00632247943740821,-0.00632247943740821,FALSE,0,"","ok"
2023-02-17,2013-01-11,2023-02-10,"gaussian",0.95,0.0323092996033683,0.0408407108301588,0.00632247943740821,-0.00632247943740821,FALSE,0,"","ok"
2023-02-17,2013-01-11,2023-02-10,"gaussian",0.99,0.0462233355780614,0.0531419538250057,0.00632247943740821,-0.00632247943740821,FALSE,0,"","ok"
2023-02-17,2013-01-11,2023-02-10,"historical",0.95,0.0309072172430164,0.0520944889501433,0.00632247943740821,-0.00632247943740821,FALSE,0,"","ok"
2023-02-17,2013-01-11,2023-02-10,"historical",0.99,0.0544307167519875,0.0873675168570425,0.00632247943740821,-0.00632247943740821,FALSE,0,"","ok"
2023-02-17,2013-01-11,2023-02-10,"student_t",0.95,0.0282689482130811,0.0450138694989761,0.00632247943740821,-0.00632247943740821,FALSE,0,"","ok"
2023-02-17,2013-01-11,2023-02-10,"student_t",0.99,0.0529865533589912,0.0779433444336943,0.00632247943740821,-0.00632247943740821,FALSE,0,"","ok"
2023-02-24,2013-01-18,2023-02-17,"ewma",0.95,0.0246984712656701,0.0327617490907674,-0.0214472271999006,0.0214472271999006,FALSE,0,"","ok"
2023-02-24,2013-01-18,2023-02-17,"ewma",0.99,0.0378490198384595,0.044388001445127,-0.0214472271999006,0.0214472271999006,FALSE,0,"","ok"
2023-02-24,2013-01-18,2023-02-17,"filtered_historical",0.95,0.0346208466819444,0.0551944930356218,-0.0214472271999006,0.0214472271999006,FALSE,0,"","ok"
2023-02-24,2013-01-18,2023-02-17,"filtered_historical",0.99,0.0709233860291752,0.0912578198853066,-0.0214472271999006,0.0214472271999006,FALSE,0,"","ok"
2023-02-24,2013-01-18,2023-02-17,"gaussian",0.95,0.0323069696145121,0.0408386776477263,-0.0214472271999006,0.0214472271999006,FALSE,0,"","ok"
2023-02-24,2013-01-18,2023-02-17,"gaussian",0.99,0.0462214896562777,0.0531403486008374,-0.0214472271999006,0.0214472271999006,FALSE,0,"","ok"
2023-02-24,2013-01-18,2023-02-17,"historical",0.95,0.0309072172430164,0.0520944889501433,-0.0214472271999006,0.0214472271999006,FALSE,0,"","ok"
2023-02-24,2013-01-18,2023-02-17,"historical",0.99,0.0544307167519875,0.0873675168570425,-0.0214472271999006,0.0214472271999006,FALSE,0,"","ok"
2023-02-24,2013-01-18,2023-02-17,"student_t",0.95,0.0282704079861151,0.0450125318790696,-0.0214472271999006,0.0214472271999006,FALSE,0.0100000000000193,"","ok"
2023-02-24,2013-01-18,2023-02-17,"student_t",0.99,0.0529854323617498,0.0779326477384477,-0.0214472271999006,0.0214472271999006,FALSE,0,"","ok"
2023-03-03,2013-01-25,2023-02-24,"ewma",0.95,0.0267184818558442,0.0348384833198104,0.0137669072104268,-0.0137669072104268,FALSE,0,"","ok"
2023-03-03,2013-01-25,2023-02-24,"ewma",0.99,0.0399615420578186,0.0465465241669211,0.0137669072104268,-0.0137669072104268,FALSE,0,"","ok"
2023-03-03,2013-01-25,2023-02-24,"filtered_historical",0.95,0.0348172771216983,0.0555735566271323,0.0137669072104268,-0.0137669072104268,FALSE,0,"","ok"
2023-03-03,2013-01-25,2023-02-24,"filtered_historical",0.99,0.0714137462965746,0.0918978487722644,0.0137669072104268,-0.0137669072104268,FALSE,0,"","ok"
2023-03-03,2013-01-25,2023-02-24,"gaussian",0.95,0.0323994525270519,0.0409405701728045,0.0137669072104268,-0.0137669072104268,FALSE,0,"","ok"
2023-03-03,2013-01-25,2023-02-24,"gaussian",0.99,0.0463293188795142,0.0532558086269124,0.0137669072104268,-0.0137669072104268,FALSE,0,"","ok"
2023-03-03,2013-01-25,2023-02-24,"historical",0.95,0.0309072172430164,0.0520944889501433,0.0137669072104268,-0.0137669072104268,FALSE,0.0199999999999818,"","ok"
2023-03-03,2013-01-25,2023-02-24,"historical",0.99,0.0544307167519875,0.0873675168570425,0.0137669072104268,-0.0137669072104268,FALSE,0,"","ok"
2023-03-03,2013-01-25,2023-02-24,"student_t",0.95,0.0284264206185823,0.0451279152677079,0.0137669072104268,-0.0137669072104268,FALSE,0,"","ok"
2023-03-03,2013-01-25,2023-02-24,"student_t",0.99,0.0531082893515869,0.0779011857779774,0.0137669072104268,-0.0137669072104268,FALSE,0,"","ok"
2023-03-10,2013-02-01,2023-03-03,"ewma",0.95,0.0246795687010137,0.0326773135377315,-0.0358843239140201,0.0358843239140201,TRUE,0,"","ok"
2023-03-10,2013-02-01,2023-03-03,"ewma",0.99,0.0377232383139684,0.0442090754036121,-0.0358843239140201,0.0358843239140201,FALSE,0,"","ok"
2023-03-10,2013-02-01,2023-03-03,"filtered_historical",0.95,0.0342728821198528,0.0547328839083333,-0.0358843239140201,0.0358843239140201,TRUE,0,"","ok"
2023-03-10,2013-02-01,2023-03-03,"filtered_historical",0.99,0.0703348439109758,0.0905133750502897,-0.0358843239140201,0.0358843239140201,FALSE,0,"","ok"
2023-03-10,2013-02-01,2023-03-03,"gaussian",0.95,0.0323989576435757,0.0409387843924879,-0.0358843239140201,0.0358843239140201,TRUE,0,"","ok"
2023-03-10,2013-02-01,2023-03-03,"gaussian",0.99,0.0463267186485639,0.0532521615325303,-0.0358843239140201,0.0358843239140201,FALSE,0,"","ok"
2023-03-10,2013-02-01,2023-03-03,"historical",0.95,0.0309072172430164,0.0520944889501433,-0.0358843239140201,0.0358843239140201,TRUE,0,"","ok"
2023-03-10,2013-02-01,2023-03-03,"historical",0.99,0.0544307167519875,0.0873675168570425,-0.0358843239140201,0.0358843239140201,FALSE,0,"","ok"
2023-03-10,2013-02-01,2023-03-03,"student_t",0.95,0.0284179961641166,0.045124447383738,-0.0358843239140201,0.0358843239140201,TRUE,0,"","ok"
2023-03-10,2013-02-01,2023-03-03,"student_t",0.99,0.0531038090412138,0.0779158976103228,-0.0358843239140201,0.0358843239140201,FALSE,0,"","ok"
2023-03-17,2013-02-08,2023-03-10,"ewma",0.95,0.0303291817788161,0.0389091793552814,-0.0197158832186973,0.0197158832186973,FALSE,0,"","ok"
2023-03-17,2013-02-08,2023-03-10,"ewma",0.99,0.0443224581276143,0.0512804778752573,-0.0197158832186973,0.0197158832186973,FALSE,0,"","ok"
2023-03-17,2013-02-08,2023-03-10,"filtered_historical",0.95,0.0371550680609052,0.058759975524371,-0.0197158832186973,0.0197158832186973,FALSE,0,"","ok"
2023-03-17,2013-02-08,2023-03-10,"filtered_historical",0.99,0.0754447805781049,0.0971005280924798,-0.0197158832186973,0.0197158832186973,FALSE,0,"","ok"
2023-03-17,2013-02-08,2023-03-10,"gaussian",0.95,0.0325863624111525,0.0411521872470669,-0.0197158832186973,0.0197158832186973,FALSE,0,"","ok"
2023-03-17,2013-02-08,2023-03-10,"gaussian",0.99,0.0465565241758985,0.0535030504227854,-0.0197158832186973,0.0197158832186973,FALSE,0,"","ok"
2023-03-17,2013-02-08,2023-03-10,"historical",0.95,0.0318656127387663,0.0522496190389464,-0.0197158832186973,0.0197158832186973,FALSE,0,"","ok"
2023-03-17,2013-02-08,2023-03-10,"historical",0.99,0.0544307167519875,0.0873675168570425,-0.0197158832186973,0.0197158832186973,FALSE,0,"","ok"
2023-03-17,2013-02-08,2023-03-10,"student_t",0.95,0.0286487363372092,0.0453570733895683,-0.0197158832186973,0.0197158832186973,FALSE,0,"","ok"
2023-03-17,2013-02-08,2023-03-10,"student_t",0.99,0.0533593215136313,0.0780971786518172,-0.0197158832186973,0.0197158832186973,FALSE,0,"","ok"
2023-03-24,2013-02-15,2023-03-17,"ewma",0.95,0.0324878093020145,0.0410476990835174,0.0116484559061289,-0.0116484559061289,FALSE,0,"","ok"
2023-03-24,2013-02-15,2023-03-17,"ewma",0.99,0.0464482914770187,0.0533900046426163,0.0116484559061289,-0.0116484559061289,FALSE,0,"","ok"
2023-03-24,2013-02-15,2023-03-17,"filtered_historical",0.95,0.0369900774162839,0.0586129224666047,0.0116484559061289,-0.0116484559061289,FALSE,0,"","ok"
2023-03-24,2013-02-15,2023-03-17,"filtered_historical",0.99,0.0752562338491592,0.0968702927753214,0.0116484559061289,-0.0116484559061289,FALSE,0,"","ok"
2023-03-24,2013-02-15,2023-03-17,"gaussian",0.95,0.0326453029160197,0.0412189125142785,0.0116484559061289,-0.0116484559061289,FALSE,0,"","ok"
2023-03-24,2013-02-15,2023-03-17,"gaussian",0.99,0.0466281609933024,0.0535810003573717,0.0116484559061289,-0.0116484559061289,FALSE,0,"","ok"
2023-03-24,2013-02-15,2023-03-17,"historical",0.95,0.0318656127387663,0.0522496190389464,0.0116484559061289,-0.0116484559061289,FALSE,0,"","ok"
2023-03-24,2013-02-15,2023-03-17,"historical",0.99,0.0544307167519875,0.0873675168570425,0.0116484559061289,-0.0116484559061289,FALSE,0,"","ok"
2023-03-24,2013-02-15,2023-03-17,"student_t",0.95,0.0287630686073308,0.0454336200616647,0.0116484559061289,-0.0116484559061289,FALSE,0,"","ok"
2023-03-24,2013-02-15,2023-03-17,"student_t",0.99,0.0534412624984476,0.0780406774817657,0.0116484559061289,-0.0116484559061289,FALSE,0,"","ok"
2023-03-31,2013-02-22,2023-03-24,"ewma",0.95,0.0313960082583316,0.0397803337273259,0.0321658536365531,-0.0321658536365531,FALSE,0,"","ok"
2023-03-31,2013-02-22,2023-03-24,"ewma",0.99,0.0450701593568961,0.0518694971963319,0.0321658536365531,-0.0321658536365531,FALSE,0,"","ok"
2023-03-31,2013-02-22,2023-03-24,"filtered_historical",0.95,0.0361541063030907,0.0574014968329059,0.0321658536365531,-0.0321658536365531,FALSE,0,"","ok"
2023-03-31,2013-02-22,2023-03-24,"filtered_historical",0.99,0.0737010059866186,0.0948808033742574,0.0321658536365531,-0.0321658536365531,FALSE,0,"","ok"
2023-03-31,2013-02-22,2023-03-24,"gaussian",0.95,0.0326408580951483,0.0412162266318097,0.0321658536365531,-0.0321658536365531,FALSE,0,"","ok"
2023-03-31,2013-02-22,2023-03-24,"gaussian",0.99,0.0466265848575242,0.0535808506471875,0.0321658536365531,-0.0321658536365531,FALSE,0,"","ok"
2023-03-31,2013-02-22,2023-03-24,"historical",0.95,0.0318656127387663,0.0522496190389464,0.0321658536365531,-0.0321658536365531,FALSE,0,"","ok"
2023-03-31,2013-02-22,2023-03-24,"historical",0.99,0.0544307167519875,0.0873675168570425,0.0321658536365531,-0.0321658536365531,FALSE,0,"","ok"
2023-03-31,2013-02-22,2023-03-24,"student_t",0.95,0.0287771903191469,0.0454335662563221,0.0321658536365531,-0.0321658536365531,FALSE,0,"","ok"
2023-03-31,2013-02-22,2023-03-24,"student_t",0.99,0.0534421470539614,0.0779933924996943,0.0321658536365531,-0.0321658536365531,FALSE,0,"","ok"
2023-04-06,2013-03-01,2023-03-31,"ewma",0.95,0.0327045917597319,0.0414749053565532,0.00665603322854583,-0.00665603322854583,FALSE,0,"","ok"
2023-04-06,2013-03-01,2023-03-31,"ewma",0.99,0.0470082580174678,0.0541206161103292,0.00665603322854583,-0.00665603322854583,FALSE,0,"","ok"
2023-04-06,2013-03-01,2023-03-31,"filtered_historical",0.95,0.0377199537592151,0.060032268171609,0.00665603322854583,-0.00665603322854583,FALSE,0,"","ok"
2023-04-06,2013-03-01,2023-03-31,"filtered_historical",0.99,0.0770789319814293,0.0992453927469064,0.00665603322854583,-0.00665603322854583,FALSE,0,"","ok"
2023-04-06,2013-03-01,2023-03-31,"gaussian",0.95,0.0326513976743142,0.0412455459209555,0.00665603322854583,-0.00665603322854583,FALSE,0,"","ok"
2023-04-06,2013-03-01,2023-03-31,"gaussian",0.99,0.0466677526121829,0.0536372479624295,0.00665603322854583,-0.00665603322854583,FALSE,0,"","ok"
2023-04-06,2013-03-01,2023-03-31,"historical",0.95,0.0318656127387663,0.0522496190389464,0.00665603322854583,-0.00665603322854583,FALSE,0,"","ok"
2023-04-06,2013-03-01,2023-03-31,"historical",0.99,0.0544307167519875,0.0873675168570425,0.00665603322854583,-0.00665603322854583,FALSE,0,"","ok"
2023-04-06,2013-03-01,2023-03-31,"student_t",0.95,0.0288294384266737,0.0454762299332058,0.00665603322854583,-0.00665603322854583,FALSE,0.0200000000000102,"","ok"
2023-04-06,2013-03-01,2023-03-31,"student_t",0.99,0.0535003190756144,0.0779665750537432,0.00665603322854583,-0.00665603322854583,FALSE,0,"","ok"
2023-04-14,2013-03-08,2023-04-06,"ewma",0.95,0.0314851508201905,0.0400155335308219,0.0123126459083006,-0.0123126459083006,FALSE,0,"","ok"
2023-04-14,2013-03-08,2023-04-06,"ewma",0.99,0.0453975093689036,0.0523152935321921,0.0123126459083006,-0.0123126459083006,FALSE,0,"","ok"
2023-04-14,2013-03-08,2023-04-06,"filtered_historical",0.95,0.0365970612961434,0.0583790556293443,0.0123126459083006,-0.0123126459083006,FALSE,0,"","ok"
2023-04-14,2013-03-08,2023-04-06,"filtered_historical",0.99,0.0749562918861114,0.0965271353522022,0.0123126459083006,-0.0123126459083006,FALSE,0,"","ok"
2023-04-14,2013-03-08,2023-04-06,"gaussian",0.95,0.0326483318635666,0.041242884367468,0.0123126459083006,-0.0123126459083006,FALSE,0,"","ok"
2023-04-14,2013-03-08,2023-04-06,"gaussian",0.99,0.0466653461120593,0.0536351692980626,0.0123126459083006,-0.0123126459083006,FALSE,0,"","ok"
2023-04-14,2013-03-08,2023-04-06,"historical",0.95,0.0318656127387663,0.0522496190389464,0.0123126459083006,-0.0123126459083006,FALSE,0,"","ok"
2023-04-14,2013-03-08,2023-04-06,"historical",0.99,0.0544307167519875,0.0873675168570425,0.0123126459083006,-0.0123126459083006,FALSE,0,"","ok"
2023-04-14,2013-03-08,2023-04-06,"student_t",0.95,0.028831201426993,0.0454741400306869,0.0123126459083006,-0.0123126459083006,FALSE,0,"","ok"
2023-04-14,2013-03-08,2023-04-06,"student_t",0.99,0.0534983875648223,0.0779518727005816,0.0123126459083006,-0.0123126459083006,FALSE,0,"","ok"
2023-04-21,2013-03-15,2023-04-14,"ewma",0.95,0.0309429076526368,0.0393088872954206,0.0021801718703228,-0.0021801718703228,FALSE,0,"","ok"
2023-04-21,2013-03-15,2023-04-14,"ewma",0.99,0.0445871382047533,0.0513715983452246,0.0021801718703228,-0.0021801718703228,FALSE,0,"","ok"
2023-04-21,2013-03-15,2023-04-14,"filtered_historical",0.95,0.0358779378607693,0.0572522834701111,0.0021801718703228,-0.0021801718703228,FALSE,0,"","ok"
2023-04-21,2013-03-15,2023-04-14,"filtered_historical",0.99,0.0735095565119367,0.0946663166705005,0.0021801718703228,-0.0021801718703228,FALSE,0,"","ok"
2023-04-21,2013-03-15,2023-04-14,"gaussian",0.95,0.0326463403664497,0.0412371627813853,0.0021801718703228,-0.0021801718703228,FALSE,0,"","ok"
2023-04-21,2013-03-15,2023-04-14,"gaussian",0.99,0.0466572711440278,0.0536240693836424,0.0021801718703228,-0.0021801718703228,FALSE,0,"","ok"
2023-04-21,2013-03-15,2023-04-14,"historical",0.95,0.0318656127387663,0.0522496190389464,0.0021801718703228,-0.0021801718703228,FALSE,0,"","ok"
2023-04-21,2013-03-15,2023-04-14,"historical",0.99,0.0544307167519875,0.0873675168570425,0.0021801718703228,-0.0021801718703228,FALSE,0,"","ok"
2023-04-21,2013-03-15,2023-04-14,"student_t",0.95,0.0288089044309955,0.0454648973055029,0.0021801718703228,-0.0021801718703228,FALSE,0,"","ok"
2023-04-21,2013-03-15,2023-04-14,"student_t",0.99,0.0534866006082616,0.0779904243557662,0.0021801718703228,-0.0021801718703228,FALSE,0,"","ok"
2023-04-28,2013-03-22,2023-04-21,"ewma",0.95,0.0303552165078176,0.0384694037282737,0.0016002583132327,-0.0016002583132327,FALSE,0,"","ok"
2023-04-28,2013-03-22,2023-04-21,"ewma",0.99,0.0435887941527784,0.0501690611531877,0.0016002583132327,-0.0016002583132327,FALSE,0,"","ok"
2023-04-28,2013-03-22,2023-04-21,"filtered_historical",0.95,0.0347000522886995,0.0555174072512164,0.0016002583132327,-0.0016002583132327,FALSE,0,"","ok"
2023-04-28,2013-03-22,2023-04-21,"filtered_historical",0.99,0.0712819297348185,0.091813664525615,0.0016002583132327,-0.0016002583132327,FALSE,0,"","ok"
2023-04-28,2013-03-22,2023-04-21,"gaussian",0.95,0.0326485896978777,0.0412393227336839,0.0016002583132327,-0.0016002583132327,FALSE,0,"","ok"
2023-04-28,2013-03-22,2023-04-21,"gaussian",0.99,0.0466593747053845,0.0536261004622574,0.0016002583132327,-0.0016002583132327,FALSE,0,"","ok"
2023-04-28,2013-03-22,2023-04-21,"historical",0.95,0.0318656127387663,0.0522496190389464,0.0016002583132327,-0.0016002583132327,FALSE,0,"","ok"
2023-04-28,2013-03-22,2023-04-21,"historical",0.99,0.0544307167519875,0.0873675168570425,0.0016002583132327,-0.0016002583132327,FALSE,0,"","ok"
2023-04-28,2013-03-22,2023-04-21,"student_t",0.95,0.0288103309978065,0.0454669444157579,0.0016002583132327,-0.0016002583132327,FALSE,0,"","ok"
2023-04-28,2013-03-22,2023-04-21,"student_t",0.99,0.0534885999495441,0.0779945580337299,0.0016002583132327,-0.0016002583132327,FALSE,0.0200000000000102,"","ok"
2023-05-05,2013-03-28,2023-04-28,"ewma",0.95,0.0281899526764725,0.0360586539912431,-0.00989091449289256,0.00989091449289256,FALSE,0,"","ok"
2023-05-05,2013-03-28,2023-04-28,"ewma",0.99,0.0410231628286247,0.0474043510106187,-0.00989091449289256,0.00989091449289256,FALSE,0,"","ok"
2023-05-05,2013-03-28,2023-04-28,"filtered_historical",0.95,0.033566209039565,0.0538277277863777,-0.00989091449289256,0.00989091449289256,FALSE,0,"","ok"
2023-05-05,2013-03-28,2023-04-28,"filtered_historical",0.99,0.0691122527597625,0.0890329522923362,-0.00989091449289256,0.00989091449289256,FALSE,0,"","ok"
2023-05-05,2013-03-28,2023-04-28,"gaussian",0.95,0.0326211903804882,0.0412100068045718,-0.00989091449289256,0.00989091449289256,FALSE,0,"","ok"
2023-05-05,2013-03-28,2023-04-28,"gaussian",0.99,0.0466288495505751,0.0535940210153755,-0.00989091449289256,0.00989091449289256,FALSE,0,"","ok"
2023-05-05,2013-03-28,2023-04-28,"historical",0.95,0.0318656127387663,0.0522496190389464,-0.00989091449289256,0.00989091449289256,FALSE,0,"","ok"
2023-05-05,2013-03-28,2023-04-28,"historical",0.99,0.0544307167519875,0.0873675168570425,-0.00989091449289256,0.00989091449289256,FALSE,0,"","ok"
2023-05-05,2013-03-28,2023-04-28,"student_t",0.95,0.0287538200432068,0.0454341682607068,-0.00989091449289256,0.00989091449289256,FALSE,0,"","ok"
2023-05-05,2013-03-28,2023-04-28,"student_t",0.99,0.0534552193867696,0.0780384769937748,-0.00989091449289256,0.00989091449289256,FALSE,0.0199999999999818,"","ok"
2023-05-12,2013-04-05,2023-05-05,"ewma",0.95,0.0269895870177014,0.034685454660314,-0.00300550696189258,0.00300550696189258,FALSE,0,"","ok"
2023-05-12,2013-04-05,2023-05-05,"ewma",0.99,0.0395409195451421,0.0457819468362716,-0.00300550696189258,0.00300550696189258,FALSE,0,"","ok"
2023-05-12,2013-04-05,2023-05-05,"filtered_historical",0.95,0.0327288457229312,0.0526334371390209,-0.00300550696189258,0.00300550696189258,FALSE,0.0199999999999818,"","ok"
2023-05-12,2013-04-05,2023-05-05,"filtered_historical",0.99,0.0675784731587147,0.0870737808643537,-0.00300550696189258,0.00300550696189258,FALSE,0,"","ok"
2023-05-12,2013-04-05,2023-05-05,"gaussian",0.95,0.0326586721060313,0.0412495334807464,-0.00300550696189258,0.00300550696189258,FALSE,0,"","ok"
2023-05-12,2013-04-05,2023-05-05,"gaussian",0.99,0.0466696664238327,0.0536364962582016,-0.00300550696189258,0.00300550696189258,FALSE,0,"","ok"
2023-05-12,2013-04-05,2023-05-05,"historical",0.95,0.0318656127387663,0.0522496190389464,-0.00300550696189258,0.00300550696189258,FALSE,0,"","ok"
2023-05-12,2013-04-05,2023-05-05,"historical",0.99,0.0544307167519875,0.0873675168570425,-0.00300550696189258,0.00300550696189258,FALSE,0,"","ok"
2023-05-12,2013-04-05,2023-05-05,"student_t",0.95,0.0288218599977285,0.0454773382274625,-0.00300550696189258,0.00300550696189258,FALSE,0,"","ok"
2023-05-12,2013-04-05,2023-05-05,"student_t",0.99,0.0534990513245251,0.0780012100270902,-0.00300550696189258,0.00300550696189258,FALSE,0,"","ok"
2023-05-19,2013-04-12,2023-05-12,"ewma",0.95,0.0266715797738386,0.0341393391380135,0.00834549282879198,-0.00834549282879198,FALSE,0,"","ok"
2023-05-19,2013-04-12,2023-05-12,"ewma",0.99,0.0388508863013674,0.044906927304118,0.00834549282879198,-0.00834549282879198,FALSE,0,"","ok"
2023-05-19,2013-04-12,2023-05-12,"filtered_historical",0.95,0.031734691134837,0.0510704836765846,0.00834549282879198,-0.00834549282879198,FALSE,0,"","ok"
2023-05-19,2013-04-12,2023-05-12,"filtered_historical",0.99,0.0655716167929401,0.0844920153109333,0.00834549282879198,-0.00834549282879198,FALSE,0,"","ok"
2023-05-19,2013-04-12,2023-05-12,"gaussian",0.95,0.0326035533975955,0.041187666114232,0.00834549282879198,-0.00834549282879198,FALSE,0,"","ok"
2023-05-19,2013-04-12,2023-05-12,"gaussian",0.99,0.0466035412044233,0.0535648981589034,0.00834549282879198,-0.00834549282879198,FALSE,0,"","ok"
2023-05-19,2013-04-12,2023-05-12,"historical",0.95,0.0318656127387663,0.0522496190389464,0.00834549282879198,-0.00834549282879198,FALSE,0,"","ok"
2023-05-19,2013-04-12,2023-05-12,"historical",0.99,0.0544307167519875,0.0873675168570425,0.00834549282879198,-0.00834549282879198,FALSE,0,"","ok"
2023-05-19,2013-04-12,2023-05-12,"student_t",0.95,0.0287095630322451,0.045406873181918,0.00834549282879198,-0.00834549282879198,FALSE,0,"","ok"
2023-05-19,2013-04-12,2023-05-12,"student_t",0.99,0.0534245693337965,0.0780733127041109,0.00834549282879198,-0.00834549282879198,FALSE,0,"","ok"
2023-05-26,2013-04-19,2023-05-19,"ewma",0.95,0.0254504880415325,0.032740963679486,-0.00677652367590977,0.00677652367590977,FALSE,0,"","ok"
2023-05-26,2013-04-19,2023-05-19,"ewma",0.99,0.037340659269074,0.0432529305729417,-0.00677652367590977,0.00677652367590977,FALSE,0,"","ok"
2023-05-26,2013-04-19,2023-05-19,"filtered_historical",0.95,0.0310009842044559,0.0498604306351779,-0.00677652367590977,0.00677652367590977,FALSE,0,"","ok"
2023-05-26,2013-04-19,2023-05-19,"filtered_historical",0.99,0.0640180667401913,0.0824868941658878,-0.00677652367590977,0.00677652367590977,FALSE,0,"","ok"
2023-05-26,2013-04-19,2023-05-19,"gaussian",0.95,0.0326003417501064,0.0411769799975553,-0.00677652367590977,0.00677652367590977,FALSE,0,"","ok"
2023-05-26,2013-04-19,2023-05-19,"gaussian",0.99,0.0465881393072319,0.0535434347793226,-0.00677652367590977,0.00677652367590977,FALSE,0,"","ok"
2023-05-26,2013-04-19,2023-05-19,"historical",0.95,0.0318656127387663,0.0522496190389464,-0.00677652367590977,0.00677652367590977,FALSE,0,"","ok"
2023-05-26,2013-04-19,2023-05-19,"historical",0.99,0.0544307167519875,0.0873675168570425,-0.00677652367590977,0.00677652367590977,FALSE,0,"","ok"
2023-05-26,2013-04-19,2023-05-19,"student_t",0.95,0.0286665506207913,0.0453881289597864,-0.00677652367590977,0.00677652367590977,FALSE,0,"","ok"
2023-05-26,2013-04-19,2023-05-19,"student_t",0.99,0.0534002238940468,0.0781453889808595,-0.00677652367590977,0.00677652367590977,FALSE,0,"","ok"
2023-06-02,2013-04-26,2023-05-26,"ewma",0.95,0.0262279266492128,0.0333302545441423,0.00781012030034095,-0.00781012030034095,FALSE,0,"","ok"
2023-06-02,2013-04-26,2023-05-26,"ewma",0.99,0.0378112442513222,0.0435709355923439,0.00781012030034095,-0.00781012030034095,FALSE,0,"","ok"
2023-06-02,2013-04-26,2023-05-26,"filtered_historical",0.95,0.0301807481177215,0.0485712502862381,0.00781012030034095,-0.00781012030034095,FALSE,0,"","ok"
2023-06-02,2013-04-26,2023-05-26,"filtered_historical",0.99,0.0623627374588641,0.0803573994586544,0.00781012030034095,-0.00781012030034095,FALSE,0,"","ok"
2023-06-02,2013-04-26,2023-05-26,"gaussian",0.95,0.032553277721786,0.0411236389292104,0.00781012030034095,-0.00781012030034095,FALSE,0,"","ok"
2023-06-02,2013-04-26,2023-05-26,"gaussian",0.99,0.0465308379385238,0.0534810429932738,0.00781012030034095,-0.00781012030034095,FALSE,0,"","ok"
2023-06-02,2013-04-26,2023-05-26,"historical",0.95,0.0318656127387663,0.0522496190389464,0.00781012030034095,-0.00781012030034095,FALSE,0,"","ok"
2023-06-02,2013-04-26,2023-05-26,"historical",0.99,0.0544307167519875,0.0873675168570425,0.00781012030034095,-0.00781012030034095,FALSE,0,"","ok"
2023-06-02,2013-04-26,2023-05-26,"student_t",0.95,0.028573855272897,0.04532619322887,0.00781012030034095,-0.00781012030034095,FALSE,0,"","ok"
2023-06-02,2013-04-26,2023-05-26,"student_t",0.99,0.0533337208198698,0.0781920805473652,0.00781012030034095,-0.00781012030034095,FALSE,0,"","ok"
2023-06-09,2013-05-03,2023-06-02,"ewma",0.95,0.0262921133364494,0.0332243219096743,-0.00102632685865207,0.00102632685865207,FALSE,0,"","ok"
2023-06-09,2013-05-03,2023-06-02,"ewma",0.99,0.0375979801980817,0.0432197118731097,-0.00102632685865207,0.00102632685865207,FALSE,0,"","ok"
2023-06-09,2013-05-03,2023-06-02,"filtered_historical",0.95,0.0294500613436602,0.0474069108979513,-0.00102632685865207,0.00102632685865207,FALSE,0,"","ok"
2023-06-09,2013-05-03,2023-06-02,"filtered_historical",0.99,0.0608677543719043,0.0784323487601414,-0.00102632685865207,0.00102632685865207,FALSE,0,"","ok"
2023-06-09,2013-05-03,2023-06-02,"gaussian",0.95,0.0325531070644324,0.0411176638600471,-0.00102632685865207,0.00102632685865207,FALSE,0,"","ok"
2023-06-09,2013-05-03,2023-06-02,"gaussian",0.99,0.0465212007588582,0.0534666986780134,-0.00102632685865207,0.00102632685865207,FALSE,0,"","ok"
2023-06-09,2013-05-03,2023-06-02,"historical",0.95,0.0318656127387663,0.0522496190389464,-0.00102632685865207,0.00102632685865207,FALSE,0,"","ok"
2023-06-09,2013-05-03,2023-06-02,"historical",0.99,0.0544307167519875,0.0873675168570425,-0.00102632685865207,0.00102632685865207,FALSE,0,"","ok"
2023-06-09,2013-05-03,2023-06-02,"student_t",0.95,0.0285354939843885,0.0453122475821292,-0.00102632685865207,0.00102632685865207,FALSE,0,"","ok"
2023-06-09,2013-05-03,2023-06-02,"student_t",0.99,0.0533152398125888,0.0782665368473484,-0.00102632685865207,0.00102632685865207,FALSE,0,"","ok"
2023-06-16,2013-05-10,2023-06-09,"ewma",0.95,0.0251139670437907,0.0318358135177635,0.0180247483116462,-0.0180247483116462,FALSE,0,"","ok"
2023-06-16,2013-05-10,2023-06-09,"ewma",0.99,0.0360767504765625,0.0415278872734794,0.0180247483116462,-0.0180247483116462,FALSE,0,"","ok"
2023-06-16,2013-05-10,2023-06-09,"filtered_historical",0.95,0.0285241208799299,0.0459644586108828,0.0180247483116462,-0.0180247483116462,FALSE,0,"","ok"
2023-06-16,2013-05-10,2023-06-09,"filtered_historical",0.99,0.0590155639461296,0.0760511040792057,0.0180247483116462,-0.0180247483116462,FALSE,0,"","ok"
2023-06-16,2013-05-10,2023-06-09,"gaussian",0.95,0.0325684562993354,0.041127902729611,0.0180247483116462,-0.0180247483116462,FALSE,0,"","ok"
2023-06-16,2013-05-10,2023-06-09,"gaussian",0.99,0.0465282154046432,0.0534695690309091,0.0180247483116462,-0.0180247483116462,FALSE,0,"","ok"
2023-06-16,2013-05-10,2023-06-09,"historical",0.95,0.0318656127387663,0.0522496190389464,0.0180247483116462,-0.0180247483116462,FALSE,0,"","ok"
2023-06-16,2013-05-10,2023-06-09,"historical",0.99,0.0544307167519875,0.0873675168570425,0.0180247483116462,-0.0180247483116462,FALSE,0,"","ok"
2023-06-16,2013-05-10,2023-06-09,"student_t",0.95,0.0285097728226461,0.0453140611744798,0.0180247483116462,-0.0180247483116462,FALSE,0,"","ok"
2023-06-16,2013-05-10,2023-06-09,"student_t",0.99,0.0533130198510042,0.078365243424947,0.0180247483116462,-0.0180247483116462,FALSE,0,"","ok"
2023-06-23,2013-05-17,2023-06-16,"ewma",0.95,0.0250102575149041,0.0317834335366256,-0.0189529754370659,0.0189529754370659,FALSE,0,"","ok"
2023-06-23,2013-05-17,2023-06-16,"ewma",0.99,0.0360567552541317,0.0415495181708335,-0.0189529754370659,0.0189529754370659,FALSE,0,"","ok"
2023-06-23,2013-05-17,2023-06-16,"filtered_historical",0.95,0.0287301348527999,0.0463066177978837,-0.0189529754370659,0.0189529754370659,FALSE,0,"","ok"
2023-06-23,2013-05-17,2023-06-16,"filtered_historical",0.99,0.0594544369960969,0.0766291619480454,-0.0189529754370659,0.0189529754370659,FALSE,0,"","ok"
2023-06-23,2013-05-17,2023-06-16,"gaussian",0.95,0.032569993240917,0.0411318888734594,-0.0189529754370659,0.0189529754370659,FALSE,0,"","ok"
2023-06-23,2013-05-17,2023-06-16,"gaussian",0.99,0.0465337467953895,0.053477086622419,-0.0189529754370659,0.0189529754370659,FALSE,0,"","ok"
2023-06-23,2013-05-17,2023-06-16,"historical",0.95,0.0318656127387663,0.0522496190389464,-0.0189529754370659,0.0189529754370659,FALSE,0,"","ok"
2023-06-23,2013-05-17,2023-06-16,"historical",0.99,0.0544307167519875,0.0873675168570425,-0.0189529754370659,0.0189529754370659,FALSE,0,"","ok"
2023-06-23,2013-05-17,2023-06-16,"student_t",0.95,0.0285245390319689,0.0453212596996317,-0.0189529754370659,0.0189529754370659,FALSE,0,"","ok"
2023-06-23,2013-05-17,2023-06-16,"student_t",0.99,0.0533222845181329,0.0783434355885764,-0.0189529754370659,0.0189529754370659,FALSE,0,"","ok"
2023-06-30,2013-05-24,2023-06-23,"ewma",0.95,0.0270875918329731,0.0339349733425852,0.0162650691492135,-0.0162650691492135,FALSE,0,"","ok"
2023-06-30,2013-05-24,2023-06-23,"ewma",0.99,0.0382551126714961,0.0438080531401756,0.0162650691492135,-0.0162650691492135,FALSE,0,"","ok"
2023-06-30,2013-05-24,2023-06-23,"filtered_historical",0.95,0.0290443224880942,0.0468092858318324,0.0162650691492135,-0.0162650691492135,FALSE,0,"","ok"
2023-06-30,2013-05-24,2023-06-23,"filtered_historical",0.99,0.060099561495181,0.0774672712677447,0.0162650691492135,-0.0162650691492135,FALSE,0,"","ok"
2023-06-30,2013-05-24,2023-06-23,"gaussian",0.95,0.0326503275114767,0.0412147816853466,0.0162650691492135,-0.0162650691492135,FALSE,0,"","ok"
2023-06-30,2013-05-24,2023-06-23,"gaussian",0.99,0.0466182538382056,0.0535636685354111,0.0162650691492135,-0.0162650691492135,FALSE,0,"","ok"
2023-06-30,2013-05-24,2023-06-23,"historical",0.95,0.0318656127387663,0.0522496190389464,0.0162650691492135,-0.0162650691492135,FALSE,0,"","ok"
2023-06-30,2013-05-24,2023-06-23,"historical",0.99,0.0544307167519875,0.0873675168570425,0.0162650691492135,-0.0162650691492135,FALSE,0,"","ok"
2023-06-30,2013-05-24,2023-06-23,"student_t",0.95,0.028629299633724,0.0454088611907431,0.0162650691492135,-0.0162650691492135,FALSE,0,"","ok"
2023-06-30,2013-05-24,2023-06-23,"student_t",0.99,0.0534118242187165,0.0783720824532746,0.0162650691492135,-0.0162650691492135,FALSE,0.0199999999999818,"","ok"
2023-07-07,2013-05-31,2023-06-30,"ewma",0.95,0.0259220126592849,0.0327663524496444,-0.0243011250239023,0.0243011250239023,FALSE,0,"","ok"
2023-07-07,2013-05-31,2023-06-30,"ewma",0.99,0.0370845727017589,0.0426350464631419,-0.0243011250239023,0.0243011250239023,FALSE,0,"","ok"
2023-07-07,2013-05-31,2023-06-30,"filtered_historical",0.95,0.0290297653998144,0.0467751335649038,-0.0243011250239023,0.0243011250239023,FALSE,0,"","ok"
2023-07-07,2013-05-31,2023-06-30,"filtered_historical",0.99,0.0600548175253247,0.0774287453228136,-0.0243011250239023,0.0243011250239023,FALSE,0,"","ok"
2023-07-07,2013-05-31,2023-06-30,"gaussian",0.95,0.0326061677716009,0.0411724942128065,-0.0243011250239023,0.0243011250239023,FALSE,0,"","ok"
2023-07-07,2013-05-31,2023-06-30,"gaussian",0.99,0.0465771476136709,0.0535240806415029,-0.0243011250239023,0.0243011250239023,FALSE,0,"","ok"
2023-07-07,2013-05-31,2023-06-30,"historical",0.95,0.0318656127387663,0.0522496190389464,-0.0243011250239023,0.0243011250239023,FALSE,0,"","ok"
2023-07-07,2013-05-31,2023-06-30,"historical",0.99,0.0544307167519875,0.0873675168570425,-0.0243011250239023,0.0243011250239023,FALSE,0,"","ok"
2023-07-07,2013-05-31,2023-06-30,"student_t",0.95,0.0285874467208611,0.0453679083310101,-0.0243011250239023,0.0243011250239023,FALSE,0.0199999999999818,"","ok"
2023-07-07,2013-05-31,2023-06-30,"student_t",0.99,0.0533725595735831,0.078329755318274,-0.0243011250239023,0.0243011250239023,FALSE,0,"","ok"
2023-07-14,2013-06-07,2023-07-07,"ewma",0.95,0.0284071432311582,0.0354938248959025,0.0240536314310147,-0.0240536314310147,FALSE,0,"","ok"
2023-07-14,2013-06-07,2023-07-07,"ewma",0.99,0.0399649431077848,0.0457119460094877,0.0240536314310147,-0.0240536314310147,FALSE,0,"","ok"
2023-07-14,2013-06-07,2023-07-07,"filtered_historical",0.95,0.0300558231813868,0.0484167907842099,0.0240536314310147,-0.0240536314310147,FALSE,0,"","ok"
2023-07-14,2013-06-07,2023-07-07,"filtered_historical",0.99,0.0621613544546419,0.0801657860078566,0.0240536314310147,-0.0240536314310147,FALSE,0,"","ok"
2023-07-14,2013-06-07,2023-07-07,"gaussian",0.95,0.0326697973727526,0.0412458527732276,0.0240536314310147,-0.0240536314310147,FALSE,0.0199999999999818,"","ok"
2023-07-14,2013-06-07,2023-07-07,"gaussian",0.99,0.0466566443539948,0.0536114671615286,0.0240536314310147,-0.0240536314310147,FALSE,0,"","ok"
2023-07-14,2013-06-07,2023-07-07,"historical",0.95,0.0318656127387663,0.0522496190389464,0.0240536314310147,-0.0240536314310147,FALSE,0,"","ok"
2023-07-14,2013-06-07,2023-07-07,"historical",0.99,0.0544307167519875,0.0873675168570425,0.0240536314310147,-0.0240536314310147,FALSE,0,"","ok"
2023-07-14,2013-06-07,2023-07-07,"student_t",0.95,0.0286859936917291,0.0454509903954848,0.0240536314310147,-0.0240536314310147,FALSE,0,"","ok"
2023-07-14,2013-06-07,2023-07-07,"student_t",0.99,0.0534638797456007,0.0783434364747858,0.0240536314310147,-0.0240536314310147,FALSE,0,"","ok"
2023-07-21,2013-06-14,2023-07-14,"ewma",0.95,0.0269661907635513,0.0342647650563447,0.0186638504381605,-0.0186638504381605,FALSE,0,"","ok"
2023-07-21,2013-06-14,2023-07-14,"ewma",0.99,0.0388695702366918,0.0447884092114479,0.0186638504381605,-0.0186638504381605,FALSE,0,"","ok"
2023-07-21,2013-06-14,2023-07-14,"filtered_historical",0.95,0.0309522680888575,0.0498468112455095,0.0186638504381605,-0.0186638504381605,FALSE,0,"","ok"
2023-07-21,2013-06-14,2023-07-14,"filtered_historical",0.99,0.0639955787760982,0.0825571877623838,0.0186638504381605,-0.0186638504381605,FALSE,0,"","ok"
2023-07-21,2013-06-14,2023-07-14,"gaussian",0.95,0.0326383486709615,0.0412226418209711,0.0186638504381605,-0.0186638504381605,FALSE,0,"","ok"
2023-07-21,2013-06-14,2023-07-14,"gaussian",0.99,0.0466386307499065,0.0536001340283176,0.0186638504381605,-0.0186638504381605,FALSE,0,"","ok"
2023-07-21,2013-06-14,2023-07-14,"historical",0.95,0.0318656127387663,0.0522496190389464,0.0186638504381605,-0.0186638504381605,FALSE,0,"","ok"
2023-07-21,2013-06-14,2023-07-14,"historical",0.99,0.0544307167519875,0.0873675168570425,0.0186638504381605,-0.0186638504381605,FALSE,0,"","ok"
2023-07-21,2013-06-14,2023-07-14,"student_t",0.95,0.0286763372683553,0.0454348189279194,0.0186638504381605,-0.0186638504381605,FALSE,0,"","ok"
2023-07-21,2013-06-14,2023-07-14,"student_t",0.99,0.0534547585752645,0.0782890356528084,0.0186638504381605,-0.0186638504381605,FALSE,0,"","ok"
2023-07-28,2013-06-21,2023-07-21,"ewma",0.95,0.0268432936983834,0.0341728482355218,0.0070296905237838,-0.0070296905237838,FALSE,0,"","ok"
2023-07-28,2013-06-21,2023-07-21,"ewma",0.99,0.0387971994236131,0.0447411620828479,0.0070296905237838,-0.0070296905237838,FALSE,0,"","ok"
2023-07-28,2013-06-21,2023-07-21,"filtered_historical",0.95,0.0310819618279071,0.0500451368245314,0.0070296905237838,-0.0070296905237838,FALSE,0,"","ok"
2023-07-28,2013-06-21,2023-07-21,"filtered_historical",0.99,0.0642486679730484,0.0829033877136769,0.0070296905237838,-0.0070296905237838,FALSE,0,"","ok"
2023-07-28,2013-06-21,2023-07-21,"gaussian",0.95,0.0325845197425603,0.0411707241875708,0.0070296905237838,-0.0070296905237838,FALSE,0,"","ok"
2023-07-28,2013-06-21,2023-07-21,"gaussian",0.99,0.0465879189877858,0.0535509722466301,0.0070296905237838,-0.0070296905237838,FALSE,0,"","ok"
2023-07-28,2013-06-21,2023-07-21,"historical",0.95,0.0318656127387663,0.0522496190389464,0.0070296905237838,-0.0070296905237838,FALSE,0,"","ok"
2023-07-28,2013-06-21,2023-07-21,"historical",0.99,0.0544307167519875,0.0873675168570425,0.0070296905237838,-0.0070296905237838,FALSE,0,"","ok"
2023-07-28,2013-06-21,2023-07-21,"student_t",0.95,0.0286181912229158,0.0453834468473967,0.0070296905237838,-0.0070296905237838,FALSE,0,"","ok"
2023-07-28,2013-06-21,2023-07-21,"student_t",0.99,0.0534052631012429,0.0782543635055016,0.0070296905237838,-0.0070296905237838,FALSE,0.0200000000000102,"","ok"
2023-08-04,2013-06-28,2023-07-28,"ewma",0.95,0.0239616681603851,0.0311042681043786,-0.020010214342571,0.020010214342571,FALSE,0,"","ok"
2023-08-04,2013-06-28,2023-07-28,"ewma",0.99,0.035610666190334,0.0414030164814508,-0.020010214342571,0.020010214342571,FALSE,0,"","ok"
2023-08-04,2013-06-28,2023-07-28,"filtered_historical",0.95,0.0302911346041054,0.0487841822705122,-0.020010214342571,0.020010214342571,FALSE,0,"","ok"
2023-08-04,2013-06-28,2023-07-28,"filtered_historical",0.99,0.0626316087557852,0.0807937294824657,-0.020010214342571,0.020010214342571,FALSE,0,"","ok"
2023-08-04,2013-06-28,2023-07-28,"gaussian",0.95,0.0324656352437712,0.0410378264901158,-0.020010214342571,0.020010214342571,FALSE,0,"","ok"
2023-08-04,2013-06-28,2023-07-28,"gaussian",0.99,0.0464461801047484,0.0533978692446433,-0.020010214342571,0.020010214342571,FALSE,0,"","ok"
2023-08-04,2013-06-28,2023-07-28,"historical",0.95,0.0318656127387663,0.0522496190389464,-0.020010214342571,0.020010214342571,FALSE,0,"","ok"
2023-08-04,2013-06-28,2023-07-28,"historical",0.99,0.0544307167519875,0.0873675168570425,-0.020010214342571,0.020010214342571,FALSE,0,"","ok"
2023-08-04,2013-06-28,2023-07-28,"student_t",0.95,0.0284304783522052,0.0452343000023571,-0.020010214342571,0.020010214342571,FALSE,0,"","ok"
2023-08-04,2013-06-28,2023-07-28,"student_t",0.99,0.0532446869429017,0.0782555269216342,-0.020010214342571,0.020010214342571,FALSE,0,"","ok"
2023-08-11,2013-07-05,2023-08-04,"ewma",0.95,0.0242871018584235,0.0315086364918924,-0.00422703782172281,0.00422703782172281,FALSE,0,"","ok"
2023-08-11,2013-07-05,2023-08-04,"ewma",0.99,0.0360648359297864,0.0419211989578823,-0.00422703782172281,0.00422703782172281,FALSE,0,"","ok"
2023-08-11,2013-07-05,2023-08-04,"filtered_historical",0.95,0.0306237945338177,0.0493068549663098,-0.00422703782172281,0.00422703782172281,FALSE,0,"","ok"
2023-08-11,2013-07-05,2023-08-04,"filtered_historical",0.99,0.0633007605266106,0.0816813557406098,-0.00422703782172281,0.00422703782172281,FALSE,0,"","ok"
2023-08-11,2013-07-05,2023-08-04,"gaussian",0.95,0.0325532451755721,0.0411318644024763,-0.00422703782172281,0.00422703782172281,FALSE,0,"","ok"
2023-08-11,2013-07-05,2023-08-04,"gaussian",0.99,0.0465442735486405,0.0535011755123471,-0.00422703782172281,0.00422703782172281,FALSE,0,"","ok"
2023-08-11,2013-07-05,2023-08-04,"historical",0.95,0.0318656127387663,0.0522496190389464,-0.00422703782172281,0.00422703782172281,FALSE,0,"","ok"
2023-08-11,2013-07-05,2023-08-04,"historical",0.99,0.0544307167519875,0.0873675168570425,-0.00422703782172281,0.00422703782172281,FALSE,0,"","ok"
2023-08-11,2013-07-05,2023-08-04,"student_t",0.95,0.0285638307358027,0.0453377242073229,-0.00422703782172281,0.00422703782172281,FALSE,0,"","ok"
2023-08-11,2013-07-05,2023-08-04,"student_t",0.99,0.0533531131233021,0.0782520097938005,-0.00422703782172281,0.00422703782172281,FALSE,0,"","ok"
2023-08-18,2013-07-12,2023-08-11,"ewma",0.95,0.024267454670724,0.03128234733181,-0.0283622717877587,0.0283622717877587,TRUE,0,"","ok"
2023-08-18,2013-07-12,2023-08-11,"ewma",0.99,0.035708172536774,0.0413969575543031,-0.0283622717877587,0.0283622717877587,FALSE,0,"","ok"
2023-08-18,2013-07-12,2023-08-11,"filtered_historical",0.95,0.0297476227739361,0.047896881846826,-0.0283622717877587,0.0283622717877587,FALSE,0,"","ok"
2023-08-18,2013-07-12,2023-08-11,"filtered_historical",0.99,0.0614907330345393,0.0793443664760027,-0.0283622717877587,0.0283622717877587,FALSE,0,"","ok"
2023-08-18,2013-07-12,2023-08-11,"gaussian",0.95,0.0325741390815779,0.0411459232334724,-0.0283622717877587,0.0283622717877587,FALSE,0,"","ok"
2023-08-18,2013-07-12,2023-08-11,"gaussian",0.99,0.0465540200047054,0.0535053790080007,-0.0283622717877587,0.0283622717877587,FALSE,0,"","ok"
2023-08-18,2013-07-12,2023-08-11,"historical",0.95,0.0318656127387663,0.0522496190389464,-0.0283622717877587,0.0283622717877587,FALSE,0,"","ok"
2023-08-18,2013-07-12,2023-08-11,"historical",0.99,0.0544307167519875,0.0873675168570425,-0.0283622717877587,0.0283622717877587,FALSE,0,"","ok"
2023-08-18,2013-07-12,2023-08-11,"student_t",0.95,0.0285457107478412,0.0453430695013305,-0.0283622717877587,0.0283622717877587,FALSE,0,"","ok"
2023-08-18,2013-07-12,2023-08-11,"student_t",0.99,0.0533529565760365,0.0783451569095193,-0.0283622717877587,0.0283622717877587,FALSE,0,"","ok"
2023-08-25,2013-07-19,2023-08-18,"ewma",0.95,0.028789460127754,0.0361842953198863,0.00932189546225386,-0.00932189546225386,FALSE,0,"","ok"
2023-08-25,2013-07-19,2023-08-18,"ewma",0.99,0.0408498332776442,0.0468467358220641,0.00932189546225386,-0.00932189546225386,FALSE,0,"","ok"
2023-08-25,2013-07-19,2023-08-18,"filtered_historical",0.95,0.0313618051149146,0.0505145754738877,0.00932189546225386,-0.00932189546225386,FALSE,0,"","ok"
2023-08-25,2013-07-19,2023-08-18,"filtered_historical",0.99,0.0648539502517292,0.0836493026606379,0.00932189546225386,-0.00932189546225386,FALSE,0.0100000000000193,"","ok"
2023-08-25,2013-07-19,2023-08-18,"gaussian",0.95,0.032694470686739,0.0412694368371221,0.00932189546225386,-0.00932189546225386,FALSE,0,"","ok"
2023-08-25,2013-07-19,2023-08-18,"gaussian",0.99,0.0466795411899096,0.0536334806611042,0.00932189546225386,-0.00932189546225386,FALSE,0,"","ok"
2023-08-25,2013-07-19,2023-08-18,"historical",0.95,0.0318656127387663,0.0522496190389464,0.00932189546225386,-0.00932189546225386,FALSE,0,"","ok"
2023-08-25,2013-07-19,2023-08-18,"historical",0.99,0.0544307167519875,0.0873675168570425,0.00932189546225386,-0.00932189546225386,FALSE,0,"","ok"
2023-08-25,2013-07-19,2023-08-18,"student_t",0.95,0.0286882175261516,0.0454712065169795,0.00932189546225386,-0.00932189546225386,FALSE,0,"","ok"
2023-08-25,2013-07-19,2023-08-18,"student_t",0.99,0.0534835951030106,0.0784217053558869,0.00932189546225386,-0.00932189546225386,FALSE,0,"","ok"
2023-09-01,2013-07-26,2023-08-25,"ewma",0.95,0.0280182120214454,0.0352509809075448,0.0208496663773851,-0.0208496663773851,FALSE,0,"","ok"
2023-09-01,2013-07-26,2023-08-25,"ewma",0.99,0.0398142682426959,0.0456797417805508,0.0208496663773851,-0.0208496663773851,FALSE,0,"","ok"
2023-09-01,2013-07-26,2023-08-25,"filtered_historical",0.95,0.03067156455737,0.0493845744259242,0.0208496663773851,-0.0208496663773851,FALSE,0,"","ok"
2023-09-01,2013-07-26,2023-08-25,"filtered_historical",0.99,0.0634006621816703,0.0818087496030555,0.0208496663773851,-0.0208496663773851,FALSE,0,"","ok"
2023-09-01,2013-07-26,2023-08-25,"gaussian",0.95,0.032694898348774,0.0412696196853769,0.0208496663773851,-0.0208496663773851,FALSE,0,"","ok"
2023-09-01,2013-07-26,2023-08-25,"gaussian",0.99,0.0466795695806338,0.0536333105180756,0.0208496663773851,-0.0208496663773851,FALSE,0,"","ok"
2023-09-01,2013-07-26,2023-08-25,"historical",0.95,0.0318656127387663,0.0522496190389464,0.0208496663773851,-0.0208496663773851,FALSE,0,"","ok"
2023-09-01,2013-07-26,2023-08-25,"historical",0.99,0.0544307167519875,0.0873675168570425,0.0208496663773851,-0.0208496663773851,FALSE,0,"","ok"
2023-09-01,2013-07-26,2023-08-25,"student_t",0.95,0.0286860628189736,0.0454709274989751,0.0208496663773851,-0.0208496663773851,FALSE,0.0100000000000193,"","ok"
2023-09-01,2013-07-26,2023-08-25,"student_t",0.99,0.0534831442196835,0.0784277755847838,0.0208496663773851,-0.0208496663773851,FALSE,0,"","ok"
2023-09-08,2013-08-02,2023-09-01,"ewma",0.95,0.0279739495987491,0.0353039114244409,-0.0055506038162205,0.0055506038162205,FALSE,0,"","ok"
2023-09-08,2013-08-02,2023-09-01,"ewma",0.99,0.039928519578395,0.0458728125316389,-0.0055506038162205,0.0055506038162205,FALSE,0,"","ok"
2023-09-08,2013-08-02,2023-09-01,"filtered_historical",0.95,0.0310697076425303,0.0500181480616615,-0.0055506038162205,0.0055506038162205,FALSE,0,"","ok"
2023-09-08,2013-08-02,2023-09-01,"filtered_historical",0.99,0.064209909618559,0.0828983412849438,-0.0055506038162205,0.0055506038162205,FALSE,0,"","ok"
2023-09-08,2013-08-02,2023-09-01,"gaussian",0.95,0.0326699363117826,0.0412513701816873,-0.0055506038162205,0.0055506038162205,FALSE,0,"","ok"
2023-09-08,2013-08-02,2023-09-01,"gaussian",0.99,0.0466655551380507,0.0536247396596958,-0.0055506038162205,0.0055506038162205,FALSE,0,"","ok"
2023-09-08,2013-08-02,2023-09-01,"historical",0.95,0.0318656127387663,0.0522496190389464,-0.0055506038162205,0.0055506038162205,FALSE,0,"","ok"
2023-09-08,2013-08-02,2023-09-01,"historical",0.99,0.0544307167519875,0.0873675168570425,-0.0055506038162205,0.0055506038162205,FALSE,0,"","ok"
2023-09-08,2013-08-02,2023-09-01,"student_t",0.95,0.0286943170443134,0.0454604169929243,-0.0055506038162205,0.0055506038162205,FALSE,0,"","ok"
2023-09-08,2013-08-02,2023-09-01,"student_t",0.99,0.0534780709889853,0.0783444234449945,-0.0055506038162205,0.0055506038162205,FALSE,0,"","ok"
2023-09-15,2013-08-09,2023-09-08,"ewma",0.95,0.0275707420112869,0.0347000763973356,0.0146793858120293,-0.0146793858120293,FALSE,0,"","ok"
2023-09-15,2013-08-09,2023-09-08,"ewma",0.99,0.0391981049980335,0.0449796974756054,0.0146793858120293,-0.0146793858120293,FALSE,0,"","ok"
2023-09-15,2013-08-09,2023-09-08,"filtered_historical",0.95,0.0302052152237351,0.0486286962056602,0.0146793858120293,-0.0146793858120293,FALSE,0,"","ok"
2023-09-15,2013-08-09,2023-09-08,"filtered_historical",0.99,0.0624228572223854,0.0806225964063093,0.0146793858120293,-0.0146793858120293,FALSE,0,"","ok"
2023-09-15,2013-08-09,2023-09-08,"gaussian",0.95,0.0326979870488268,0.0412778011823993,0.0146793858120293,-0.0146793858120293,FALSE,0,"","ok"
2023-09-15,2013-08-09,2023-09-08,"gaussian",0.99,0.0466909642172265,0.0536488352003437,0.0146793858120293,-0.0146793858120293,FALSE,0,"","ok"
2023-09-15,2013-08-09,2023-09-08,"historical",0.95,0.0318656127387663,0.0522496190389464,0.0146793858120293,-0.0146793858120293,FALSE,0,"","ok"
2023-09-15,2013-08-09,2023-09-08,"historical",0.99,0.0544307167519875,0.0873675168570425,0.0146793858120293,-0.0146793858120293,FALSE,0,"","ok"
2023-09-15,2013-08-09,2023-09-08,"student_t",0.95,0.0287121181755514,0.0454847433828954,0.0146793858120293,-0.0146793858120293,FALSE,0,"","ok"
2023-09-15,2013-08-09,2023-09-08,"student_t",0.99,0.0535011522306885,0.0783924730253192,0.0146793858120293,-0.0146793858120293,FALSE,0,"","ok"
2023-09-22,2013-08-16,2023-09-15,"ewma",0.95,0.0266972387623473,0.0337707993850898,-0.0165542194535158,0.0165542194535158,FALSE,0,"","ok"
2023-09-22,2013-08-16,2023-09-15,"ewma",0.99,0.0382336392894893,0.0439700015740423,-0.0165542194535158,0.0165542194535158,FALSE,0,"","ok"
2023-09-22,2013-08-16,2023-09-15,"filtered_historical",0.95,0.0299516835070822,0.0482230117953303,-0.0165542194535158,0.0165542194535158,FALSE,0,"","ok"
2023-09-22,2013-08-16,2023-09-15,"filtered_historical",0.99,0.0618972896719738,0.0799833824335058,-0.0165542194535158,0.0165542194535158,FALSE,0,"","ok"
2023-09-22,2013-08-16,2023-09-15,"gaussian",0.95,0.0326543713248033,0.041235279742046,-0.0165542194535158,0.0165542194535158,FALSE,0,"","ok"
2023-09-22,2013-08-16,2023-09-15,"gaussian",0.99,0.0466491331806304,0.0536078915821085,-0.0165542194535158,0.0165542194535158,FALSE,0,"","ok"
2023-09-22,2013-08-16,2023-09-15,"historical",0.95,0.0318656127387663,0.0522496190389464,-0.0165542194535158,0.0165542194535158,FALSE,0,"","ok"
2023-09-22,2013-08-16,2023-09-15,"historical",0.99,0.0544307167519875,0.0873675168570425,-0.0165542194535158,0.0165542194535158,FALSE,0,"","ok"
2023-09-22,2013-08-16,2023-09-15,"student_t",0.95,0.0286662154306464,0.0454425436876438,-0.0165542194535158,0.0165542194535158,FALSE,0,"","ok"
2023-09-22,2013-08-16,2023-09-15,"student_t",0.99,0.0534600170529214,0.0783593031788107,-0.0165542194535158,0.0165542194535158,FALSE,0,"","ok"
2023-09-29,2013-08-23,2023-09-22,"ewma",0.95,0.0269938891378747,0.0340581735098599,-0.00867473439588031,0.00867473439588031,FALSE,0,"","ok"
2023-09-29,2013-08-23,2023-09-22,"ewma",0.99,0.0385151608565095,0.0442440004890596,-0.00867473439588031,0.00867473439588031,FALSE,0,"","ok"
2023-09-29,2013-08-23,2023-09-22,"filtered_historical",0.95,0.029904986771139,0.0481487999030977,-0.00867473439588031,0.00867473439588031,FALSE,0,"","ok"
2023-09-29,2013-08-23,2023-09-22,"filtered_historical",0.99,0.0617997236321284,0.0798747518306168,-0.00867473439588031,0.00867473439588031,FALSE,0,"","ok"
2023-09-29,2013-08-23,2023-09-22,"gaussian",0.95,0.0326522893843745,0.0412328859714159,-0.00867473439588031,0.00867473439588031,FALSE,0,"","ok"
2023-09-29,2013-08-23,2023-09-22,"gaussian",0.99,0.046646542670573,0.0536050481907794,-0.00867473439588031,0.00867473439588031,FALSE,0,"","ok"
2023-09-29,2013-08-23,2023-09-22,"historical",0.95,0.0318656127387663,0.0522496190389464,-0.00867473439588031,0.00867473439588031,FALSE,0,"","ok"
2023-09-29,2013-08-23,2023-09-22,"historical",0.99,0.0544307167519875,0.0873675168570425,-0.00867473439588031,0.00867473439588031,FALSE,0,"","ok"
2023-09-29,2013-08-23,2023-09-22,"student_t",0.95,0.0286627479732156,0.0454398115266533,-0.00867473439588031,0.00867473439588031,FALSE,0.00999999999999091,"","ok"
2023-09-29,2013-08-23,2023-09-22,"student_t",0.99,0.053457029471837,0.0783595316419002,-0.00867473439588031,0.00867473439588031,FALSE,0,"","ok"
2023-10-06,2013-08-30,2023-09-29,"ewma",0.95,0.0266558184446426,0.0335622085972966,-0.00508751813474249,0.00508751813474249,FALSE,0,"","ok"
2023-10-06,2013-08-30,2023-09-29,"ewma",0.99,0.0379195775678147,0.0435203715818954,-0.00508751813474249,0.00508751813474249,FALSE,0,"","ok"
2023-10-06,2013-08-30,2023-09-29,"filtered_historical",0.95,0.0291562760693849,0.0470492582595081,-0.00508751813474249,0.00508751813474249,FALSE,0,"","ok"
2023-10-06,2013-08-30,2023-09-29,"filtered_historical",0.99,0.06036416177534,0.0780770811864292,-0.00508751813474249,0.00508751813474249,FALSE,0,"","ok"
2023-10-06,2013-08-30,2023-09-29,"gaussian",0.95,0.0326796208468617,0.0412620888788527,-0.00508751813474249,0.00508751813474249,FALSE,0,"","ok"
2023-10-06,2013-08-30,2023-09-29,"gaussian",0.99,0.0466769263071568,0.0536369494910689,-0.00508751813474249,0.00508751813474249,FALSE,0,"","ok"
2023-10-06,2013-08-30,2023-09-29,"historical",0.95,0.0318656127387663,0.0522496190389464,-0.00508751813474249,0.00508751813474249,FALSE,0,"","ok"
2023-10-06,2013-08-30,2023-09-29,"historical",0.99,0.0544307167519875,0.0873675168570425,-0.00508751813474249,0.00508751813474249,FALSE,0,"","ok"
2023-10-06,2013-08-30,2023-09-29,"student_t",0.95,0.0287200016192008,0.0454735464099385,-0.00508751813474249,0.00508751813474249,FALSE,0,"","ok"
2023-10-06,2013-08-30,2023-09-29,"student_t",0.99,0.05349173944965,0.0783165412923954,-0.00508751813474249,0.00508751813474249,FALSE,0,"","ok"
2023-10-13,2013-09-06,2023-10-06,"ewma",0.95,0.0265788509779283,0.0332950619528573,0.00920000609418831,-0.00920000609418831,FALSE,0,"","ok"
2023-10-13,2013-09-06,2023-10-06,"ewma",0.99,0.0375324433713342,0.0429790100138558,0.00920000609418831,-0.00920000609418831,FALSE,0,"","ok"
2023-10-13,2013-09-06,2023-10-06,"filtered_historical",0.95,0.0283534085073382,0.0457461869465643,0.00920000609418831,-0.00920000609418831,FALSE,0,"","ok"
2023-10-13,2013-09-06,2023-10-06,"filtered_historical",0.99,0.0586783801867139,0.0759217203112697,0.00920000609418831,-0.00920000609418831,FALSE,0,"","ok"
2023-10-13,2013-09-06,2023-10-06,"gaussian",0.95,0.0326417374629755,0.0412196167375378,0.00920000609418831,-0.00920000609418831,FALSE,0,"","ok"
2023-10-13,2013-09-06,2023-10-06,"gaussian",0.99,0.0466315590341173,0.0535878609273738,0.00920000609418831,-0.00920000609418831,FALSE,0,"","ok"
2023-10-13,2013-09-06,2023-10-06,"historical",0.95,0.0318656127387663,0.0522496190389464,0.00920000609418831,-0.00920000609418831,FALSE,0,"","ok"
2023-10-13,2013-09-06,2023-10-06,"historical",0.99,0.0544307167519875,0.0873675168570425,0.00920000609418831,-0.00920000609418831,FALSE,0,"","ok"
2023-10-13,2013-09-06,2023-10-06,"student_t",0.95,0.0286377411683595,0.0454232695889559,0.00920000609418831,-0.00920000609418831,FALSE,0,"","ok"
2023-10-13,2013-09-06,2023-10-06,"student_t",0.99,0.0534383025937431,0.0783751756409601,0.00920000609418831,-0.00920000609418831,FALSE,0,"","ok"
2023-10-20,2013-09-13,2023-10-13,"ewma",0.95,0.0252412621428999,0.0318206057462014,-0.0252824837725011,0.0252824837725011,TRUE,0,"","ok"
2023-10-20,2013-09-13,2023-10-13,"ewma",0.99,0.0359716350147094,0.041307207934202,-0.0252824837725011,0.0252824837725011,FALSE,0,"","ok"
2023-10-20,2013-09-13,2023-10-13,"filtered_historical",0.95,0.027775604068986,0.0448085989420377,-0.0252824837725011,0.0252824837725011,FALSE,0,"","ok"
2023-10-20,2013-09-13,2023-10-13,"filtered_historical",0.99,0.0574657490340571,0.074370692178888,-0.0252824837725011,0.0252824837725011,FALSE,0,"","ok"
2023-10-20,2013-09-13,2023-10-13,"gaussian",0.95,0.0326422340298668,0.0412163659336539,-0.0252824837725011,0.0252824837725011,FALSE,0,"","ok"
2023-10-20,2013-09-13,2023-10-13,"gaussian",0.99,0.0466259439448721,0.0535792068769141,-0.0252824837725011,0.0252824837725011,FALSE,0,"","ok"
2023-10-20,2013-09-13,2023-10-13,"historical",0.95,0.0318656127387663,0.0522496190389464,-0.0252824837725011,0.0252824837725011,FALSE,0,"","ok"
2023-10-20,2013-09-13,2023-10-13,"historical",0.99,0.0544307167519875,0.0873675168570425,-0.0252824837725011,0.0252824837725011,FALSE,0,"","ok"
2023-10-20,2013-09-13,2023-10-13,"student_t",0.95,0.0286104542563599,0.0454143631128682,-0.0252824837725011,0.0252824837725011,FALSE,0,"","ok"
2023-10-20,2013-09-13,2023-10-13,"student_t",0.99,0.0534264856489677,0.0784315352926238,-0.0252824837725011,0.0252824837725011,FALSE,0,"","ok"
2023-10-27,2013-09-20,2023-10-20,"ewma",0.95,0.0280944454189768,0.0349782698566177,-0.0203300310685276,0.0203300310685276,FALSE,0,"","ok"
2023-10-27,2013-09-20,2023-10-20,"ewma",0.99,0.0393214017011956,0.0449038958627085,-0.0203300310685276,0.0203300310685276,FALSE,0,"","ok"
2023-10-27,2013-09-20,2023-10-20,"filtered_historical",0.95,0.0290610117909766,0.0468686959294349,-0.0203300310685276,0.0203300310685276,FALSE,0,"","ok"
2023-10-27,2013-09-20,2023-10-20,"filtered_historical",0.99,0.0600822093956179,0.077802633460394,-0.0203300310685276,0.0203300310685276,FALSE,0,"","ok"
2023-10-27,2013-09-20,2023-10-20,"gaussian",0.95,0.0327584381659778,0.041343572887489,-0.0203300310685276,0.0203300310685276,FALSE,0,"","ok"
2023-10-27,2013-09-20,2023-10-20,"gaussian",0.99,0.0467600927794118,0.0537222785371681,-0.0203300310685276,0.0203300310685276,FALSE,0,"","ok"
2023-10-27,2013-09-20,2023-10-20,"historical",0.95,0.0318656127387663,0.0522496190389464,-0.0203300310685276,0.0203300310685276,FALSE,0,"","ok"
2023-10-27,2013-09-20,2023-10-20,"historical",0.99,0.0544307167519875,0.0873675168570425,-0.0203300310685276,0.0203300310685276,FALSE,0,"","ok"
2023-10-27,2013-09-20,2023-10-20,"student_t",0.95,0.0287760124596394,0.0455538323639652,-0.0203300310685276,0.0203300310685276,FALSE,0,"","ok"
2023-10-27,2013-09-20,2023-10-20,"student_t",0.99,0.0535750698982554,0.078465884108942,-0.0203300310685276,0.0203300310685276,FALSE,0,"","ok"
2023-11-03,2013-09-27,2023-10-27,"ewma",0.95,0.0294814383373261,0.0364724189500021,0.0372287971774302,-0.0372287971774302,FALSE,0,"","ok"
2023-11-03,2013-09-27,2023-10-27,"ewma",0.99,0.0408831576024458,0.0465525509472431,0.0372287971774302,-0.0372287971774302,FALSE,0,"","ok"
2023-11-03,2013-09-27,2023-10-27,"filtered_historical",0.95,0.0295133863178857,0.0475785410815579,0.0372287971774302,-0.0372287971774302,FALSE,0,"","ok"
2023-11-03,2013-09-27,2023-10-27,"filtered_historical",0.99,0.0609545758726865,0.0789993738581163,0.0372287971774302,-0.0372287971774302,FALSE,0,"","ok"
2023-11-03,2013-09-27,2023-10-27,"gaussian",0.95,0.0328437422654576,0.041436989603898,0.0372287971774302,-0.0372287971774302,FALSE,0,"","ok"
2023-11-03,2013-09-27,2023-10-27,"gaussian",0.99,0.0468586278955196,0.0538273926468357,0.0372287971774302,-0.0372287971774302,FALSE,0,"","ok"
2023-11-03,2013-09-27,2023-10-27,"historical",0.95,0.0318656127387663,0.0522496190389464,0.0372287971774302,-0.0372287971774302,FALSE,0,"","ok"
2023-11-03,2013-09-27,2023-10-27,"historical",0.99,0.0544307167519875,0.0873675168570425,0.0372287971774302,-0.0372287971774302,FALSE,0,"","ok"
2023-11-03,2013-09-27,2023-10-27,"student_t",0.95,0.0289240270302859,0.0456585579523846,0.0372287971774302,-0.0372287971774302,FALSE,0,"","ok"
2023-11-03,2013-09-27,2023-10-27,"student_t",0.99,0.0536855024054675,0.078419493308916,0.0372287971774302,-0.0372287971774302,FALSE,0,"","ok"
2023-11-10,2013-10-04,2023-11-03,"ewma",0.95,0.0316101804771753,0.0393858776331009,0.00267526956889736,-0.00267526956889736,FALSE,0,"","ok"
2023-11-10,2013-10-04,2023-11-03,"ewma",0.99,0.0442917084307363,0.0505974741236108,0.00267526956889736,-0.00267526956889736,FALSE,0,"","ok"
2023-11-10,2013-10-04,2023-11-03,"filtered_historical",0.95,0.0328261751425766,0.0528995234478958,0.00267526956889736,-0.00267526956889736,FALSE,0,"","ok"
2023-11-10,2013-10-04,2023-11-03,"filtered_historical",0.99,0.0677336947849097,0.0878524576573547,0.00267526956889736,-0.00267526956889736,FALSE,0,"","ok"
2023-11-10,2013-10-04,2023-11-03,"gaussian",0.95,0.0328379289682235,0.0414536143750594,0.00267526956889736,-0.00267526956889736,FALSE,0,"","ok"
2023-11-10,2013-10-04,2023-11-03,"gaussian",0.99,0.0468894092580152,0.0538763703458224,0.00267526956889736,-0.00267526956889736,FALSE,0,"","ok"
2023-11-10,2013-10-04,2023-11-03,"historical",0.95,0.0318656127387663,0.0522496190389464,0.00267526956889736,-0.00267526956889736,FALSE,0,"","ok"
2023-11-10,2013-10-04,2023-11-03,"historical",0.99,0.0544307167519875,0.0873675168570425,0.00267526956889736,-0.00267526956889736,FALSE,0,"","ok"
2023-11-10,2013-10-04,2023-11-03,"student_t",0.95,0.0289042140420153,0.0456858217763245,0.00267526956889736,-0.00267526956889736,FALSE,0,"","ok"
2023-11-10,2013-10-04,2023-11-03,"student_t",0.99,0.0537338451026745,0.0785426916804877,0.00267526956889736,-0.00267526956889736,FALSE,0,"","ok"
2023-11-17,2013-10-11,2023-11-10,"ewma",0.95,0.0296158905382776,0.0371596799325302,0.0207312571805476,-0.0207312571805476,FALSE,0,"","ok"
2023-11-17,2013-10-11,2023-11-10,"ewma",0.99,0.0419191958446176,0.0480368940268697,0.0207312571805476,-0.0207312571805476,FALSE,0,"","ok"
2023-11-17,2013-10-11,2023-11-10,"filtered_historical",0.95,0.0318471446182198,0.0512970505595125,0.0207312571805476,-0.0207312571805476,FALSE,0,"","ok"
2023-11-17,2013-10-11,2023-11-10,"filtered_historical",0.99,0.0656333619879268,0.0852139574691918,0.0207312571805476,-0.0207312571805476,FALSE,0,"","ok"
2023-11-17,2013-10-11,2023-11-10,"gaussian",0.95,0.0328208159097122,0.0414358526159882,0.0207312571805476,-0.0207312571805476,FALSE,0,"","ok"
2023-11-17,2013-10-11,2023-11-10,"gaussian",0.99,0.0468712382217921,0.053857673240534,0.0207312571805476,-0.0207312571805476,FALSE,0,"","ok"
2023-11-17,2013-10-11,2023-11-10,"historical",0.95,0.0318656127387663,0.0522496190389464,0.0207312571805476,-0.0207312571805476,FALSE,0,"","ok"
2023-11-17,2013-10-11,2023-11-10,"historical",0.99,0.0544307167519875,0.0873675168570425,0.0207312571805476,-0.0207312571805476,FALSE,0,"","ok"
2023-11-17,2013-10-11,2023-11-10,"student_t",0.95,0.0288738369470934,0.0456663271926436,0.0207312571805476,-0.0207312571805476,FALSE,0,"","ok"
2023-11-17,2013-10-11,2023-11-10,"student_t",0.99,0.053714161550357,0.0785580806096565,0.0207312571805476,-0.0207312571805476,FALSE,0,"","ok"
2023-11-24,2013-10-18,2023-11-17,"ewma",0.95,0.0296751155476967,0.0372906800807938,0.00393943415734217,-0.00393943415734217,FALSE,0.0200000000000102,"","ok"
2023-11-24,2013-10-18,2023-11-17,"ewma",0.99,0.0420954802522327,0.0482713850748736,0.00393943415734217,-0.00393943415734217,FALSE,0,"","ok"
2023-11-24,2013-10-18,2023-11-17,"filtered_historical",0.95,0.0321501532314054,0.051759118360026,0.00393943415734217,-0.00393943415734217,FALSE,0,"","ok"
2023-11-24,2013-10-18,2023-11-17,"filtered_historical",0.99,0.0661728291452418,0.086005289457675,0.00393943415734217,-0.00393943415734217,FALSE,0,"","ok"
2023-11-24,2013-10-18,2023-11-17,"gaussian",0.95,0.0328206017365741,0.0414426263829322,0.00393943415734217,-0.00393943415734217,FALSE,0,"","ok"
2023-11-24,2013-10-18,2023-11-17,"gaussian",0.99,0.0468824208090617,0.0538745227554049,0.00393943415734217,-0.00393943415734217,FALSE,0,"","ok"
2023-11-24,2013-10-18,2023-11-17,"historical",0.95,0.0318656127387663,0.0522496190389464,0.00393943415734217,-0.00393943415734217,FALSE,0,"","ok"
2023-11-24,2013-10-18,2023-11-17,"historical",0.99,0.0544307167519875,0.0873675168570425,0.00393943415734217,-0.00393943415734217,FALSE,0,"","ok"
2023-11-24,2013-10-18,2023-11-17,"student_t",0.95,0.0289184256214412,0.0456813197816072,0.00393943415734217,-0.00393943415734217,FALSE,0,"","ok"
2023-11-24,2013-10-18,2023-11-17,"student_t",0.99,0.0537341111898992,0.0784670025028658,0.00393943415734217,-0.00393943415734217,FALSE,0,"","ok"
2023-12-01,2013-10-25,2023-11-24,"ewma",0.95,0.0273931506228232,0.0347877160702187,0.00659923444189373,-0.00659923444189373,FALSE,0,"","ok"
2023-12-01,2013-10-25,2023-11-24,"ewma",0.99,0.0394530838410454,0.0454497676337479,0.00659923444189373,-0.00659923444189373,FALSE,0,"","ok"
2023-12-01,2013-10-25,2023-11-24,"filtered_historical",0.95,0.031217175193615,0.050262899571337,0.00659923444189373,-0.00659923444189373,FALSE,0,"","ok"
2023-12-01,2013-10-25,2023-11-24,"filtered_historical",0.99,0.0642715666893297,0.0835138201244783,0.00659923444189373,-0.00659923444189373,FALSE,0,"","ok"
2023-12-01,2013-10-25,2023-11-24,"gaussian",0.95,0.0328219876863282,0.0414353899425963,0.00659923444189373,-0.00659923444189373,FALSE,0,"","ok"
2023-12-01,2013-10-25,2023-11-24,"gaussian",0.99,0.0468697443437345,0.053854853891772,0.00659923444189373,-0.00659923444189373,FALSE,0,"","ok"
2023-12-01,2013-10-25,2023-11-24,"historical",0.95,0.0318656127387663,0.0522496190389464,0.00659923444189373,-0.00659923444189373,FALSE,0,"","ok"
2023-12-01,2013-10-25,2023-11-24,"historical",0.99,0.0544307167519875,0.0873675168570425,0.00659923444189373,-0.00659923444189373,FALSE,0.00999999999999091,"","ok"
2023-12-01,2013-10-25,2023-11-24,"student_t",0.95,0.0288681555479053,0.0456642478905007,0.00659923444189373,-0.00659923444189373,FALSE,0,"","ok"
2023-12-01,2013-10-25,2023-11-24,"student_t",0.99,0.0537107800257288,0.0785706553389503,0.00659923444189373,-0.00659923444189373,FALSE,0,"","ok"
2023-12-08,2013-11-01,2023-12-01,"ewma",0.95,0.0275041049500239,0.0347051512224061,0.00272305364896259,-0.00272305364896259,FALSE,0,"","ok"
2023-12-08,2013-11-01,2023-12-01,"ewma",0.99,0.0392484241752794,0.0450881719980949,0.00272305364896259,-0.00272305364896259,FALSE,0,"","ok"
2023-12-08,2013-11-01,2023-12-01,"filtered_historical",0.95,0.0304002073702937,0.0489277730390841,0.00272305364896259,-0.00272305364896259,FALSE,0,"","ok"
2023-12-08,2013-11-01,2023-12-01,"filtered_historical",0.99,0.0625246437461759,0.0813133812720435,0.00272305364896259,-0.00272305364896259,FALSE,0,"","ok"
2023-12-08,2013-11-01,2023-12-01,"gaussian",0.95,0.0328254835121284,0.0414372531294388,0.00272305364896259,-0.00272305364896259,FALSE,0,"","ok"
2023-12-08,2013-11-01,2023-12-01,"gaussian",0.99,0.0468705774685363,0.0538543630145554,0.00272305364896259,-0.00272305364896259,FALSE,0,"","ok"
2023-12-08,2013-11-01,2023-12-01,"historical",0.95,0.0318656127387663,0.0522496190389464,0.00272305364896259,-0.00272305364896259,FALSE,0,"","ok"
2023-12-08,2013-11-01,2023-12-01,"historical",0.99,0.0544307167519875,0.0873675168570425,0.00272305364896259,-0.00272305364896259,FALSE,0,"","ok"
2023-12-08,2013-11-01,2023-12-01,"student_t",0.95,0.0288540760705391,0.0456632848300055,0.00272305364896259,-0.00272305364896259,FALSE,0,"","ok"
2023-12-08,2013-11-01,2023-12-01,"student_t",0.99,0.0537088063210629,0.0786136776024681,0.00272305364896259,-0.00272305364896259,FALSE,0,"","ok"
2023-12-15,2013-11-08,2023-12-08,"ewma",0.95,0.0274594998324389,0.0344467343307475,0.0138220645820807,-0.0138220645820807,FALSE,0,"","ok"
2023-12-15,2013-11-08,2023-12-08,"ewma",0.99,0.0388551094905209,0.0445214648929979,0.0138220645820807,-0.0138220645820807,FALSE,0,"","ok"
2023-12-15,2013-11-08,2023-12-08,"filtered_historical",0.95,0.0294975682612703,0.0474451704893663,0.0138220645820807,-0.0138220645820807,FALSE,0,"","ok"
2023-12-15,2013-11-08,2023-12-08,"filtered_historical",0.99,0.0605689731618317,0.0788763461059416,0.0138220645820807,-0.0138220645820807,FALSE,0,"","ok"
2023-12-15,2013-11-08,2023-12-08,"gaussian",0.95,0.0328233765801808,0.0414351952650971,0.0138220645820807,-0.0138220645820807,FALSE,0,"","ok"
2023-12-15,2013-11-08,2023-12-08,"gaussian",0.99,0.0468685505618525,0.053852375899651,0.0138220645820807,-0.0138220645820807,FALSE,0,"","ok"
2023-12-15,2013-11-08,2023-12-08,"historical",0.95,0.0318656127387663,0.0522496190389464,0.0138220645820807,-0.0138220645820807,FALSE,0,"","ok"
2023-12-15,2013-11-08,2023-12-08,"historical",0.99,0.0544307167519875,0.0873675168570425,0.0138220645820807,-0.0138220645820807,FALSE,0,"","ok"
2023-12-15,2013-11-08,2023-12-08,"student_t",0.95,0.0288522459167927,0.0456612848337041,0.0138220645820807,-0.0138220645820807,FALSE,0,"","ok"
2023-12-15,2013-11-08,2023-12-08,"student_t",0.99,0.053706844063456,0.0786110463916359,0.0138220645820807,-0.0138220645820807,FALSE,0,"","ok"
2023-12-22,2013-11-15,2023-12-15,"ewma",0.95,0.0268572868189503,0.0337778117683744,0.0116783462172047,-0.0116783462172047,FALSE,0,"","ok"
2023-12-22,2013-11-15,2023-12-15,"ewma",0.99,0.0381440986429624,0.0437563553869772,0.0116783462172047,-0.0116783462172047,FALSE,0,"","ok"
2023-12-22,2013-11-15,2023-12-15,"filtered_historical",0.95,0.0291167405189333,0.0469646605412315,0.0116783462172047,-0.0116783462172047,FALSE,0,"","ok"
2023-12-22,2013-11-15,2023-12-15,"filtered_historical",0.99,0.0598850737919918,0.0780991058635439,0.0116783462172047,-0.0116783462172047,FALSE,0,"","ok"
2023-12-22,2013-11-15,2023-12-15,"gaussian",0.95,0.0328103817583349,0.041425362079905,0.0116783462172047,-0.0116783462172047,FALSE,0,"","ok"
2023-12-22,2013-11-15,2023-12-15,"gaussian",0.99,0.0468607121115577,0.0538471014046576,0.0116783462172047,-0.0116783462172047,FALSE,0,"","ok"
2023-12-22,2013-11-15,2023-12-15,"historical",0.95,0.0318656127387663,0.0522496190389464,0.0116783462172047,-0.0116783462172047,FALSE,0,"","ok"
2023-12-22,2013-11-15,2023-12-15,"historical",0.99,0.0544307167519875,0.0873675168570425,0.0116783462172047,-0.0116783462172047,FALSE,0,"","ok"
2023-12-22,2013-11-15,2023-12-15,"student_t",0.95,0.0288708174255964,0.0456565855549408,0.0116783462172047,-0.0116783462172047,FALSE,0,"","ok"
2023-12-22,2013-11-15,2023-12-15,"student_t",0.99,0.0537041426258444,0.0785277819149102,0.0116783462172047,-0.0116783462172047,FALSE,0,"","ok"
2023-12-29,2013-11-22,2023-12-22,"ewma",0.95,0.0248588089105088,0.0316741484860368,0.00390975685419267,-0.00390975685419267,FALSE,0,"","ok"
2023-12-29,2013-11-22,2023-12-22,"ewma",0.99,0.0359740719675588,0.0415010277657156,0.00390975685419267,-0.00390975685419267,FALSE,0,"","ok"
2023-12-29,2013-11-22,2023-12-22,"filtered_historical",0.95,0.0285198545934821,0.0462282621378403,0.00390975685419267,-0.00390975685419267,FALSE,0,"","ok"
2023-12-29,2013-11-22,2023-12-22,"filtered_historical",0.99,0.0588767082062467,0.0768895878135853,0.00390975685419267,-0.00390975685419267,FALSE,0.00999999999999091,"","ok"
2023-12-29,2013-11-22,2023-12-22,"gaussian",0.95,0.0328069347523556,0.0414234982151767,0.00390975685419267,-0.00390975685419267,FALSE,0,"","ok"
2023-12-29,2013-11-22,2023-12-22,"gaussian",0.99,0.0468598470798536,0.0538475202343985,0.00390975685419267,-0.00390975685419267,FALSE,0,"","ok"
2023-12-29,2013-11-22,2023-12-22,"historical",0.95,0.0318656127387663,0.0522496190389464,0.00390975685419267,-0.00390975685419267,FALSE,0,"","ok"
2023-12-29,2013-11-22,2023-12-22,"historical",0.99,0.0544307167519875,0.0873675168570425,0.00390975685419267,-0.00390975685419267,FALSE,0,"","ok"
2023-12-29,2013-11-22,2023-12-22,"student_t",0.95,0.0288842771096463,0.0456572939677496,0.00390975685419267,-0.00390975685419267,FALSE,0,"","ok"
2023-12-29,2013-11-22,2023-12-22,"student_t",0.99,0.0537057687721034,0.0784858590505421,0.00390975685419267,-0.00390975685419267,FALSE,0,"","ok"
2024-01-05,2013-11-29,2023-12-29,"ewma",0.95,0.0236823440227189,0.0303021677596861,-0.0104830453433337,0.0104830453433337,FALSE,0,"","ok"
2024-01-05,2013-11-29,2023-12-29,"ewma",0.99,0.0344787366913841,0.0398471373088944,-0.0104830453433337,0.0104830453433337,FALSE,0,"","ok"
2024-01-05,2013-11-29,2023-12-29,"filtered_historical",0.95,0.027638279670172,0.044876703453595,-0.0104830453433337,0.0104830453433337,FALSE,0,"","ok"
2024-01-05,2013-11-29,2023-12-29,"filtered_historical",0.99,0.0570759272907098,0.0746581969488287,-0.0104830453433337,0.0104830453433337,FALSE,0,"","ok"
2024-01-05,2013-11-29,2023-12-29,"gaussian",0.95,0.0328007519950607,0.0414174580989199,-0.0104830453433337,0.0104830453433337,FALSE,0,"","ok"
2024-01-05,2013-11-29,2023-12-29,"gaussian",0.99,0.0468538969584594,0.0538416857889299,-0.0104830453433337,0.0104830453433337,FALSE,0,"","ok"
2024-01-05,2013-11-29,2023-12-29,"historical",0.95,0.0318656127387663,0.0522496190389464,-0.0104830453433337,0.0104830453433337,FALSE,0,"","ok"
2024-01-05,2013-11-29,2023-12-29,"historical",0.99,0.0544307167519875,0.0873675168570425,-0.0104830453433337,0.0104830453433337,FALSE,0,"","ok"
2024-01-05,2013-11-29,2023-12-29,"student_t",0.95,0.0288788017069692,0.0456514006716824,-0.0104830453433337,0.0104830453433337,FALSE,0,"","ok"
2024-01-05,2013-11-29,2023-12-29,"student_t",0.99,0.0536999833190858,0.0784783728727678,-0.0104830453433337,0.0104830453433337,FALSE,0,"","ok"
2024-01-12,2013-12-06,2024-01-05,"ewma",0.95,0.022345168737737,0.0288523982473179,0.00499759532674856,-0.00499759532674856,FALSE,0,"","ok"
2024-01-12,2013-12-06,2024-01-05,"ewma",0.99,0.0329579294035894,0.0382350208044429,0.00499759532674856,-0.00499759532674856,FALSE,0,"","ok"
2024-01-12,2013-12-06,2024-01-05,"filtered_historical",0.95,0.0271681900016942,0.0440873137978077,0.00499759532674856,-0.00499759532674856,FALSE,0,"","ok"
2024-01-12,2013-12-06,2024-01-05,"filtered_historical",0.99,0.0559886442328135,0.073361643456671,0.00499759532674856,-0.00499759532674856,FALSE,0,"","ok"
2024-01-12,2013-12-06,2024-01-05,"gaussian",0.95,0.0328278624509991,0.0414470601185601,0.00499759532674856,-0.00499759532674856,FALSE,0,"","ok"
2024-01-12,2013-12-06,2024-01-05,"gaussian",0.99,0.0468850709516086,0.0538748803361976,0.00499759532674856,-0.00499759532674856,FALSE,0,"","ok"
2024-01-12,2013-12-06,2024-01-05,"historical",0.95,0.0318656127387663,0.0522496190389464,0.00499759532674856,-0.00499759532674856,FALSE,0.0200000000000102,"","ok"
2024-01-12,2013-12-06,2024-01-05,"historical",0.99,0.0544307167519875,0.0873675168570425,0.00499759532674856,-0.00499759532674856,FALSE,0,"","ok"
2024-01-12,2013-12-06,2024-01-05,"student_t",0.95,0.028940296420863,0.045685584399895,0.00499759532674856,-0.00499759532674856,FALSE,0,"","ok"
2024-01-12,2013-12-06,2024-01-05,"student_t",0.99,0.0537352521574471,0.0784234040023187,0.00499759532674856,-0.00499759532674856,FALSE,0,"","ok"
2024-01-19,2013-12-13,2024-01-12,"ewma",0.95,0.0218625438761573,0.0281922398654626,-0.00484944620001619,0.00484944620001619,FALSE,0,"","ok"
2024-01-19,2013-12-13,2024-01-12,"ewma",0.99,0.0321857618482908,0.0373188809777145,-0.00484944620001619,0.00484944620001619,FALSE,0,"","ok"
2024-01-19,2013-12-13,2024-01-12,"filtered_historical",0.95,0.0264247677835124,0.0428618821299673,-0.00484944620001619,0.00484944620001619,FALSE,0,"","ok"
2024-01-19,2013-12-13,2024-01-12,"filtered_historical",0.99,0.0543588281230314,0.071336674816639,-0.00484944620001619,0.00484944620001619,FALSE,0,"","ok"
2024-01-19,2013-12-13,2024-01-12,"gaussian",0.95,0.0327988284941799,0.0414168249971026,-0.00484944620001619,0.00484944620001619,FALSE,0,"","ok"
2024-01-19,2013-12-13,2024-01-12,"gaussian",0.99,0.0468540779932194,0.0538429132834454,-0.00484944620001619,0.00484944620001619,FALSE,0,"","ok"
2024-01-19,2013-12-13,2024-01-12,"historical",0.95,0.0318656127387663,0.0522496190389464,-0.00484944620001619,0.00484944620001619,FALSE,0,"","ok"
2024-01-19,2013-12-13,2024-01-12,"historical",0.99,0.0544307167519875,0.0873675168570425,-0.00484944620001619,0.00484944620001619,FALSE,0,"","ok"
2024-01-19,2013-12-13,2024-01-12,"student_t",0.95,0.0288894142030089,0.0456526812978612,-0.00484944620001619,0.00484944620001619,FALSE,0,"","ok"
2024-01-19,2013-12-13,2024-01-12,"student_t",0.99,0.0537020272742817,0.0784482118789053,-0.00484944620001619,0.00484944620001619,FALSE,0,"","ok"
2024-01-26,2013-12-20,2024-01-19,"ewma",0.95,0.0224673419202408,0.0286242504430075,0.0167499176128307,-0.0167499176128307,FALSE,0,"","ok"
2024-01-26,2013-12-20,2024-01-19,"ewma",0.99,0.03250875762526,0.037501753334647,0.0167499176128307,-0.0167499176128307,FALSE,0,"","ok"
2024-01-26,2013-12-20,2024-01-19,"filtered_historical",0.95,0.0256987027540776,0.0416836678303871,0.0167499176128307,-0.0167499176128307,FALSE,0,"","ok"
2024-01-26,2013-12-20,2024-01-19,"filtered_historical",0.99,0.0528376610229248,0.0693807721076409,0.0167499176128307,-0.0167499176128307,FALSE,0,"","ok"
2024-01-26,2013-12-20,2024-01-19,"gaussian",0.95,0.0327532368375183,0.0413655558495822,0.0167499176128307,-0.0167499176128307,FALSE,0,"","ok"
2024-01-26,2013-12-20,2024-01-19,"gaussian",0.99,0.0467992268119661,0.0537834578941885,0.0167499176128307,-0.0167499176128307,FALSE,0,"","ok"
2024-01-26,2013-12-20,2024-01-19,"historical",0.95,0.0318656127387663,0.0522496190389464,0.0167499176128307,-0.0167499176128307,FALSE,0,"","ok"
2024-01-26,2013-12-20,2024-01-19,"historical",0.99,0.0544307167519875,0.0873675168570425,0.0167499176128307,-0.0167499176128307,FALSE,0,"","ok"
2024-01-26,2013-12-20,2024-01-19,"student_t",0.95,0.0287932237575685,0.0455931543142966,0.0167499176128307,-0.0167499176128307,FALSE,0,"","ok"
2024-01-26,2013-12-20,2024-01-19,"student_t",0.99,0.0536388664111431,0.0785137497190217,0.0167499176128307,-0.0167499176128307,FALSE,0,"","ok"
2024-02-02,2013-12-27,2024-01-26,"ewma",0.95,0.021563909636713,0.0277745715180669,0.0056153995141181,-0.0056153995141181,FALSE,0,"","ok"
2024-02-02,2013-12-27,2024-01-26,"ewma",0.99,0.0316929926860039,0.0367295801245515,0.0056153995141181,-0.0056153995141181,FALSE,0,"","ok"
2024-02-02,2013-12-27,2024-01-26,"filtered_historical",0.95,0.0259299970564089,0.0420610073090126,0.0056153995141181,-0.0056153995141181,FALSE,0,"","ok"
2024-02-02,2013-12-27,2024-01-26,"filtered_historical",0.99,0.0533600735535775,0.0700005359645,0.0056153995141181,-0.0056153995141181,FALSE,0,"","ok"
2024-02-02,2013-12-27,2024-01-26,"gaussian",0.95,0.0327445126394745,0.0413507134534206,0.0056153995141181,-0.0056153995141181,FALSE,0,"","ok"
2024-02-02,2013-12-27,2024-01-26,"gaussian",0.99,0.046780524331731,0.053759793810766,0.0056153995141181,-0.0056153995141181,FALSE,0,"","ok"
2024-02-02,2013-12-27,2024-01-26,"historical",0.95,0.0318656127387663,0.0522496190389464,0.0056153995141181,-0.0056153995141181,FALSE,0,"","ok"
2024-02-02,2013-12-27,2024-01-26,"historical",0.99,0.0544307167519875,0.0873675168570425,0.0056153995141181,-0.0056153995141181,FALSE,0,"","ok"
2024-02-02,2013-12-27,2024-01-26,"student_t",0.95,0.0287716258200084,0.0455735533082496,0.0056153995141181,-0.0056153995141181,FALSE,0,"","ok"
2024-02-02,2013-12-27,2024-01-26,"student_t",0.99,0.0536139807036562,0.0785137043872785,0.0056153995141181,-0.0056153995141181,FALSE,0,"","ok"
2024-02-09,2014-01-03,2024-02-02,"ewma",0.95,0.0213800721779389,0.0274289010184264,0.00403200341011155,-0.00403200341011155,FALSE,0,"","ok"
2024-02-09,2014-01-03,2024-02-02,"ewma",0.99,0.031245218735054,0.0361505663353459,0.00403200341011155,-0.00403200341011155,FALSE,0,"","ok"
2024-02-09,2014-01-03,2024-02-02,"filtered_historical",0.95,0.0252500889235571,0.0409562851610779,0.00403200341011155,-0.00403200341011155,FALSE,0,"","ok"
2024-02-09,2014-01-03,2024-02-02,"filtered_historical",0.99,0.0519299591666226,0.0681673986117169,0.00403200341011155,-0.00403200341011155,FALSE,0,"","ok"
2024-02-09,2014-01-03,2024-02-02,"gaussian",0.95,0.0327484934176406,0.0413500850458049,0.00403200341011155,-0.00403200341011155,FALSE,0,"","ok"
2024-02-09,2014-01-03,2024-02-02,"gaussian",0.99,0.0467769879037659,0.053752519525604,0.00403200341011155,-0.00403200341011155,FALSE,0,"","ok"
2024-02-09,2014-01-03,2024-02-02,"historical",0.95,0.0318656127387663,0.0522496190389464,0.00403200341011155,-0.00403200341011155,FALSE,0,"","ok"
2024-02-09,2014-01-03,2024-02-02,"historical",0.99,0.0544307167519875,0.0873675168570425,0.00403200341011155,-0.00403200341011155,FALSE,0,"","ok"
2024-02-09,2014-01-03,2024-02-02,"student_t",0.95,0.0287373617559616,0.0455658498964879,0.00403200341011155,-0.00403200341011155,FALSE,0,"","ok"
2024-02-09,2014-01-03,2024-02-02,"student_t",0.99,0.0536029533550217,0.0785981984192329,0.00403200341011155,-0.00403200341011155,FALSE,0,"","ok"
2024-02-16,2014-01-10,2024-02-09,"ewma",0.95,0.0196824855987975,0.025561545517917,0.00706654174447982,-0.00706654174447982,FALSE,0,"","ok"
2024-02-16,2014-01-10,2024-02-09,"ewma",0.99,0.0292707528898092,0.0340384249841481,0.00706654174447982,-0.00706654174447982,FALSE,0,"","ok"
2024-02-16,2014-01-10,2024-02-09,"filtered_historical",0.95,0.0244061904466004,0.0397827602433848,0.00706654174447982,-0.00706654174447982,FALSE,0,"","ok"
2024-02-16,2014-01-10,2024-02-09,"filtered_historical",0.99,0.050338674218758,0.0662234506831772,0.00706654174447982,-0.00706654174447982,FALSE,0,"","ok"
2024-02-16,2014-01-10,2024-02-09,"gaussian",0.95,0.0327310602589128,0.0413322587316247,0.00706654174447982,-0.00706654174447982,FALSE,0,"","ok"
2024-02-16,2014-01-10,2024-02-09,"gaussian",0.99,0.0467589135405569,0.0537341263297406,0.00706654174447982,-0.00706654174447982,FALSE,0,"","ok"
2024-02-16,2014-01-10,2024-02-09,"historical",0.95,0.0318656127387663,0.0522496190389464,0.00706654174447982,-0.00706654174447982,FALSE,0,"","ok"
2024-02-16,2014-01-10,2024-02-09,"historical",0.99,0.0544307167519875,0.0873675168570425,0.00706654174447982,-0.00706654174447982,FALSE,0,"","ok"
2024-02-16,2014-01-10,2024-02-09,"student_t",0.95,0.0287099151372335,0.0455465481625329,0.00706654174447982,-0.00706654174447982,FALSE,0,"","ok"
2024-02-16,2014-01-10,2024-02-09,"student_t",0.99,0.0535835036659918,0.0786049745176814,0.00706654174447982,-0.00706654174447982,FALSE,0,"","ok"
2024-02-23,2014-01-17,2024-02-16,"ewma",0.95,0.0183703376071486,0.0241160049595876,0.00793205209641099,-0.00793205209641099,FALSE,0,"","ok"
2024-02-23,2014-01-17,2024-02-16,"ewma",0.99,0.0277410525000622,0.0324005487930819,0.00793205209641099,-0.00793205209641099,FALSE,0,"","ok"
2024-02-23,2014-01-17,2024-02-16,"filtered_historical",0.95,0.0235315153232849,0.0388632388300551,0.00793205209641099,-0.00793205209641099,FALSE,0,"","ok"
2024-02-23,2014-01-17,2024-02-16,"filtered_historical",0.99,0.0490568120299211,0.0646887567209737,0.00793205209641099,-0.00793205209641099,FALSE,0,"","ok"
2024-02-23,2014-01-17,2024-02-16,"gaussian",0.95,0.0327267600046409,0.0413285205701879,0.00793205209641099,-0.00793205209641099,FALSE,0,"","ok"
2024-02-23,2014-01-17,2024-02-16,"gaussian",0.99,0.0467555300138604,0.0537311986368612,0.00793205209641099,-0.00793205209641099,FALSE,0.0199999999999818,"","ok"
2024-02-23,2014-01-17,2024-02-16,"historical",0.95,0.0318656127387663,0.0522496190389464,0.00793205209641099,-0.00793205209641099,FALSE,0,"","ok"
2024-02-23,2014-01-17,2024-02-16,"historical",0.99,0.0544307167519875,0.0873675168570425,0.00793205209641099,-0.00793205209641099,FALSE,0,"","ok"
2024-02-23,2014-01-17,2024-02-16,"student_t",0.95,0.0287125779577087,0.0455439971802235,0.00793205209641099,-0.00793205209641099,FALSE,0,"","ok"
2024-02-23,2014-01-17,2024-02-16,"student_t",0.99,0.0535813236156951,0.0785850406050885,0.00793205209641099,-0.00793205209641099,FALSE,0,"","ok"
2024-03-01,2014-01-24,2024-02-23,"ewma",0.95,0.0172620129751982,0.0228914959620703,0.00319449172178369,-0.00319449172178369,FALSE,0,"","ok"
2024-03-01,2014-01-24,2024-02-23,"ewma",0.99,0.026443240642702,0.0310085162669187,0.00319449172178369,-0.00319449172178369,FALSE,0,"","ok"
2024-03-01,2014-01-24,2024-02-23,"filtered_historical",0.95,0.0230142246755777,0.038060833429778,0.00319449172178369,-0.00319449172178369,FALSE,0,"","ok"
2024-03-01,2014-01-24,2024-02-23,"filtered_historical",0.99,0.047927062097701,0.063348966298497,0.00319449172178369,-0.00319449172178369,FALSE,0,"","ok"
2024-03-01,2014-01-24,2024-02-23,"gaussian",0.95,0.0327243219388192,0.041326592516895,0.00319449172178369,-0.00319449172178369,FALSE,0,"","ok"
2024-03-01,2014-01-24,2024-02-23,"gaussian",0.99,0.0467539237368817,0.0537300059587461,0.00319449172178369,-0.00319449172178369,FALSE,0,"","ok"
2024-03-01,2014-01-24,2024-02-23,"historical",0.95,0.0318656127387663,0.0522496190389464,0.00319449172178369,-0.00319449172178369,FALSE,0,"","ok"
2024-03-01,2014-01-24,2024-02-23,"historical",0.99,0.0544307167519875,0.0873675168570425,0.00319449172178369,-0.00319449172178369,FALSE,0,"","ok"
2024-03-01,2014-01-24,2024-02-23,"student_t",0.95,0.028716382663611,0.0455431253217259,0.00319449172178369,-0.00319449172178369,FALSE,0,"","ok"
2024-03-01,2014-01-24,2024-02-23,"student_t",0.99,0.0535807850095177,0.078568573187258,0.00319449172178369,-0.00319449172178369,FALSE,0,"","ok"
2024-03-08,2014-01-31,2024-03-01,"ewma",0.95,0.0169257296483907,0.0223935009566432,-0.00279105346820731,0.00279105346820731,FALSE,0,"","ok"
2024-03-08,2014-01-31,2024-03-01,"ewma",0.99,0.0258432187556461,0.0302773529613214,-0.00279105346820731,0.00279105346820731,FALSE,0,"","ok"
2024-03-08,2014-01-31,2024-03-01,"filtered_historical",0.95,0.0223604233269461,0.0369785736281179,-0.00279105346820731,0.00279105346820731,FALSE,0,"","ok"
2024-03-08,2014-01-31,2024-03-01,"filtered_historical",0.99,0.0466425795586958,0.061550450672788,-0.00279105346820731,0.00279105346820731,FALSE,0,"","ok"
2024-03-08,2014-01-31,2024-03-01,"gaussian",0.95,0.0326139953578305,0.0412023124208002,-0.00279105346820731,0.00279105346820731,FALSE,0,"","ok"
2024-03-08,2014-01-31,2024-03-01,"gaussian",0.99,0.0466208401106636,0.0535856066144533,-0.00279105346820731,0.00279105346820731,FALSE,0,"","ok"
2024-03-08,2014-01-31,2024-03-01,"historical",0.95,0.0318656127387663,0.0522496190389464,-0.00279105346820731,0.00279105346820731,FALSE,0,"","ok"
2024-03-08,2014-01-31,2024-03-01,"historical",0.99,0.0544307167519875,0.0873675168570425,-0.00279105346820731,0.00279105346820731,FALSE,0,"","ok"
2024-03-08,2014-01-31,2024-03-01,"student_t",0.95,0.0285278838429537,0.0454006179698879,-0.00279105346820731,0.00279105346820731,FALSE,0,"","ok"
2024-03-08,2014-01-31,2024-03-01,"student_t",0.99,0.0534267484296119,0.0785998864984841,-0.00279105346820731,0.00279105346820731,FALSE,0,"","ok"
2024-03-15,2014-02-07,2024-03-08,"ewma",0.95,0.0151757514190893,0.0204846441908079,0.00376802933902638,-0.00376802933902638,FALSE,0,"","ok"
2024-03-15,2014-02-07,2024-03-08,"ewma",0.99,0.0238341225897954,0.0281394129368534,0.00376802933902638,-0.00376802933902638,FALSE,0,"","ok"
2024-03-15,2014-02-07,2024-03-08,"filtered_historical",0.95,0.0217039865675357,0.0358939109088203,0.00376802933902638,-0.00376802933902638,FALSE,0,"","ok"
2024-03-15,2014-02-07,2024-03-08,"filtered_historical",0.99,0.0452025522082035,0.0597424614372046,0.00376802933902638,-0.00376802933902638,FALSE,0,"","ok"
2024-03-15,2014-02-07,2024-03-08,"gaussian",0.95,0.0325769187868573,0.0411611694169234,0.00376802933902638,-0.00376802933902638,FALSE,0,"","ok"
2024-03-15,2014-02-07,2024-03-08,"gaussian",0.99,0.0465771315192419,0.0535386003157544,0.00376802933902638,-0.00376802933902638,FALSE,0,"","ok"
2024-03-15,2014-02-07,2024-03-08,"historical",0.95,0.0318656127387663,0.0522496190389464,0.00376802933902638,-0.00376802933902638,FALSE,0,"","ok"
2024-03-15,2014-02-07,2024-03-08,"historical",0.99,0.0544307167519875,0.0873675168570425,0.00376802933902638,-0.00376802933902638,FALSE,0,"","ok"
2024-03-15,2014-02-07,2024-03-08,"student_t",0.95,0.0284432143008548,0.045349978281525,0.00376802933902638,-0.00376802933902638,FALSE,0,"","ok"
2024-03-15,2014-02-07,2024-03-08,"student_t",0.99,0.0533728315020739,0.0786645780491096,0.00376802933902638,-0.00376802933902638,FALSE,0,"","ok"
2024-03-22,2014-02-14,2024-03-15,"ewma",0.95,0.0133910139177494,0.0185526053386956,0.0243106236381744,-0.0243106236381744,FALSE,0,"","ok"
2024-03-22,2014-02-14,2024-03-15,"ewma",0.99,0.0218091485977642,0.0259949837004127,0.0243106236381744,-0.0243106236381744,FALSE,0,"","ok"
2024-03-22,2014-02-14,2024-03-15,"filtered_historical",0.95,0.0210912665814705,0.0348822398819805,0.0243106236381744,-0.0243106236381744,FALSE,0,"","ok"
2024-03-22,2014-02-14,2024-03-15,"filtered_historical",0.99,0.0438164508359884,0.0580544508168925,0.0243106236381744,-0.0243106236381744,FALSE,0,"","ok"
2024-03-22,2014-02-14,2024-03-15,"gaussian",0.95,0.0325825931593773,0.0411658674136265,0.0243106236381744,-0.0243106236381744,FALSE,0,"","ok"
2024-03-22,2014-02-14,2024-03-15,"gaussian",0.99,0.0465812135024281,0.053541890498925,0.0243106236381744,-0.0243106236381744,FALSE,0,"","ok"
2024-03-22,2014-02-14,2024-03-15,"historical",0.95,0.0318656127387663,0.0522496190389464,0.0243106236381744,-0.0243106236381744,FALSE,0,"","ok"
2024-03-22,2014-02-14,2024-03-15,"historical",0.99,0.0544307167519875,0.0873675168570425,0.0243106236381744,-0.0243106236381744,FALSE,0,"","ok"
2024-03-22,2014-02-14,2024-03-15,"student_t",0.95,0.0284365642759029,0.0453521595749452,0.0243106236381744,-0.0243106236381744,FALSE,0,"","ok"
2024-03-22,2014-02-14,2024-03-15,"student_t",0.99,0.0533741930534807,0.0786965923455939,0.0243106236381744,-0.0243106236381744,FALSE,0,"","ok"
2024-03-28,2014-02-21,2024-03-22,"ewma",0.95,0.0157187288731745,0.0213075669389633,0.00328941376619091,-0.00328941376619091,FALSE,0,"","ok"
2024-03-28,2014-02-21,2024-03-22,"ewma",0.99,0.0248336679889828,0.0293659822794674,0.00328941376619091,-0.00328941376619091,FALSE,0,"","ok"
2024-03-28,2014-02-21,2024-03-22,"filtered_historical",0.95,0.0228338801064889,0.0377648442788695,0.00328941376619091,-0.00328941376619091,FALSE,0,"","ok"
2024-03-28,2014-02-21,2024-03-22,"filtered_historical",0.99,0.0474034419285885,0.062850668378664,0.00328941376619091,-0.00328941376619091,FALSE,0,"","ok"
2024-03-28,2014-02-21,2024-03-22,"gaussian",0.95,0.0325895934568766,0.0411775339910137,0.00328941376619091,-0.00328941376619091,FALSE,0,"","ok"
2024-03-28,2014-02-21,2024-03-22,"gaussian",0.99,0.0465958241218895,0.0535602852765191,0.00328941376619091,-0.00328941376619091,FALSE,0,"","ok"
2024-03-28,2014-02-21,2024-03-22,"historical",0.95,0.0318656127387663,0.0522496190389464,0.00328941376619091,-0.00328941376619091,FALSE,0,"","ok"
2024-03-28,2014-02-21,2024-03-22,"historical",0.99,0.0544307167519875,0.0873675168570425,0.00328941376619091,-0.00328941376619091,FALSE,0.0200000000000102,"","ok"
2024-03-28,2014-02-21,2024-03-22,"student_t",0.95,0.028451786890375,0.0453677756642423,0.00328941376619091,-0.00328941376619091,FALSE,0,"","ok"
2024-03-28,2014-02-21,2024-03-22,"student_t",0.99,0.0533940956201669,0.0787028129853252,0.00328941376619091,-0.00328941376619091,FALSE,0,"","ok"
2024-04-05,2014-02-28,2024-03-28,"ewma",0.95,0.015058953965484,0.0204879834571718,-0.00738908644288157,0.00738908644288157,FALSE,0,"","ok"
2024-04-05,2014-02-28,2024-03-28,"ewma",0.99,0.0239132583293158,0.028315974539553,-0.00738908644288157,0.00738908644288157,FALSE,0,"","ok"
2024-04-05,2014-02-28,2024-03-28,"filtered_historical",0.95,0.0221713294063113,0.0366708219130712,-0.00738908644288157,0.00738908644288157,FALSE,0,"","ok"
2024-04-05,2014-02-28,2024-03-28,"filtered_historical",0.99,0.0459285443137529,0.0610259522233105,-0.00738908644288157,0.00738908644288157,FALSE,0,"","ok"
2024-04-05,2014-02-28,2024-03-28,"gaussian",0.95,0.0325977812401525,0.0411833658329895,-0.00738908644288157,0.00738908644288157,FALSE,0,"","ok"
2024-04-05,2014-02-28,2024-03-28,"gaussian",0.99,0.046600169557032,0.0535627201416476,-0.00738908644288157,0.00738908644288157,FALSE,0,"","ok"
2024-04-05,2014-02-28,2024-03-28,"historical",0.95,0.0318656127387663,0.0522496190389464,-0.00738908644288157,0.00738908644288157,FALSE,0,"","ok"
2024-04-05,2014-02-28,2024-03-28,"historical",0.99,0.0544307167519875,0.0873675168570425,-0.00738908644288157,0.00738908644288157,FALSE,0,"","ok"
2024-04-05,2014-02-28,2024-03-28,"student_t",0.95,0.0284332416823592,0.0453679452510274,-0.00738908644288157,0.00738908644288157,FALSE,0,"","ok"
2024-04-05,2014-02-28,2024-03-28,"student_t",0.99,0.0533922365405076,0.0787669118230233,-0.00738908644288157,0.00738908644288157,FALSE,0.0200000000000102,"","ok"
2024-04-12,2014-03-07,2024-04-05,"ewma",0.95,0.0160267215278001,0.0213444179357331,-0.00244399233698648,0.00244399233698648,FALSE,0,"","ok"
2024-04-12,2014-03-07,2024-04-05,"ewma",0.99,0.0246994507112358,0.029011880439638,-0.00244399233698648,0.00244399233698648,FALSE,0,"","ok"
2024-04-12,2014-03-07,2024-04-05,"filtered_historical",0.95,0.0217013292559701,0.0358966455875504,-0.00244399233698648,0.00244399233698648,FALSE,0,"","ok"
2024-04-12,2014-03-07,2024-04-05,"filtered_historical",0.99,0.0447986143333267,0.0597310586832391,-0.00244399233698648,0.00244399233698648,FALSE,0,"","ok"
2024-04-12,2014-03-07,2024-04-05,"gaussian",0.95,0.0326250862762713,0.0412119302653978,-0.00244399233698648,0.00244399233698648,FALSE,0,"","ok"
2024-04-12,2014-03-07,2024-04-05,"gaussian",0.99,0.0466295285657952,0.0535931004682112,-0.00244399233698648,0.00244399233698648,FALSE,0,"","ok"
2024-04-12,2014-03-07,2024-04-05,"historical",0.95,0.0318656127387663,0.0522496190389464,-0.00244399233698648,0.00244399233698648,FALSE,0,"","ok"
2024-04-12,2014-03-07,2024-04-05,"historical",0.99,0.0544307167519875,0.0873675168570425,-0.00244399233698648,0.00244399233698648,FALSE,0,"","ok"
2024-04-12,2014-03-07,2024-04-05,"student_t",0.95,0.0284844315709644,0.0454011005069611,-0.00244399233698648,0.00244399233698648,FALSE,0.00999999999999091,"","ok"
2024-04-12,2014-03-07,2024-04-05,"student_t",0.99,0.0534264209614889,0.0787407590070605,-0.00244399233698648,0.00244399233698648,FALSE,0,"","ok"
2024-04-19,2014-03-14,2024-04-12,"ewma",0.95,0.0157320795012067,0.0208938425544691,-0.0217104860445644,0.0217104860445644,TRUE,0,"","ok"
2024-04-19,2014-03-14,2024-04-12,"ewma",0.99,0.0241504940995326,0.0283364683888225,-0.0217104860445644,0.0217104860445644,FALSE,0,"","ok"
2024-04-19,2014-03-14,2024-04-12,"filtered_historical",0.95,0.0210487267598141,0.0348210450128922,-0.0217104860445644,0.0217104860445644,TRUE,0,"","ok"
2024-04-19,2014-03-14,2024-04-12,"filtered_historical",0.99,0.0432884280495107,0.0579340765279398,-0.0217104860445644,0.0217104860445644,FALSE,0,"","ok"
2024-04-19,2014-03-14,2024-04-12,"gaussian",0.95,0.032625868404414,0.0412127555565933,-0.0217104860445644,0.0217104860445644,FALSE,0,"","ok"
2024-04-19,2014-03-14,2024-04-12,"gaussian",0.99,0.046630381089357,0.0535939879952064,-0.0217104860445644,0.0217104860445644,FALSE,0,"","ok"
2024-04-19,2014-03-14,2024-04-12,"historical",0.95,0.0318656127387663,0.0522496190389464,-0.0217104860445644,0.0217104860445644,FALSE,0,"","ok"
2024-04-19,2014-03-14,2024-04-12,"historical",0.99,0.0544307167519875,0.0873675168570425,-0.0217104860445644,0.0217104860445644,FALSE,0,"","ok"
2024-04-19,2014-03-14,2024-04-12,"student_t",0.95,0.0284860782874726,0.0454020877918867,-0.0217104860445644,0.0217104860445644,FALSE,0,"","ok"
2024-04-19,2014-03-14,2024-04-12,"student_t",0.99,0.05342744206008,0.0787395865884707,-0.0217104860445644,0.0217104860445644,FALSE,0,"","ok"
2024-04-26,2014-03-21,2024-04-19,"ewma",0.95,0.018383294689747,0.0238589828044789,0.0283982083476554,-0.0283982083476554,FALSE,0,"","ok"
2024-04-26,2014-03-21,2024-04-19,"ewma",0.99,0.027313695462755,0.031754249867892,0.0283982083476554,-0.0283982083476554,FALSE,0,"","ok"
2024-04-26,2014-03-21,2024-04-19,"filtered_historical",0.95,0.0228573001212005,0.0369551029964417,0.0283982083476554,-0.0283982083476554,FALSE,0,"","ok"
2024-04-26,2014-03-21,2024-04-19,"filtered_historical",0.99,0.0460008760403305,0.0614759348298602,0.0283982083476554,-0.0283982083476554,FALSE,0,"","ok"
2024-04-26,2014-03-21,2024-04-19,"gaussian",0.95,0.0326137062867737,0.0411985609553103,0.0283982083476554,-0.0283982083476554,FALSE,0,"","ok"
2024-04-26,2014-03-21,2024-04-19,"gaussian",0.99,0.0466149041566445,0.0535768628031329,0.0283982083476554,-0.0283982083476554,FALSE,0,"","ok"
2024-04-26,2014-03-21,2024-04-19,"historical",0.95,0.0318656127387663,0.0522496190389464,0.0283982083476554,-0.0283982083476554,FALSE,0,"","ok"
2024-04-26,2014-03-21,2024-04-19,"historical",0.99,0.0544307167519875,0.0873675168570425,0.0283982083476554,-0.0283982083476554,FALSE,0,"","ok"
2024-04-26,2014-03-21,2024-04-19,"student_t",0.95,0.0284720391753821,0.0453864461354826,0.0283982083476554,-0.0283982083476554,FALSE,0,"","ok"
2024-04-26,2014-03-21,2024-04-19,"student_t",0.99,0.0534099215954055,0.0787235617491739,0.0283982083476554,-0.0283982083476554,FALSE,0,"","ok"
2024-05-03,2014-03-28,2024-04-26,"ewma",0.95,0.0193701463343143,0.0254226608359872,0.00722941550555551,-0.00722941550555551,FALSE,0,"","ok"
2024-05-03,2014-03-28,2024-04-26,"ewma",0.99,0.0292413039042572,0.0341496404218632,0.00722941550555551,-0.00722941550555551,FALSE,0,"","ok"
2024-05-03,2014-03-28,2024-04-26,"filtered_historical",0.95,0.0252651607530872,0.0408220984699783,0.00722941550555551,-0.00722941550555551,FALSE,0,"","ok"
2024-05-03,2014-03-28,2024-04-26,"filtered_historical",0.99,0.0506236338928334,0.0679003449983701,0.00722941550555551,-0.00722941550555551,FALSE,0,"","ok"
2024-05-03,2014-03-28,2024-04-26,"gaussian",0.95,0.0326288012418999,0.0412269195695166,0.00722941550555551,-0.00722941550555551,FALSE,0,"","ok"
2024-05-03,2014-03-28,2024-04-26,"gaussian",0.99,0.0466516310580795,0.0536243459782129,0.00722941550555551,-0.00722941550555551,FALSE,0,"","ok"
2024-05-03,2014-03-28,2024-04-26,"historical",0.95,0.0318656127387663,0.0522496190389464,0.00722941550555551,-0.00722941550555551,FALSE,0,"","ok"
2024-05-03,2014-03-28,2024-04-26,"historical",0.99,0.0544307167519875,0.0873675168570425,0.00722941550555551,-0.00722941550555551,FALSE,0,"","ok"
2024-05-03,2014-03-28,2024-04-26,"student_t",0.95,0.0285260697654135,0.0454282604879422,0.00722941550555551,-0.00722941550555551,FALSE,0,"","ok"
2024-05-03,2014-03-28,2024-04-26,"student_t",0.99,0.0534637008987658,0.0786971861528043,0.00722941550555551,-0.00722941550555551,FALSE,0,"","ok"
2024-05-10,2014-04-04,2024-05-03,"ewma",0.95,0.0191568961436795,0.0250714965518213,0.0224103745157978,-0.0224103745157978,FALSE,0,"","ok"
2024-05-10,2014-04-04,2024-05-03,"ewma",0.99,0.0288031270739612,0.0335996210207837,0.0224103745157978,-0.0224103745157978,FALSE,0,"","ok"
2024-05-10,2014-04-04,2024-05-03,"filtered_historical",0.95,0.0246894625465865,0.0398613022829998,0.0224103745157978,-0.0224103745157978,FALSE,0,"","ok"
2024-05-10,2014-04-04,2024-05-03,"filtered_historical",0.99,0.0492049596274798,0.0662916492066578,0.0224103745157978,-0.0224103745157978,FALSE,0,"","ok"
2024-05-10,2014-04-04,2024-05-03,"gaussian",0.95,0.032621597715703,0.0412204081708866,0.0224103745157978,-0.0224103745157978,FALSE,0,"","ok"
2024-05-10,2014-04-04,2024-05-03,"gaussian",0.99,0.0466455563355013,0.0536188325421893,0.0224103745157978,-0.0224103745157978,FALSE,0,"","ok"
2024-05-10,2014-04-04,2024-05-03,"historical",0.95,0.0318656127387663,0.0522496190389464,0.0224103745157978,-0.0224103745157978,FALSE,0,"","ok"
2024-05-10,2014-04-04,2024-05-03,"historical",0.99,0.0544307167519875,0.0873675168570425,0.0224103745157978,-0.0224103745157978,FALSE,0,"","ok"
2024-05-10,2014-04-04,2024-05-03,"student_t",0.95,0.0285275638541612,0.0454234164022981,0.0224103745157978,-0.0224103745157978,FALSE,0,"","ok"
2024-05-10,2014-04-04,2024-05-03,"student_t",0.99,0.0534593916034539,0.0786710408538082,0.0224103745157978,-0.0224103745157978,FALSE,0,"","ok"
2024-05-17,2014-04-11,2024-05-10,"ewma",0.95,0.0196499231160292,0.0258260906734516,0.00689122218794441,-0.00689122218794441,FALSE,0,"","ok"
2024-05-17,2014-04-11,2024-05-10,"ewma",0.99,0.0297227487359983,0.0347313627182648,0.00689122218794441,-0.00689122218794441,FALSE,0,"","ok"
2024-05-17,2014-04-11,2024-05-10,"filtered_historical",0.95,0.0257813287572696,0.0415948417694356,0.00689122218794441,-0.00689122218794441,FALSE,0,"","ok"
2024-05-17,2014-04-11,2024-05-10,"filtered_historical",0.99,0.0511252276469555,0.0691638893744243,0.00689122218794441,-0.00689122218794441,FALSE,0,"","ok"
2024-05-17,2014-04-11,2024-05-10,"gaussian",0.95,0.0326248857311426,0.0412315594591511,0.00689122218794441,-0.00689122218794441,FALSE,0,"","ok"
2024-05-17,2014-04-11,2024-05-10,"gaussian",0.99,0.0466616687076686,0.0536413217002599,0.00689122218794441,-0.00689122218794441,FALSE,0,"","ok"
2024-05-17,2014-04-11,2024-05-10,"historical",0.95,0.0318656127387663,0.0522496190389464,0.00689122218794441,-0.00689122218794441,FALSE,0,"","ok"
2024-05-17,2014-04-11,2024-05-10,"historical",0.99,0.0544307167519875,0.0873675168570425,0.00689122218794441,-0.00689122218794441,FALSE,0,"","ok"
2024-05-17,2014-04-11,2024-05-10,"student_t",0.95,0.028574258334482,0.0454450158267082,0.00689122218794441,-0.00689122218794441,FALSE,0,"","ok"
2024-05-17,2014-04-11,2024-05-10,"student_t",0.99,0.0534876116655414,0.0785970287734402,0.00689122218794441,-0.00689122218794441,FALSE,0.0100000000000193,"","ok"
2024-05-24,2014-04-17,2024-05-17,"ewma",0.95,0.0189231788341138,0.0249525946483422,-0.00597948429697704,0.00597948429697704,FALSE,0,"","ok"
2024-05-24,2014-04-17,2024-05-17,"ewma",0.99,0.0287566643285317,0.0336462687751842,-0.00597948429697704,0.00597948429697704,FALSE,0,"","ok"
2024-05-24,2014-04-17,2024-05-17,"filtered_historical",0.95,0.0251687393315933,0.0406184800073855,-0.00597948429697704,0.00597948429697704,FALSE,0,"","ok"
2024-05-24,2014-04-17,2024-05-17,"filtered_historical",0.99,0.0500152403912916,0.067544855954802,-0.00597948429697704,0.00597948429697704,FALSE,0,"","ok"
2024-05-24,2014-04-17,2024-05-17,"gaussian",0.95,0.0325214789615502,0.0411167387052426,-0.00597948429697704,0.00597948429697704,FALSE,0,"","ok"
2024-05-24,2014-04-17,2024-05-17,"gaussian",0.99,0.0465396466604666,0.0535100433884072,-0.00597948429697704,0.00597948429697704,FALSE,0,"","ok"
2024-05-24,2014-04-17,2024-05-17,"historical",0.95,0.0318656127387663,0.0522496190389464,-0.00597948429697704,0.00597948429697704,FALSE,0,"","ok"
2024-05-24,2014-04-17,2024-05-17,"historical",0.99,0.0544307167519875,0.0873675168570425,-0.00597948429697704,0.00597948429697704,FALSE,0,"","ok"
2024-05-24,2014-04-17,2024-05-17,"student_t",0.95,0.0284001039235451,0.0453136637254719,-0.00597948429697704,0.00597948429697704,FALSE,0,"","ok"
2024-05-24,2014-04-17,2024-05-17,"student_t",0.99,0.0533466498873749,0.0786245017248822,-0.00597948429697704,0.00597948429697704,FALSE,0.0200000000000102,"","ok"
2024-05-31,2014-04-25,2024-05-24,"ewma",0.95,0.0181007361450234,0.0239784226457084,-0.00511453893608044,0.00511453893608044,FALSE,0,"","ok"
2024-05-31,2014-04-25,2024-05-24,"ewma",0.99,0.0276867635025707,0.032453321811911,-0.00511453893608044,0.00511453893608044,FALSE,0,"","ok"
2024-05-31,2014-04-25,2024-05-24,"filtered_historical",0.95,0.0245353719110574,0.0395892588956922,-0.00511453893608044,0.00511453893608044,FALSE,0,"","ok"
2024-05-31,2014-04-25,2024-05-24,"filtered_historical",0.99,0.0486948251555107,0.0658307349580456,-0.00511453893608044,0.00511453893608044,FALSE,0,"","ok"
2024-05-31,2014-04-25,2024-05-24,"gaussian",0.95,0.0325500021172047,0.0411406870136098,-0.00511453893608044,0.00511453893608044,FALSE,0,"","ok"
2024-05-31,2014-04-25,2024-05-24,"gaussian",0.99,0.0465607086132742,0.0535273953311031,-0.00511453893608044,0.00511453893608044,FALSE,0,"","ok"
2024-05-31,2014-04-25,2024-05-24,"historical",0.95,0.0318656127387663,0.0522496190389464,-0.00511453893608044,0.00511453893608044,FALSE,0,"","ok"
2024-05-31,2014-04-25,2024-05-24,"historical",0.99,0.0544307167519875,0.0873675168570425,-0.00511453893608044,0.00511453893608044,FALSE,0.0200000000000102,"","ok"
2024-05-31,2014-04-25,2024-05-24,"student_t",0.95,0.0284009045732003,0.0453306758071805,-0.00511453893608044,0.00511453893608044,FALSE,0,"","ok"
2024-05-31,2014-04-25,2024-05-24,"student_t",0.99,0.0533596319883501,0.0787025566848775,-0.00511453893608044,0.00511453893608044,FALSE,0,"","ok"
2024-06-07,2014-05-02,2024-05-31,"ewma",0.95,0.0179959532751915,0.0237185761964904,0.00475875251179254,-0.00475875251179254,FALSE,0,"","ok"
2024-06-07,2014-05-02,2024-05-31,"ewma",0.99,0.027329084580188,0.0319698928018514,0.00475875251179254,-0.00475875251179254,FALSE,0,"","ok"
2024-06-07,2014-05-02,2024-05-31,"filtered_historical",0.95,0.0238880861822347,0.0385100389736876,0.00475875251179254,-0.00475875251179254,FALSE,0,"","ok"
2024-06-07,2014-05-02,2024-05-31,"filtered_historical",0.99,0.0471040609712301,0.0640227354528744,0.00475875251179254,-0.00475875251179254,FALSE,0,"","ok"
2024-06-07,2014-05-02,2024-05-31,"gaussian",0.95,0.0325703189582129,0.0411616337433795,0.00475875251179254,-0.00475875251179254,FALSE,0,"","ok"
2024-06-07,2014-05-02,2024-05-31,"gaussian",0.99,0.0465820527514849,0.0535492502827962,0.00475875251179254,-0.00475875251179254,FALSE,0,"","ok"
2024-06-07,2014-05-02,2024-05-31,"historical",0.95,0.0318656127387663,0.0522496190389464,0.00475875251179254,-0.00475875251179254,FALSE,0,"","ok"
2024-06-07,2014-05-02,2024-05-31,"historical",0.99,0.0544307167519875,0.0873675168570425,0.00475875251179254,-0.00475875251179254,FALSE,0,"","ok"
2024-06-07,2014-05-02,2024-05-31,"student_t",0.95,0.0284351638285872,0.0453541971769853,0.00475875251179254,-0.00475875251179254,FALSE,0,"","ok"
2024-06-07,2014-05-02,2024-05-31,"student_t",0.99,0.0533836369009218,0.0786910767443755,0.00475875251179254,-0.00475875251179254,FALSE,0,"","ok"
2024-06-14,2014-05-09,2024-06-07,"ewma",0.95,0.0169132958775389,0.0224829236466458,0.0019369810170183,-0.0019369810170183,FALSE,0.0199999999999818,"","ok"
2024-06-14,2014-05-09,2024-06-07,"ewma",0.99,0.025996904566058,0.0305136401081246,0.0019369810170183,-0.0019369810170183,FALSE,0,"","ok"
2024-06-14,2014-05-09,2024-06-07,"filtered_historical",0.95,0.0232494347401542,0.0374635323377604,0.0019369810170183,-0.0019369810170183,FALSE,0,"","ok"
2024-06-14,2014-05-09,2024-06-07,"filtered_historical",0.99,0.0457951994472082,0.0623031017796273,0.0019369810170183,-0.0019369810170183,FALSE,0,"","ok"
2024-06-14,2014-05-09,2024-06-07,"gaussian",0.95,0.0325763944957538,0.0411643118679569,0.0019369810170183,-0.0019369810170183,FALSE,0,"","ok"
2024-06-14,2014-05-09,2024-06-07,"gaussian",0.99,0.0465825873855413,0.0535470297568097,0.0019369810170183,-0.0019369810170183,FALSE,0,"","ok"
2024-06-14,2014-05-09,2024-06-07,"historical",0.95,0.0318656127387663,0.0522496190389464,0.0019369810170183,-0.0019369810170183,FALSE,0,"","ok"
2024-06-14,2014-05-09,2024-06-07,"historical",0.99,0.0544307167519875,0.0873675168570425,0.0019369810170183,-0.0019369810170183,FALSE,0,"","ok"
2024-06-14,2014-05-09,2024-06-07,"student_t",0.95,0.0284067898239967,0.0453493756756078,0.0019369810170183,-0.0019369810170183,FALSE,0,"","ok"
2024-06-14,2014-05-09,2024-06-07,"student_t",0.99,0.0533758651298845,0.0787676952443257,0.0019369810170183,-0.0019369810170183,FALSE,0,"","ok"
2024-06-21,2014-05-16,2024-06-14,"ewma",0.95,0.0170003653187638,0.0224039580635128,0.0085754372147311,-0.0085754372147311,FALSE,0,"","ok"
2024-06-21,2014-05-16,2024-06-14,"ewma",0.99,0.025813184422704,0.0301952724933714,0.0085754372147311,-0.0085754372147311,FALSE,0,"","ok"
2024-06-21,2014-05-16,2024-06-14,"filtered_historical",0.95,0.0225563506376395,0.0363102126812024,0.0085754372147311,-0.0085754372147311,FALSE,0,"","ok"
2024-06-21,2014-05-16,2024-06-14,"filtered_historical",0.99,0.0443535432822557,0.0604366751962523,0.0085754372147311,-0.0085754372147311,FALSE,0,"","ok"
2024-06-21,2014-05-16,2024-06-14,"gaussian",0.95,0.0325697609730949,0.0411575645286856,0.0085754372147311,-0.0085754372147311,FALSE,0,"","ok"
2024-06-21,2014-05-16,2024-06-14,"gaussian",0.99,0.0465757682372692,0.0535401183080178,0.0085754372147311,-0.0085754372147311,FALSE,0,"","ok"
2024-06-21,2014-05-16,2024-06-14,"historical",0.95,0.0318656127387663,0.0522496190389464,0.0085754372147311,-0.0085754372147311,FALSE,0,"","ok"
2024-06-21,2014-05-16,2024-06-14,"historical",0.99,0.0544307167519875,0.0873675168570425,0.0085754372147311,-0.0085754372147311,FALSE,0,"","ok"
2024-06-21,2014-05-16,2024-06-14,"student_t",0.95,0.0283967619113056,0.0453419973867584,0.0085754372147311,-0.0085754372147311,FALSE,0,"","ok"
2024-06-21,2014-05-16,2024-06-14,"student_t",0.99,0.0533683948292695,0.0787688804562232,0.0085754372147311,-0.0085754372147311,FALSE,0,"","ok"
2024-06-28,2014-05-23,2024-06-21,"ewma",0.95,0.0164918026077238,0.0218037983563461,-0.00485786537165279,0.00485786537165279,FALSE,0,"","ok"
2024-06-28,2014-05-23,2024-06-21,"ewma",0.99,0.0251552344807122,0.0294630412124638,-0.00485786537165279,0.00485786537165279,FALSE,0,"","ok"
2024-06-28,2014-05-23,2024-06-21,"filtered_historical",0.95,0.0221739950346378,0.035658367446017,-0.00485786537165279,0.00485786537165279,FALSE,0,"","ok"
2024-06-28,2014-05-23,2024-06-21,"filtered_historical",0.99,0.0435247949547878,0.0594028041693112,-0.00485786537165279,0.00485786537165279,FALSE,0,"","ok"
2024-06-28,2014-05-23,2024-06-21,"gaussian",0.95,0.0325627051057887,0.04115151143096,-0.00485786537165279,0.00485786537165279,FALSE,0,"","ok"
2024-06-28,2014-05-23,2024-06-21,"gaussian",0.99,0.0465703478053733,0.0535355110803777,-0.00485786537165279,0.00485786537165279,FALSE,0,"","ok"
2024-06-28,2014-05-23,2024-06-21,"historical",0.95,0.0318656127387663,0.0522496190389464,-0.00485786537165279,0.00485786537165279,FALSE,0,"","ok"
2024-06-28,2014-05-23,2024-06-21,"historical",0.99,0.0544307167519875,0.0873675168570425,-0.00485786537165279,0.00485786537165279,FALSE,0,"","ok"
2024-06-28,2014-05-23,2024-06-21,"student_t",0.95,0.0284027182152378,0.0453386680220252,-0.00485786537165279,0.00485786537165279,FALSE,0,"","ok"
2024-06-28,2014-05-23,2024-06-21,"student_t",0.99,0.0533659393901153,0.0787341705728291,-0.00485786537165279,0.00485786537165279,FALSE,0,"","ok"
2024-07-05,2014-05-30,2024-06-28,"ewma",0.95,0.0163935543219594,0.0215676717763163,0.0121347098538394,-0.0121347098538394,FALSE,0,"","ok"
2024-07-05,2014-05-30,2024-06-28,"ewma",0.99,0.0248321179409696,0.0290281111336472,0.0121347098538394,-0.0121347098538394,FALSE,0,"","ok"
2024-07-05,2014-05-30,2024-06-28,"filtered_historical",0.95,0.0215984462658855,0.0346967543633217,0.0121347098538394,-0.0121347098538394,FALSE,0,"","ok"
2024-07-05,2014-05-30,2024-06-28,"filtered_historical",0.99,0.0423180124523693,0.0578512836618881,0.0121347098538394,-0.0121347098538394,FALSE,0,"","ok"
2024-07-05,2014-05-30,2024-06-28,"gaussian",0.95,0.0325806296509292,0.0411700949429974,0.0121347098538394,-0.0121347098538394,FALSE,0,"","ok"
2024-07-05,2014-05-30,2024-06-28,"gaussian",0.99,0.0465893470717838,0.0535550447414242,0.0121347098538394,-0.0121347098538394,FALSE,0,"","ok"
2024-07-05,2014-05-30,2024-06-28,"historical",0.95,0.0318656127387663,0.0522496190389464,0.0121347098538394,-0.0121347098538394,FALSE,0,"","ok"
2024-07-05,2014-05-30,2024-06-28,"historical",0.99,0.0544307167519875,0.0873675168570425,0.0121347098538394,-0.0121347098538394,FALSE,0,"","ok"
2024-07-05,2014-05-30,2024-06-28,"student_t",0.95,0.0284346847336095,0.0453599006517,0.0121347098538394,-0.0121347098538394,FALSE,0,"","ok"
2024-07-05,2014-05-30,2024-06-28,"student_t",0.99,0.0533876996307825,0.0787203139099223,0.0121347098538394,-0.0121347098538394,FALSE,0,"","ok"
2024-07-12,2014-06-06,2024-07-05,"ewma",0.95,0.0161159270124441,0.0212838918880953,0.00728513914520766,-0.00728513914520766,FALSE,0,"","ok"
2024-07-12,2014-06-06,2024-07-05,"ewma",0.99,0.0245444562773278,0.0287354599855969,0.00728513914520766,-0.00728513914520766,FALSE,0,"","ok"
2024-07-12,2014-06-06,2024-07-05,"filtered_historical",0.95,0.021572763404601,0.0346234848124541,0.00728513914520766,-0.00728513914520766,FALSE,0,"","ok"
2024-07-12,2014-06-06,2024-07-05,"filtered_historical",0.99,0.0421986933453449,0.0577736280767942,0.00728513914520766,-0.00728513914520766,FALSE,0,"","ok"
2024-07-12,2014-06-06,2024-07-05,"gaussian",0.95,0.0325784248207929,0.0411692846501588,0.00728513914520766,-0.00728513914520766,FALSE,0,"","ok"
2024-07-12,2014-06-06,2024-07-05,"gaussian",0.99,0.0465894166182557,0.0535562451994108,0.00728513914520766,-0.00728513914520766,FALSE,0,"","ok"
2024-07-12,2014-06-06,2024-07-05,"historical",0.95,0.0318656127387663,0.0522496190389464,0.00728513914520766,-0.00728513914520766,FALSE,0,"","ok"
2024-07-12,2014-06-06,2024-07-05,"historical",0.99,0.0544307167519875,0.0873675168570425,0.00728513914520766,-0.00728513914520766,FALSE,0,"","ok"
2024-07-12,2014-06-06,2024-07-05,"student_t",0.95,0.0284474427406117,0.0453622463436216,0.00728513914520766,-0.00728513914520766,FALSE,0,"","ok"
2024-07-12,2014-06-06,2024-07-05,"student_t",0.99,0.0533912278823362,0.0786869461250507,0.00728513914520766,-0.00728513914520766,FALSE,0,"","ok"
2024-07-19,2014-06-13,2024-07-12,"ewma",0.95,0.0157457532643898,0.020811461974475,-0.0158393880621965,0.0158393880621965,TRUE,0,"","ok"
2024-07-19,2014-06-13,2024-07-12,"ewma",0.99,0.0240075110622211,0.0281155892902689,-0.0158393880621965,0.0158393880621965,FALSE,0,"","ok"
2024-07-19,2014-06-13,2024-07-12,"filtered_historical",0.95,0.0211459129673809,0.0339057696678446,-0.0158393880621965,0.0158393880621965,FALSE,0,"","ok"
2024-07-19,2014-06-13,2024-07-12,"filtered_historical",0.99,0.0412928154271441,0.0566211578271562,-0.0158393880621965,0.0158393880621965,FALSE,0,"","ok"
2024-07-19,2014-06-13,2024-07-12,"gaussian",0.95,0.0325788185649049,0.0411695778923755,-0.0158393880621965,0.0158393880621965,FALSE,0,"","ok"
2024-07-19,2014-06-13,2024-07-12,"gaussian",0.99,0.0465896464519723,0.0535563935302872,-0.0158393880621965,0.0158393880621965,FALSE,0,"","ok"
2024-07-19,2014-06-13,2024-07-12,"historical",0.95,0.0318656127387663,0.0522496190389464,-0.0158393880621965,0.0158393880621965,FALSE,0,"","ok"
2024-07-19,2014-06-13,2024-07-12,"historical",0.99,0.0544307167519875,0.0873675168570425,-0.0158393880621965,0.0158393880621965,FALSE,0,"","ok"
2024-07-19,2014-06-13,2024-07-12,"student_t",0.95,0.0284465526259097,0.0453622819914691,-0.0158393880621965,0.0158393880621965,FALSE,0,"","ok"
2024-07-19,2014-06-13,2024-07-12,"student_t",0.99,0.0533911808989385,0.0786901017070834,-0.0158393880621965,0.0158393880621965,FALSE,0.00999999999999091,"","ok"
2024-07-26,2014-06-20,2024-07-19,"ewma",0.95,0.0171160464949805,0.0222880963001778,0.00379375205488837,-0.00379375205488837,FALSE,0,"","ok"
2024-07-26,2014-06-20,2024-07-19,"ewma",0.99,0.0255512379468282,0.0297455543623792,0.00379375205488837,-0.00379375205488837,FALSE,0,"","ok"
2024-07-26,2014-06-20,2024-07-19,"filtered_historical",0.95,0.021589815226768,0.0345853335239043,0.00379375205488837,-0.00379375205488837,FALSE,0,"","ok"
2024-07-26,2014-06-20,2024-07-19,"filtered_historical",0.99,0.0420891527775888,0.0578002659155686,0.00379375205488837,-0.00379375205488837,FALSE,0,"","ok"
2024-07-26,2014-06-20,2024-07-19,"gaussian",0.95,0.0326052914809369,0.0411995829863673,0.00379375205488837,-0.00379375205488837,FALSE,0,"","ok"
2024-07-26,2014-06-20,2024-07-19,"gaussian",0.99,0.0466218800622078,0.05359149158935,0.00379375205488837,-0.00379375205488837,FALSE,0,"","ok"
2024-07-26,2014-06-20,2024-07-19,"historical",0.95,0.0318656127387663,0.0522496190389464,0.00379375205488837,-0.00379375205488837,FALSE,0,"","ok"
2024-07-26,2014-06-20,2024-07-19,"historical",0.99,0.0544307167519875,0.0873675168570425,0.00379375205488837,-0.00379375205488837,FALSE,0,"","ok"
2024-07-26,2014-06-20,2024-07-19,"student_t",0.95,0.0285010792059547,0.0453985619751913,0.00379375205488837,-0.00379375205488837,FALSE,0,"","ok"
2024-07-26,2014-06-20,2024-07-19,"student_t",0.99,0.0534304648549078,0.078661451877185,0.00379375205488837,-0.00379375205488837,FALSE,0,"","ok"
2024-08-02,2014-06-27,2024-07-26,"ewma",0.95,0.0162256775274259,0.0212551780070584,-0.0171521105317133,0.0171521105317133,TRUE,0,"","ok"
2024-08-02,2014-06-27,2024-07-26,"ewma",0.99,0.0244283826541685,0.0285070975193165,-0.0171521105317133,0.0171521105317133,FALSE,0,"","ok"
2024-08-02,2014-06-27,2024-07-26,"filtered_historical",0.95,0.0209947680567201,0.0336025627681338,-0.0171521105317133,0.0171521105317133,FALSE,0,"","ok"
2024-08-02,2014-06-27,2024-07-26,"filtered_historical",0.99,0.0408639706858996,0.0561982154890494,-0.0171521105317133,0.0171521105317133,FALSE,0,"","ok"
2024-08-02,2014-06-27,2024-07-26,"gaussian",0.95,0.0326119774312214,0.0412047725674762,-0.0171521105317133,0.0171521105317133,FALSE,0,"","ok"
2024-08-02,2014-06-27,2024-07-26,"gaussian",0.99,0.0466261255563958,0.0535945235906227,-0.0171521105317133,0.0171521105317133,FALSE,0,"","ok"
2024-08-02,2014-06-27,2024-07-26,"historical",0.95,0.0318656127387663,0.0522496190389464,-0.0171521105317133,0.0171521105317133,FALSE,0,"","ok"
2024-08-02,2014-06-27,2024-07-26,"historical",0.99,0.0544307167519875,0.0873675168570425,-0.0171521105317133,0.0171521105317133,FALSE,0,"","ok"
2024-08-02,2014-06-27,2024-07-26,"student_t",0.95,0.028489356242883,0.045400120918372,-0.0171521105317133,0.0171521105317133,FALSE,0.0100000000000193,"","ok"
2024-08-02,2014-06-27,2024-07-26,"student_t",0.99,0.053430827164137,0.0787078197473821,-0.0171521105317133,0.0171521105317133,FALSE,0,"","ok"
2024-08-09,2014-07-11,2024-08-02,"ewma",0.95,0.0178746757382868,0.0230573603139537,-0.000628322100643171,0.000628322100643171,FALSE,0,"","ok"
2024-08-09,2014-07-11,2024-08-02,"ewma",0.99,0.0263272116335053,0.0305301524038162,-0.000628322100643171,0.000628322100643171,FALSE,0,"","ok"
2024-08-09,2014-07-11,2024-08-02,"filtered_historical",0.95,0.0216342082116328,0.0345859922129059,-0.000628322100643171,0.000628322100643171,FALSE,0,"","ok"
2024-08-09,2014-07-11,2024-08-02,"filtered_historical",0.99,0.0420197187837259,0.0578972566825188,-0.000628322100643171,0.000628322100643171,FALSE,0.00999999999999091,"","ok"
2024-08-09,2014-07-11,2024-08-02,"gaussian",0.95,0.0326570547912146,0.0412555790427116,-0.000628322100643171,0.000628322100643171,FALSE,0,"","ok"
2024-08-09,2014-07-11,2024-08-02,"gaussian",0.99,0.0466805466361398,0.0536535907435894,-0.000628322100643171,0.000628322100643171,FALSE,0,"","ok"
2024-08-09,2014-07-11,2024-08-02,"historical",0.95,0.0318656127387663,0.0522496190389464,-0.000628322100643171,0.000628322100643171,FALSE,0,"","ok"
2024-08-09,2014-07-11,2024-08-02,"historical",0.99,0.0544307167519875,0.0873675168570425,-0.000628322100643171,0.000628322100643171,FALSE,0,"","ok"
2024-08-09,2014-07-11,2024-08-02,"student_t",0.95,0.0285843318801178,0.0454614835461659,-0.000628322100643171,0.000628322100643171,FALSE,0,"","ok"
2024-08-09,2014-07-11,2024-08-02,"student_t",0.99,0.0534968940972998,0.0786515709896039,-0.000628322100643171,0.000628322100643171,FALSE,0,"","ok"
2024-08-16,2014-07-18,2024-08-09,"ewma",0.95,0.0185017454457297,0.0235269561081135,0.0280313918851669,-0.0280313918851669,FALSE,0,"","ok"
2024-08-16,2014-07-18,2024-08-09,"ewma",0.99,0.026697454230374,0.0307726902328691,0.0280313918851669,-0.0280313918851669,FALSE,0,"","ok"
2024-08-16,2014-07-18,2024-08-09,"filtered_historical",0.95,0.0209768609664835,0.033494736319221,0.0280313918851669,-0.0280313918851669,FALSE,0,"","ok"
2024-08-16,2014-07-18,2024-08-09,"filtered_historical",0.99,0.0406525917998073,0.0561248497639979,0.0280313918851669,-0.0280313918851669,FALSE,0,"","ok"
2024-08-16,2014-07-18,2024-08-09,"gaussian",0.95,0.0326505611488602,0.0412487515807785,0.0280313918851669,-0.0280313918851669,FALSE,0,"","ok"
2024-08-16,2014-07-18,2024-08-09,"gaussian",0.99,0.0466735085612757,0.0536462819549867,0.0280313918851669,-0.0280313918851669,FALSE,0,"","ok"
2024-08-16,2014-07-18,2024-08-09,"historical",0.95,0.0318656127387663,0.0522496190389464,0.0280313918851669,-0.0280313918851669,FALSE,0,"","ok"
2024-08-16,2014-07-18,2024-08-09,"historical",0.99,0.0544307167519875,0.0873675168570425,0.0280313918851669,-0.0280313918851669,FALSE,0,"","ok"
2024-08-16,2014-07-18,2024-08-09,"student_t",0.95,0.028571214087631,0.0454535327383554,0.0280313918851669,-0.0280313918851669,FALSE,0,"","ok"
2024-08-16,2014-07-18,2024-08-09,"student_t",0.99,0.0534887317822607,0.0786604350046226,0.0280313918851669,-0.0280313918851669,FALSE,0,"","ok"
2024-08-23,2014-07-25,2024-08-16,"ewma",0.95,0.0197404177679695,0.0253945742038275,0.00818704364402495,-0.00818704364402495,FALSE,0,"","ok"
2024-08-23,2014-07-25,2024-08-16,"ewma",0.99,0.0289618858186507,0.0335471705796716,0.00818704364402495,-0.00818704364402495,FALSE,0,"","ok"
2024-08-23,2014-07-25,2024-08-16,"filtered_historical",0.95,0.0236022848405339,0.0376425809773728,0.00818704364402495,-0.00818704364402495,FALSE,0,"","ok"
2024-08-23,2014-07-25,2024-08-16,"filtered_historical",0.99,0.0456407183352909,0.063134239257623,0.00818704364402495,-0.00818704364402495,FALSE,0,"","ok"
2024-08-23,2014-07-25,2024-08-16,"gaussian",0.95,0.0326629924786826,0.0412745604840026,0.00818704364402495,-0.00818704364402495,FALSE,0,"","ok"
2024-08-23,2014-07-25,2024-08-16,"gaussian",0.99,0.0467077576223758,0.0536913796694897,0.00818704364402495,-0.00818704364402495,FALSE,0,"","ok"
2024-08-23,2014-07-25,2024-08-16,"historical",0.95,0.0318656127387663,0.0522496190389464,0.00818704364402495,-0.00818704364402495,FALSE,0,"","ok"
2024-08-23,2014-07-25,2024-08-16,"historical",0.99,0.0544307167519875,0.0873675168570425,0.00818704364402495,-0.00818704364402495,FALSE,0,"","ok"
2024-08-23,2014-07-25,2024-08-16,"student_t",0.95,0.0286300857856929,0.0454930456086531,0.00818704364402495,-0.00818704364402495,FALSE,0,"","ok"
2024-08-23,2014-07-25,2024-08-16,"student_t",0.99,0.0535398326276759,0.0786099969277665,0.00818704364402495,-0.00818704364402495,FALSE,0.0199999999999818,"","ok"
2024-08-30,2014-08-01,2024-08-23,"ewma",0.95,0.0185342361812115,0.024079822104289,0.00414502201272575,-0.00414502201272575,FALSE,0,"","ok"
2024-08-30,2014-08-01,2024-08-23,"ewma",0.99,0.027578634579468,0.0320758731883536,0.00414502201272575,-0.00414502201272575,FALSE,0,"","ok"
2024-08-30,2014-08-01,2024-08-23,"filtered_historical",0.95,0.0230121333024822,0.0368784011260582,0.00414502201272575,-0.00414502201272575,FALSE,0,"","ok"
2024-08-30,2014-08-01,2024-08-23,"filtered_historical",0.99,0.0446586690677262,0.0619054337527154,0.00414502201272575,-0.00414502201272575,FALSE,0,"","ok"
2024-08-30,2014-08-01,2024-08-23,"gaussian",0.95,0.0326567262877915,0.0412691660845956,0.00414502201272575,-0.00414502201272575,FALSE,0,"","ok"
2024-08-30,2014-08-01,2024-08-23,"gaussian",0.99,0.0467029132523006,0.0536872422859035,0.00414502201272575,-0.00414502201272575,FALSE,0,"","ok"
2024-08-30,2014-08-01,2024-08-23,"historical",0.95,0.0318656127387663,0.0522496190389464,0.00414502201272575,-0.00414502201272575,FALSE,0,"","ok"
2024-08-30,2014-08-01,2024-08-23,"historical",0.99,0.0544307167519875,0.0873675168570425,0.00414502201272575,-0.00414502201272575,FALSE,0,"","ok"
2024-08-30,2014-08-01,2024-08-23,"student_t",0.95,0.0286349543228866,0.0454895489785796,0.00414502201272575,-0.00414502201272575,FALSE,0,"","ok"
2024-08-30,2014-08-01,2024-08-23,"student_t",0.99,0.0535369102055322,0.0785786659439108,0.00414502201272575,-0.00414502201272575,FALSE,0,"","ok"
2024-09-06,2014-08-08,2024-08-30,"ewma",0.95,0.0176055574299003,0.0229989152573724,-0.0334416879298544,0.0334416879298544,TRUE,0,"","ok"
2024-09-06,2014-08-08,2024-08-30,"ewma",0.99,0.0264016842184188,0.0307754721985683,-0.0334416879298544,0.0334416879298544,TRUE,0,"","ok"
2024-09-06,2014-08-08,2024-08-30,"filtered_historical",0.95,0.0224684887003482,0.0358709519002153,-0.0334416879298544,0.0334416879298544,TRUE,0,"","ok"
2024-09-06,2014-08-08,2024-08-30,"filtered_historical",0.99,0.0434519856134329,0.0602091543658775,-0.0334416879298544,0.0334416879298544,FALSE,0,"","ok"
2024-09-06,2014-08-08,2024-08-30,"gaussian",0.95,0.0325656601765978,0.0411677175134187,-0.0334416879298544,0.0334416879298544,TRUE,0,"","ok"
2024-09-06,2014-08-08,2024-08-30,"gaussian",0.99,0.0465949141955633,0.0535708234876746,-0.0334416879298544,0.0334416879298544,FALSE,0,"","ok"
2024-09-06,2014-08-08,2024-08-30,"historical",0.95,0.0318656127387663,0.0522496190389464,-0.0334416879298544,0.0334416879298544,TRUE,0,"","ok"
2024-09-06,2014-08-08,2024-08-30,"historical",0.99,0.0544307167519875,0.0873675168570425,-0.0334416879298544,0.0334416879298544,FALSE,0,"","ok"
2024-09-06,2014-08-08,2024-08-30,"student_t",0.95,0.0284692059669584,0.0453721849502717,-0.0334416879298544,0.0334416879298544,TRUE,0,"","ok"
2024-09-06,2014-08-08,2024-08-30,"student_t",0.99,0.0534112057433446,0.0786346883517035,-0.0334416879298544,0.0334416879298544,FALSE,0,"","ok"
2024-09-13,2014-08-15,2024-09-06,"ewma",0.95,0.0215631592422904,0.0278128976661117,0.0253896981504601,-0.0253896981504601,FALSE,0,"","ok"
2024-09-13,2014-08-15,2024-09-06,"ewma",0.99,0.0317559729456554,0.0368242498283706,0.0253896981504601,-0.0253896981504601,FALSE,0,"","ok"
2024-09-13,2014-08-15,2024-09-06,"filtered_historical",0.95,0.0260884374406595,0.0420211046858684,0.0253896981504601,-0.0253896981504601,FALSE,0,"","ok"
2024-09-13,2014-08-15,2024-09-06,"filtered_historical",0.99,0.0502216995670496,0.0697485259987216,0.0253896981504601,-0.0253896981504601,FALSE,0,"","ok"
2024-09-13,2014-08-15,2024-09-06,"gaussian",0.95,0.0327047701050076,0.0413291120093603,0.0253896981504601,-0.0253896981504601,FALSE,0,"","ok"
2024-09-13,2014-08-15,2024-09-06,"gaussian",0.99,0.0467703684363121,0.0537643495821241,0.0253896981504601,-0.0253896981504601,FALSE,0,"","ok"
2024-09-13,2014-08-15,2024-09-06,"historical",0.95,0.0321451205406516,0.0522995161024912,0.0253896981504601,-0.0253896981504601,FALSE,0,"","ok"
2024-09-13,2014-08-15,2024-09-06,"historical",0.99,0.0544307167519875,0.0873675168570425,0.0253896981504601,-0.0253896981504601,FALSE,0,"","ok"
2024-09-13,2014-08-15,2024-09-06,"student_t",0.95,0.0286531206412128,0.0455521888005524,0.0253896981504601,-0.0253896981504601,FALSE,0,"","ok"
2024-09-13,2014-08-15,2024-09-06,"student_t",0.99,0.053611160686504,0.078752648575061,0.0253896981504601,-0.0253896981504601,FALSE,0,"","ok"
2024-09-20,2014-08-22,2024-09-13,"ewma",0.95,0.0230652372240001,0.0296583499061926,0.00418782880445508,-0.00418782880445508,FALSE,0,"","ok"
2024-09-20,2014-08-22,2024-09-13,"ewma",0.99,0.0338180663406132,0.0391648054081118,0.00418782880445508,-0.00418782880445508,FALSE,0.00999999999999091,"","ok"
2024-09-20,2014-08-22,2024-09-13,"filtered_historical",0.95,0.0275217930869769,0.0443118921385396,0.00418782880445508,-0.00418782880445508,FALSE,0,"","ok"
2024-09-20,2014-08-22,2024-09-13,"filtered_historical",0.99,0.0529109504039388,0.0735690512605092,0.00418782880445508,-0.00418782880445508,FALSE,0,"","ok"
2024-09-20,2014-08-22,2024-09-13,"gaussian",0.95,0.0327149494163385,0.0413468434578049,0.00418782880445508,-0.00418782880445508,FALSE,0,"","ok"
2024-09-20,2014-08-22,2024-09-13,"gaussian",0.99,0.046792864667399,0.0537929702810452,0.00418782880445508,-0.00418782880445508,FALSE,0,"","ok"
2024-09-20,2014-08-22,2024-09-13,"historical",0.95,0.0321451205406516,0.0522995161024912,0.00418782880445508,-0.00418782880445508,FALSE,0,"","ok"
2024-09-20,2014-08-22,2024-09-13,"historical",0.99,0.0544307167519875,0.0873675168570425,0.00418782880445508,-0.00418782880445508,FALSE,0,"","ok"
2024-09-20,2014-08-22,2024-09-13,"student_t",0.95,0.0286822774556048,0.0455765305593876,0.00418782880445508,-0.00418782880445508,FALSE,0,"","ok"
2024-09-20,2014-08-22,2024-09-13,"student_t",0.99,0.0536421083845663,0.0787453011200131,0.00418782880445508,-0.00418782880445508,FALSE,0,"","ok"
2024-09-27,2014-08-29,2024-09-20,"ewma",0.95,0.0224831917820671,0.0288898071536712,0.00860245864056496,-0.00860245864056496,FALSE,0,"","ok"
2024-09-27,2014-08-29,2024-09-20,"ewma",0.99,0.0329318589939578,0.0381273565303963,0.00860245864056496,-0.00860245864056496,FALSE,0,"","ok"
2024-09-27,2014-08-29,2024-09-20,"filtered_historical",0.95,0.026743292757741,0.0430408186210629,0.00860245864056496,-0.00860245864056496,FALSE,0,"","ok"
2024-09-27,2014-08-29,2024-09-20,"filtered_historical",0.99,0.0513457347885133,0.0714764352755191,0.00860245864056496,-0.00860245864056496,FALSE,0,"","ok"
2024-09-27,2014-08-29,2024-09-20,"gaussian",0.95,0.0327219284455975,0.0413503821882434,0.00860245864056496,-0.00860245864056496,FALSE,0,"","ok"
2024-09-27,2014-08-29,2024-09-20,"gaussian",0.99,0.046794232849838,0.053791548524802,0.00860245864056496,-0.00860245864056496,FALSE,0,"","ok"
2024-09-27,2014-08-29,2024-09-20,"historical",0.95,0.0321451205406516,0.0522995161024912,0.00860245864056496,-0.00860245864056496,FALSE,0,"","ok"
2024-09-27,2014-08-29,2024-09-20,"historical",0.99,0.0544307167519875,0.0873675168570425,0.00860245864056496,-0.00860245864056496,FALSE,0,"","ok"
2024-09-27,2014-08-29,2024-09-20,"student_t",0.95,0.0286543995973675,0.045573603891013,0.00860245864056496,-0.00860245864056496,FALSE,0,"","ok"
2024-09-27,2014-08-29,2024-09-20,"student_t",0.99,0.0536366695873139,0.0788273660579246,0.00860245864056496,-0.00860245864056496,FALSE,0,"","ok"
2024-10-04,2014-09-05,2024-09-27,"ewma",0.95,0.0226497548615835,0.0289232955904739,-0.00129243649098055,0.00129243649098055,FALSE,0,"","ok"
2024-10-04,2014-09-05,2024-09-27,"ewma",0.99,0.0328813881834392,0.0379689677416195,-0.00129243649098055,0.00129243649098055,FALSE,0,"","ok"
2024-10-04,2014-09-05,2024-09-27,"filtered_historical",0.95,0.0261877959902241,0.0421131169375749,-0.00129243649098055,0.00129243649098055,FALSE,0,"","ok"
2024-10-04,2014-09-05,2024-09-27,"filtered_historical",0.99,0.0501491857039403,0.0699691154914843,-0.00129243649098055,0.00129243649098055,FALSE,0,"","ok"
2024-10-04,2014-09-05,2024-09-27,"gaussian",0.95,0.032720483860701,0.041349341959612,-0.00129243649098055,0.00129243649098055,FALSE,0,"","ok"
2024-10-04,2014-09-05,2024-09-27,"gaussian",0.99,0.0467934477370346,0.0537910913280443,-0.00129243649098055,0.00129243649098055,FALSE,0,"","ok"
2024-10-04,2014-09-05,2024-09-27,"historical",0.95,0.0321451205406516,0.0522995161024912,-0.00129243649098055,0.00129243649098055,FALSE,0,"","ok"
2024-10-04,2014-09-05,2024-09-27,"historical",0.99,0.0544307167519875,0.0873675168570425,-0.00129243649098055,0.00129243649098055,FALSE,0,"","ok"
2024-10-04,2014-09-05,2024-09-27,"student_t",0.95,0.0286580603054191,0.0455734769182424,-0.00129243649098055,0.00129243649098055,FALSE,0.0100000000000193,"","ok"
2024-10-04,2014-09-05,2024-09-27,"student_t",0.99,0.0536368274668205,0.0788145823929862,-0.00129243649098055,0.00129243649098055,FALSE,0,"","ok"
2024-10-11,2014-09-12,2024-10-04,"ewma",0.95,0.0223122888664756,0.0283961506448835,0.00392873042142,-0.00392873042142,FALSE,0,"","ok"
2024-10-11,2014-09-12,2024-10-04,"ewma",0.99,0.0322345712884042,0.0371683291384305,0.00392873042142,-0.00392873042142,FALSE,0,"","ok"
2024-10-11,2014-09-12,2024-10-04,"filtered_historical",0.95,0.0253960144629243,0.0408033215009365,0.00392873042142,-0.00392873042142,FALSE,0,"","ok"
2024-10-11,2014-09-12,2024-10-04,"filtered_historical",0.99,0.0484933228957609,0.0678282628945107,0.00392873042142,-0.00392873042142,FALSE,0,"","ok"
2024-10-11,2014-09-12,2024-10-04,"gaussian",0.95,0.0327300584566378,0.0413589272231127,0.00392873042142,-0.00392873042142,FALSE,0,"","ok"
2024-10-11,2014-09-12,2024-10-04,"gaussian",0.99,0.0468030397308982,0.0538006919728568,0.00392873042142,-0.00392873042142,FALSE,0,"","ok"
2024-10-11,2014-09-12,2024-10-04,"historical",0.95,0.0321451205406516,0.0522995161024912,0.00392873042142,-0.00392873042142,FALSE,0,"","ok"
2024-10-11,2014-09-12,2024-10-04,"historical",0.99,0.0544307167519875,0.0873675168570425,0.00392873042142,-0.00392873042142,FALSE,0,"","ok"
2024-10-11,2014-09-12,2024-10-04,"student_t",0.95,0.0286699980858347,0.0455833849665711,0.00392873042142,-0.00392873042142,FALSE,0,"","ok"
2024-10-11,2014-09-12,2024-10-04,"student_t",0.99,0.0536467029049708,0.0788181695421499,0.00392873042142,-0.00392873042142,FALSE,0.0200000000000102,"","ok"
2024-10-18,2014-09-19,2024-10-11,"ewma",0.95,0.0211412065908362,0.0270534205391356,0.0105489535066651,-0.0105489535066651,FALSE,0,"","ok"
2024-10-18,2014-09-19,2024-10-11,"ewma",0.99,0.0307835453997307,0.0355781040272758,0.0105489535066651,-0.0105489535066651,FALSE,0,"","ok"
2024-10-18,2014-09-19,2024-10-11,"filtered_historical",0.95,0.0246795006867105,0.0396221272958481,0.0105489535066651,-0.0105489535066651,FALSE,0,"","ok"
2024-10-18,2014-09-19,2024-10-11,"filtered_historical",0.99,0.0470116152505757,0.0658931114795351,0.0105489535066651,-0.0105489535066651,FALSE,0.0100000000000193,"","ok"
2024-10-18,2014-09-19,2024-10-11,"gaussian",0.95,0.0326974380945124,0.0413243706318251,0.0105489535066651,-0.0105489535066651,FALSE,0,"","ok"
2024-10-18,2014-09-19,2024-10-11,"gaussian",0.99,0.0467672615369087,0.0537633435778706,0.0105489535066651,-0.0105489535066651,FALSE,0,"","ok"
2024-10-18,2014-09-19,2024-10-11,"historical",0.95,0.0321451205406516,0.0522995161024912,0.0105489535066651,-0.0105489535066651,FALSE,0,"","ok"
2024-10-18,2014-09-19,2024-10-11,"historical",0.99,0.0544307167519875,0.0873675168570425,0.0105489535066651,-0.0105489535066651,FALSE,0,"","ok"
2024-10-18,2014-09-19,2024-10-11,"student_t",0.95,0.0286053566673464,0.0455433359426091,0.0105489535066651,-0.0105489535066651,FALSE,0,"","ok"
2024-10-18,2014-09-19,2024-10-11,"student_t",0.99,0.0536053820452196,0.0788588361575552,0.0105489535066651,-0.0105489535066651,FALSE,0,"","ok"
2024-10-25,2014-09-26,2024-10-18,"ewma",0.95,0.0200458592535541,0.0258787687380369,-0.0114367528299083,0.0114367528299083,FALSE,0,"","ok"
2024-10-25,2014-09-26,2024-10-18,"ewma",0.99,0.0295588589492391,0.0342891049682555,-0.0114367528299083,0.0114367528299083,FALSE,0,"","ok"
2024-10-25,2014-09-26,2024-10-18,"filtered_historical",0.95,0.024348458104822,0.0390590438574691,-0.0114367528299083,0.0114367528299083,FALSE,0,"","ok"
2024-10-25,2014-09-26,2024-10-18,"filtered_historical",0.99,0.04626247756019,0.0649859490974686,-0.0114367528299083,0.0114367528299083,FALSE,0,"","ok"
2024-10-25,2014-09-26,2024-10-18,"gaussian",0.95,0.0326960910224085,0.0413236853727339,-0.0114367528299083,0.0114367528299083,FALSE,0,"","ok"
2024-10-25,2014-09-26,2024-10-18,"gaussian",0.99,0.0467669938278577,0.0537636125715366,-0.0114367528299083,0.0114367528299083,FALSE,0,"","ok"
2024-10-25,2014-09-26,2024-10-18,"historical",0.95,0.0321451205406516,0.0522995161024912,-0.0114367528299083,0.0114367528299083,FALSE,0,"","ok"
2024-10-25,2014-09-26,2024-10-18,"historical",0.99,0.0544307167519875,0.0873675168570425,-0.0114367528299083,0.0114367528299083,FALSE,0,"","ok"
2024-10-25,2014-09-26,2024-10-18,"student_t",0.95,0.0286115435530301,0.045544082404272,-0.0114367528299083,0.0114367528299083,FALSE,0,"","ok"
2024-10-25,2014-09-26,2024-10-18,"student_t",0.99,0.053606629547596,0.0788411841393681,-0.0114367528299083,0.0114367528299083,FALSE,0,"","ok"
2024-11-01,2014-10-03,2024-10-25,"ewma",0.95,0.0206280695281882,0.0264031683237982,-0.0112312345771115,0.0112312345771115,FALSE,0.00999999999999091,"","ok"
2024-11-01,2014-10-03,2024-10-25,"ewma",0.99,0.0300467847047809,0.0347301486692027,-0.0112312345771115,0.0112312345771115,FALSE,0,"","ok"
2024-11-01,2014-10-03,2024-10-25,"filtered_historical",0.95,0.0241071375186339,0.0386736744636702,-0.0112312345771115,0.0112312345771115,FALSE,0,"","ok"
2024-11-01,2014-10-03,2024-10-25,"filtered_historical",0.99,0.0458104955252649,0.0643431729657747,-0.0112312345771115,0.0112312345771115,FALSE,0,"","ok"
2024-11-01,2014-10-03,2024-10-25,"gaussian",0.95,0.0326528055469891,0.0412740029846093,-0.0112312345771115,0.0112312345771115,FALSE,0,"","ok"
2024-11-01,2014-10-03,2024-10-25,"gaussian",0.99,0.0467132755094841,0.0537047066240839,-0.0112312345771115,0.0112312345771115,FALSE,0,"","ok"
2024-11-01,2014-10-03,2024-10-25,"historical",0.95,0.0321451205406516,0.0522995161024912,-0.0112312345771115,0.0112312345771115,FALSE,0,"","ok"
2024-11-01,2014-10-03,2024-10-25,"historical",0.99,0.0544307167519875,0.0873675168570425,-0.0112312345771115,0.0112312345771115,FALSE,0,"","ok"
2024-11-01,2014-10-03,2024-10-25,"student_t",0.95,0.0285368870741718,0.0454862979513838,-0.0112312345771115,0.0112312345771115,FALSE,0,"","ok"
2024-11-01,2014-10-03,2024-10-25,"student_t",0.99,0.0535433328121386,0.0788502926754321,-0.0112312345771115,0.0112312345771115,FALSE,0,"","ok"
2024-11-08,2014-10-10,2024-11-01,"ewma",0.95,0.021053673018503,0.0267696293703244,0.016731798773873,-0.016731798773873,FALSE,0,"","ok"
2024-11-08,2014-10-10,2024-11-01,"ewma",0.99,0.03037593169234,0.0350113336045423,0.016731798773873,-0.016731798773873,FALSE,0,"","ok"
2024-11-08,2014-10-10,2024-11-01,"filtered_historical",0.95,0.0238602577548822,0.0382531974959579,0.016731798773873,-0.016731798773873,FALSE,0,"","ok"
2024-11-08,2014-10-10,2024-11-01,"filtered_historical",0.99,0.0452505296255551,0.063665786821367,0.016731798773873,-0.016731798773873,FALSE,0,"","ok"
2024-11-08,2014-10-10,2024-11-01,"gaussian",0.95,0.0326458040901356,0.0412660820924051,0.016731798773873,-0.016731798773873,FALSE,0,"","ok"
2024-11-08,2014-10-10,2024-11-01,"gaussian",0.99,0.0467047745285535,0.053695460019478,0.016731798773873,-0.016731798773873,FALSE,0,"","ok"
2024-11-08,2014-10-10,2024-11-01,"historical",0.95,0.0321451205406516,0.0522995161024912,0.016731798773873,-0.016731798773873,FALSE,0,"","ok"
2024-11-08,2014-10-10,2024-11-01,"historical",0.99,0.0544307167519875,0.0873675168570425,0.016731798773873,-0.016731798773873,FALSE,0,"","ok"
2024-11-08,2014-10-10,2024-11-01,"student_t",0.95,0.0285219116985256,0.0454766660817342,0.016731798773873,-0.016731798773873,FALSE,0,"","ok"
2024-11-08,2014-10-10,2024-11-01,"student_t",0.99,0.0535329362948389,0.0788593948422469,0.016731798773873,-0.016731798773873,FALSE,0,"","ok"
2024-11-15,2014-10-17,2024-11-08,"ewma",0.95,0.0209782851886739,0.0267786922349514,-0.0110233265550028,0.0110233265550028,FALSE,0,"","ok"
2024-11-15,2014-10-17,2024-11-08,"ewma",0.99,0.0304382760582185,0.0351421639570998,-0.0110233265550028,0.0110233265550028,FALSE,0,"","ok"
2024-11-15,2014-10-17,2024-11-08,"filtered_historical",0.95,0.0242127823745324,0.0388743836696831,-0.0110233265550028,0.0110233265550028,FALSE,0,"","ok"
2024-11-15,2014-10-17,2024-11-08,"filtered_historical",0.99,0.0461284417128023,0.0646481253738121,-0.0110233265550028,0.0110233265550028,FALSE,0,"","ok"
2024-11-15,2014-10-17,2024-11-08,"gaussian",0.95,0.0324949717137265,0.0411000304092058,-0.0110233265550028,0.0110233265550028,FALSE,0,"","ok"
2024-11-15,2014-10-17,2024-11-08,"gaussian",0.99,0.0465291207039034,0.0535074639725548,-0.0110233265550028,0.0110233265550028,FALSE,0,"","ok"
2024-11-15,2014-10-17,2024-11-08,"historical",0.95,0.0321451205406516,0.0522995161024912,-0.0110233265550028,0.0110233265550028,FALSE,0,"","ok"
2024-11-15,2014-10-17,2024-11-08,"historical",0.99,0.0544307167519875,0.0873675168570425,-0.0110233265550028,0.0110233265550028,FALSE,0,"","ok"
2024-11-15,2014-10-17,2024-11-08,"student_t",0.95,0.028340273531673,0.0452972455128875,-0.0110233265550028,0.0110233265550028,FALSE,0,"","ok"
2024-11-15,2014-10-17,2024-11-08,"student_t",0.99,0.0533396266267327,0.0787214423211831,-0.0110233265550028,0.0110233265550028,FALSE,0,"","ok"
2024-11-22,2014-10-24,2024-11-15,"ewma",0.95,0.0210321237502674,0.0267678941693585,0.0205046503200078,-0.0205046503200078,FALSE,0,"","ok"
2024-11-22,2014-10-24,2024-11-15,"ewma",0.99,0.0303866975519851,0.0350381678453396,0.0205046503200078,-0.0205046503200078,FALSE,0,"","ok"
2024-11-22,2014-10-24,2024-11-15,"filtered_historical",0.95,0.0239429681052645,0.0383997933958391,0.0205046503200078,-0.0205046503200078,FALSE,0,"","ok"
2024-11-22,2014-10-24,2024-11-15,"filtered_historical",0.99,0.0454593368850724,0.0638971057732926,0.0205046503200078,-0.0205046503200078,FALSE,0,"","ok"
2024-11-22,2014-10-24,2024-11-15,"gaussian",0.95,0.0325076752323333,0.0411142158885869,0.0205046503200078,-0.0205046503200078,FALSE,0,"","ok"
2024-11-22,2014-10-24,2024-11-15,"gaussian",0.99,0.0465442411796791,0.0535237862566341,0.0205046503200078,-0.0205046503200078,FALSE,0,"","ok"
2024-11-22,2014-10-24,2024-11-15,"historical",0.95,0.0321451205406516,0.0522995161024912,0.0205046503200078,-0.0205046503200078,FALSE,0,"","ok"
2024-11-22,2014-10-24,2024-11-15,"historical",0.99,0.0544307167519875,0.0873675168570425,0.0205046503200078,-0.0205046503200078,FALSE,0,"","ok"
2024-11-22,2014-10-24,2024-11-15,"student_t",0.95,0.0283699910790532,0.0453149619415768,0.0205046503200078,-0.0205046503200078,FALSE,0.0200000000000102,"","ok"
2024-11-22,2014-10-24,2024-11-15,"student_t",0.99,0.0533585915110781,0.0786982802352464,0.0205046503200078,-0.0205046503200078,FALSE,0,"","ok"
2024-11-29,2014-10-31,2024-11-22,"ewma",0.95,0.0214328602781266,0.0273767490700417,0.00678231507195157,-0.00678231507195157,FALSE,0,"","ok"
2024-11-29,2014-10-31,2024-11-22,"ewma",0.99,0.0311268581738763,0.0359471037769033,0.00678231507195157,-0.00678231507195157,FALSE,0,"","ok"
2024-11-29,2014-10-31,2024-11-22,"filtered_historical",0.95,0.0248117217685968,0.0398280605463063,0.00678231507195157,-0.00678231507195157,FALSE,0,"","ok"
2024-11-29,2014-10-31,2024-11-22,"filtered_historical",0.99,0.0472395945933242,0.0662415159886142,0.00678231507195157,-0.00678231507195157,FALSE,0,"","ok"
2024-11-29,2014-10-31,2024-11-22,"gaussian",0.95,0.0324988136290666,0.0411001833998192,0.00678231507195157,-0.00678231507195157,FALSE,0,"","ok"
2024-11-29,2014-10-31,2024-11-22,"gaussian",0.99,0.0465269462838458,0.0535022979885874,0.00678231507195157,-0.00678231507195157,FALSE,0,"","ok"
2024-11-29,2014-10-31,2024-11-22,"historical",0.95,0.0321451205406516,0.0522995161024912,0.00678231507195157,-0.00678231507195157,FALSE,0,"","ok"
2024-11-29,2014-10-31,2024-11-22,"historical",0.99,0.0544307167519875,0.0873675168570425,0.00678231507195157,-0.00678231507195157,FALSE,0,"","ok"
2024-11-29,2014-10-31,2024-11-22,"student_t",0.95,0.0283568719253109,0.0452973468096826,0.00678231507195157,-0.00678231507195157,FALSE,0,"","ok"
2024-11-29,2014-10-31,2024-11-22,"student_t",0.99,0.0533361995533025,0.078678367313866,0.00678231507195157,-0.00678231507195157,FALSE,0,"","ok"
2024-12-06,2014-11-07,2024-11-29,"ewma",0.95,0.0209092176076581,0.026713693155629,0.00606494155400923,-0.00606494155400923,FALSE,0,"","ok"
2024-12-06,2014-11-07,2024-11-29,"ewma",0.99,0.0303758438716785,0.035083031155539,0.00606494155400923,-0.00606494155400923,FALSE,0,"","ok"
2024-12-06,2014-11-07,2024-11-29,"filtered_historical",0.95,0.0242297656217411,0.0389271470579901,0.00606494155400923,-0.00606494155400923,FALSE,0,"","ok"
2024-12-06,2014-11-07,2024-11-29,"filtered_historical",0.99,0.0462573257786781,0.0647117339299163,0.00606494155400923,-0.00606494155400923,FALSE,0,"","ok"
2024-12-06,2014-11-07,2024-11-29,"gaussian",0.95,0.0324919007130186,0.0410823078390554,0.00606494155400923,-0.00606494155400923,FALSE,0,"","ok"
2024-12-06,2014-11-07,2024-11-29,"gaussian",0.99,0.0465021541882695,0.053468615645929,0.00606494155400923,-0.00606494155400923,FALSE,0,"","ok"
2024-12-06,2014-11-07,2024-11-29,"historical",0.95,0.0321451205406516,0.0522995161024912,0.00606494155400923,-0.00606494155400923,FALSE,0,"","ok"
2024-12-06,2014-11-07,2024-11-29,"historical",0.99,0.0544307167519875,0.0873675168570425,0.00606494155400923,-0.00606494155400923,FALSE,0,"","ok"
2024-12-06,2014-11-07,2024-11-29,"student_t",0.95,0.0283002267513476,0.0452650598085859,0.00606494155400923,-0.00606494155400923,FALSE,0,"","ok"
2024-12-06,2014-11-07,2024-11-29,"student_t",0.99,0.0532939442369589,0.078747426087687,0.00606494155400923,-0.00606494155400923,FALSE,0,"","ok"
2024-12-13,2014-11-14,2024-12-06,"ewma",0.95,0.0192523056925122,0.0249140879393481,-0.00372301313585204,0.00372301313585204,FALSE,0,"","ok"
2024-12-13,2014-11-14,2024-12-06,"ewma",0.99,0.0284862108190138,0.0330776797942962,-0.00372301313585204,0.00372301313585204,FALSE,0,"","ok"
2024-12-13,2014-11-14,2024-12-06,"filtered_historical",0.95,0.0236341174507396,0.0379162299513479,-0.00372301313585204,0.00372301313585204,FALSE,0,"","ok"
2024-12-13,2014-11-14,2024-12-06,"filtered_historical",0.99,0.0449168275680892,0.0630816987091421,-0.00372301313585204,0.00372301313585204,FALSE,0,"","ok"
2024-12-13,2014-11-14,2024-12-06,"gaussian",0.95,0.0324905503321741,0.0410811322537881,-0.00372301313585204,0.00372301313585204,FALSE,0,"","ok"
2024-12-13,2014-11-14,2024-12-06,"gaussian",0.99,0.0465010888847568,0.0534676920943302,-0.00372301313585204,0.00372301313585204,FALSE,0,"","ok"
2024-12-13,2014-11-14,2024-12-06,"historical",0.95,0.0321451205406516,0.0522995161024912,-0.00372301313585204,0.00372301313585204,FALSE,0,"","ok"
2024-12-13,2014-11-14,2024-12-06,"historical",0.99,0.0544307167519875,0.0873675168570425,-0.00372301313585204,0.00372301313585204,FALSE,0,"","ok"
2024-12-13,2014-11-14,2024-12-06,"student_t",0.95,0.0283012484229241,0.0452643902030964,-0.00372301313585204,0.00372301313585204,FALSE,0,"","ok"
2024-12-13,2014-11-14,2024-12-06,"student_t",0.99,0.0532934323387656,0.0787410474189641,-0.00372301313585204,0.00372301313585204,FALSE,0,"","ok"
2024-12-20,2014-11-21,2024-12-13,"ewma",0.95,0.0190011969132369,0.0245037093189165,-0.0231958233063214,0.0231958233063214,TRUE,0,"","ok"
2024-12-20,2014-11-21,2024-12-13,"ewma",0.99,0.0279753459172608,0.0324376537022172,-0.0231958233063214,0.0231958233063214,FALSE,0,"","ok"
2024-12-20,2014-11-21,2024-12-13,"filtered_historical",0.95,0.0229692734193989,0.0368036698529287,-0.0231958233063214,0.0231958233063214,TRUE,0,"","ok"
2024-12-20,2014-11-21,2024-12-13,"filtered_historical",0.99,0.0434856179614961,0.061272109913389,-0.0231958233063214,0.0231958233063214,FALSE,0,"","ok"
2024-12-20,2014-11-21,2024-12-13,"gaussian",0.95,0.0325120680427582,0.0411021222631979,-0.0231958233063214,0.0231958233063214,FALSE,0,"","ok"
2024-12-20,2014-11-21,2024-12-13,"gaussian",0.99,0.0465217459577597,0.0534879212237166,-0.0231958233063214,0.0231958233063214,FALSE,0,"","ok"
2024-12-20,2014-11-21,2024-12-13,"historical",0.95,0.0321451205406516,0.0522995161024912,-0.0231958233063214,0.0231958233063214,FALSE,0,"","ok"
2024-12-20,2014-11-21,2024-12-13,"historical",0.99,0.0544307167519875,0.0873675168570425,-0.0231958233063214,0.0231958233063214,FALSE,0,"","ok"
2024-12-20,2014-11-21,2024-12-13,"student_t",0.95,0.02832042523035,0.0452846781964446,-0.0231958233063214,0.0231958233063214,FALSE,0.0199999999999818,"","ok"
2024-12-20,2014-11-21,2024-12-13,"student_t",0.99,0.0533132330933994,0.0787660356726539,-0.0231958233063214,0.0231958233063214,FALSE,0,"","ok"
2024-12-27,2014-11-28,2024-12-20,"ewma",0.95,0.0206292203487478,0.026468549043874,0.00737640039403868,-0.00737640039403868,FALSE,0,"","ok"
2024-12-27,2014-11-28,2024-12-20,"ewma",0.99,0.030152689253506,0.0348881409842983,0.00737640039403868,-0.00737640039403868,FALSE,0,"","ok"
2024-12-27,2014-11-28,2024-12-20,"filtered_historical",0.95,0.0245631081394179,0.039020545284808,0.00737640039403868,-0.00737640039403868,FALSE,0,"","ok"
2024-12-27,2014-11-28,2024-12-20,"filtered_historical",0.99,0.0461474236514404,0.0649924442652043,0.00737640039403868,-0.00737640039403868,FALSE,0,"","ok"
2024-12-27,2014-11-28,2024-12-20,"gaussian",0.95,0.0326171695654668,0.0412162586280461,0.00737640039403868,-0.00737640039403868,FALSE,0,"","ok"
2024-12-27,2014-11-28,2024-12-20,"gaussian",0.99,0.046641582571207,0.0536150847168587,0.00737640039403868,-0.00737640039403868,FALSE,0,"","ok"
2024-12-27,2014-11-28,2024-12-20,"historical",0.95,0.0321451205406516,0.0522995161024912,0.00737640039403868,-0.00737640039403868,FALSE,0,"","ok"
2024-12-27,2014-11-28,2024-12-20,"historical",0.99,0.0544307167519875,0.0873675168570425,0.00737640039403868,-0.00737640039403868,FALSE,0,"","ok"
2024-12-27,2014-11-28,2024-12-20,"student_t",0.95,0.0284741247642868,0.0454119610277327,0.00737640039403868,-0.00737640039403868,FALSE,0,"","ok"
2024-12-27,2014-11-28,2024-12-20,"student_t",0.99,0.0534486994133814,0.0787899219669629,0.00737640039403868,-0.00737640039403868,FALSE,0,"","ok"
2025-01-03,2014-12-05,2024-12-27,"ewma",0.95,0.0197260410400906,0.0254376018759637,0.00217422408704224,-0.00217422408704224,FALSE,0,"","ok"
2025-01-03,2014-12-05,2024-12-27,"ewma",0.99,0.0290411309858701,0.0336729683181881,0.00217422408704224,-0.00217422408704224,FALSE,0,"","ok"
2025-01-03,2014-12-05,2024-12-27,"filtered_historical",0.95,0.0240256532524894,0.0381080466038512,0.00217422408704224,-0.00217422408704224,FALSE,0,"","ok"
2025-01-03,2014-12-05,2024-12-27,"filtered_historical",0.99,0.0451376780007663,0.0635216506501528,0.00217422408704224,-0.00217422408704224,FALSE,0,"","ok"
2025-01-03,2014-12-05,2024-12-27,"gaussian",0.95,0.0326033338162964,0.0412030517565642,0.00217422408704224,-0.00217422408704224,FALSE,0,"","ok"
2025-01-03,2014-12-05,2024-12-27,"gaussian",0.99,0.0466287724702616,0.0536027846094578,0.00217422408704224,-0.00217422408704224,FALSE,0,"","ok"
2025-01-03,2014-12-05,2024-12-27,"historical",0.95,0.0321451205406516,0.0522995161024912,0.00217422408704224,-0.00217422408704224,FALSE,0,"","ok"
2025-01-03,2014-12-05,2024-12-27,"historical",0.99,0.0544307167519875,0.0873675168570425,0.00217422408704224,-0.00217422408704224,FALSE,0,"","ok"
2025-01-03,2014-12-05,2024-12-27,"student_t",0.95,0.0284665445084411,0.0454000945233414,0.00217422408704224,-0.00217422408704224,FALSE,0,"","ok"
2025-01-03,2014-12-05,2024-12-27,"student_t",0.99,0.0534373679231532,0.0787632332783781,0.00217422408704224,-0.00217422408704224,FALSE,0,"","ok"
2025-01-10,2014-12-12,2025-01-03,"ewma",0.95,0.0203515752142526,0.0258936087770681,-0.00825675638140379,0.00825675638140379,FALSE,0,"","ok"
2025-01-10,2014-12-12,2025-01-03,"ewma",0.99,0.0293901800026167,0.0338845377956706,-0.00825675638140379,0.00825675638140379,FALSE,0,"","ok"
2025-01-10,2014-12-12,2025-01-03,"filtered_historical",0.95,0.0233125375917506,0.0369219272339784,-0.00825675638140379,0.00825675638140379,FALSE,0,"","ok"
2025-01-10,2014-12-12,2025-01-03,"filtered_historical",0.99,0.0437979136996481,0.0615881434768383,-0.00825675638140379,0.00825675638140379,FALSE,0,"","ok"
2025-01-10,2014-12-12,2025-01-03,"gaussian",0.95,0.0326053770808796,0.041205022410313,-0.00825675638140379,0.00825675638140379,FALSE,0,"","ok"
2025-01-10,2014-12-12,2025-01-03,"gaussian",0.99,0.0466306973124954,0.053604650567337,-0.00825675638140379,0.00825675638140379,FALSE,0,"","ok"
2025-01-10,2014-12-12,2025-01-03,"historical",0.95,0.0321451205406516,0.0522995161024912,-0.00825675638140379,0.00825675638140379,FALSE,0,"","ok"
2025-01-10,2014-12-12,2025-01-03,"historical",0.99,0.0544307167519875,0.0873675168570425,-0.00825675638140379,0.00825675638140379,FALSE,0,"","ok"
2025-01-10,2014-12-12,2025-01-03,"student_t",0.95,0.0284678686563148,0.0454019114623398,-0.00825675638140379,0.00825675638140379,FALSE,0,"","ok"
2025-01-10,2014-12-12,2025-01-03,"student_t",0.99,0.0534391232945908,0.0787667545832741,-0.00825675638140379,0.00825675638140379,FALSE,0,"","ok"
2025-01-17,2014-12-19,2025-01-10,"ewma",0.95,0.0207691929887979,0.0262084488841264,0.02967043305192,-0.02967043305192,FALSE,0,"","ok"
2025-01-17,2014-12-19,2025-01-10,"ewma",0.99,0.0296401757830049,0.0340511851795566,0.02967043305192,-0.02967043305192,FALSE,0,"","ok"
2025-01-17,2014-12-19,2025-01-10,"filtered_historical",0.95,0.0227052202072572,0.0359569946143174,0.02967043305192,-0.02967043305192,FALSE,0,"","ok"
2025-01-17,2014-12-19,2025-01-10,"filtered_historical",0.99,0.0429857569312759,0.0607442953287119,0.02967043305192,-0.02967043305192,FALSE,0,"","ok"
2025-01-17,2014-12-19,2025-01-10,"gaussian",0.95,0.0323119961906024,0.0408583352379882,0.02967043305192,-0.02967043305192,FALSE,0,"","ok"
2025-01-17,2014-12-19,2025-01-10,"gaussian",0.99,0.0462503782233234,0.0531811023094089,0.02967043305192,-0.02967043305192,FALSE,0,"","ok"
2025-01-17,2014-12-19,2025-01-10,"historical",0.95,0.0318656127387663,0.0515473309186604,0.02967043305192,-0.02967043305192,FALSE,0,"","ok"
2025-01-17,2014-12-19,2025-01-10,"historical",0.99,0.0544307167519875,0.0873675168570425,0.02967043305192,-0.02967043305192,FALSE,0,"","ok"
2025-01-17,2014-12-19,2025-01-10,"student_t",0.95,0.0282229222927564,0.0450327200295507,0.02967043305192,-0.02967043305192,FALSE,0,"","ok"
2025-01-17,2014-12-19,2025-01-10,"student_t",0.99,0.0530198949286984,0.0781305793317891,0.02967043305192,-0.02967043305192,FALSE,0,"","ok"
2025-01-24,2015-01-02,2025-01-17,"ewma",0.95,0.0220367159760921,0.0281221980561702,0.00851887774546235,-0.00851887774546235,FALSE,0,"","ok"
2025-01-24,2015-01-02,2025-01-17,"ewma",0.99,0.0319616409779092,0.0368967128249289,0.00851887774546235,-0.00851887774546235,FALSE,0,"","ok"
2025-01-24,2015-01-02,2025-01-17,"filtered_historical",0.95,0.0254027781298034,0.0402753737631493,0.00851887774546235,-0.00851887774546235,FALSE,0,"","ok"
2025-01-24,2015-01-02,2025-01-17,"filtered_historical",0.99,0.0480928374864273,0.068105519074174,0.00851887774546235,-0.00851887774546235,FALSE,0,"","ok"
2025-01-24,2015-01-02,2025-01-17,"gaussian",0.95,0.0322938351659457,0.0408325517473395,0.00851887774546235,-0.00851887774546235,FALSE,0,"","ok"
2025-01-24,2015-01-02,2025-01-17,"gaussian",0.99,0.0462197855782455,0.0531443281627133,0.00851887774546235,-0.00851887774546235,FALSE,0,"","ok"
2025-01-24,2015-01-02,2025-01-17,"historical",0.95,0.0318656127387663,0.0515473309186604,0.00851887774546235,-0.00851887774546235,FALSE,0,"","ok"
2025-01-24,2015-01-02,2025-01-17,"historical",0.99,0.0544307167519875,0.0873675168570425,0.00851887774546235,-0.00851887774546235,FALSE,0,"","ok"
2025-01-24,2015-01-02,2025-01-17,"student_t",0.95,0.0282210184025415,0.0450050995510898,0.00851887774546235,-0.00851887774546235,FALSE,0,"","ok"
2025-01-24,2015-01-02,2025-01-17,"student_t",0.99,0.0529850067226737,0.0780400132088971,0.00851887774546235,-0.00851887774546235,FALSE,0.0100000000000193,"","ok"
2025-01-31,2015-01-09,2025-01-24,"ewma",0.95,0.0194611790182513,0.0254253546306972,0.00510294792380532,-0.00510294792380532,FALSE,0,"","ok"
2025-01-31,2015-01-09,2025-01-24,"ewma",0.99,0.0291882630638975,0.03402496043123,0.00510294792380532,-0.00510294792380532,FALSE,0,"","ok"
2025-01-31,2015-01-09,2025-01-24,"filtered_historical",0.95,0.0248964055458371,0.039449689333631,0.00510294792380532,-0.00510294792380532,FALSE,0,"","ok"
2025-01-31,2015-01-09,2025-01-24,"filtered_historical",0.99,0.0471341493657896,0.0666766915926973,0.00510294792380532,-0.00510294792380532,FALSE,0,"","ok"
2025-01-31,2015-01-09,2025-01-24,"gaussian",0.95,0.0322747056949188,0.0408141017547194,0.00510294792380532,-0.00510294792380532,FALSE,0.0200000000000102,"","ok"
2025-01-31,2015-01-09,2025-01-24,"gaussian",0.99,0.0462017642810886,0.0531268578941703,0.00510294792380532,-0.00510294792380532,FALSE,0,"","ok"
2025-01-31,2015-01-09,2025-01-24,"historical",0.95,0.0318656127387663,0.0515473309186604,0.00510294792380532,-0.00510294792380532,FALSE,0,"","ok"
2025-01-31,2015-01-09,2025-01-24,"historical",0.99,0.0544307167519875,0.0873675168570425,0.00510294792380532,-0.00510294792380532,FALSE,0,"","ok"
2025-01-31,2015-01-09,2025-01-24,"student_t",0.95,0.028207148915753,0.0449878038744807,0.00510294792380532,-0.00510294792380532,FALSE,0,"","ok"
2025-01-31,2015-01-09,2025-01-24,"student_t",0.99,0.0529682768266991,0.0780105146261935,0.00510294792380532,-0.00510294792380532,FALSE,0,"","ok"
2025-02-07,2015-01-16,2025-01-31,"ewma",0.95,0.0198529706873112,0.0256589945400818,0.00032400147950488,-0.00032400147950488,FALSE,0,"","ok"
2025-02-07,2015-01-16,2025-01-31,"ewma",0.99,0.0293221221101958,0.0340305650045943,0.00032400147950488,-0.00032400147950488,FALSE,0,"","ok"
2025-02-07,2015-01-16,2025-01-31,"filtered_historical",0.95,0.0242362287494295,0.0383827161006935,0.00032400147950488,-0.00032400147950488,FALSE,0,"","ok"
2025-02-07,2015-01-16,2025-01-31,"filtered_historical",0.99,0.0458842789933189,0.0648438250461551,0.00032400147950488,-0.00032400147950488,FALSE,0,"","ok"
2025-02-07,2015-01-16,2025-01-31,"gaussian",0.95,0.0322476200258626,0.0407859709207263,0.00032400147950488,-0.00032400147950488,FALSE,0,"","ok"
2025-02-07,2015-01-16,2025-01-31,"gaussian",0.99,0.0461729740332534,0.0530972200612158,0.00032400147950488,-0.00032400147950488,FALSE,0,"","ok"
2025-02-07,2015-01-16,2025-01-31,"historical",0.95,0.0318656127387663,0.0515473309186604,0.00032400147950488,-0.00032400147950488,FALSE,0,"","ok"
2025-02-07,2015-01-16,2025-01-31,"historical",0.99,0.0544307167519875,0.0873675168570425,0.00032400147950488,-0.00032400147950488,FALSE,0,"","ok"
2025-02-07,2015-01-16,2025-01-31,"student_t",0.95,0.0281598576084255,0.0449560736294889,0.00032400147950488,-0.00032400147950488,FALSE,0,"","ok"
2025-02-07,2015-01-16,2025-01-31,"student_t",0.99,0.0529358096449009,0.0780296403053117,0.00032400147950488,-0.00032400147950488,FALSE,0,"","ok"
2025-02-14,2015-01-23,2025-02-07,"ewma",0.95,0.019350299386435,0.0249795460481539,0.0091517481150101,-0.0091517481150101,FALSE,0,"","ok"
2025-02-14,2015-01-23,2025-02-07,"ewma",0.99,0.0285311416268862,0.0330962256012723,0.0091517481150101,-0.0091517481150101,FALSE,0,"","ok"
2025-02-14,2015-01-23,2025-02-07,"filtered_historical",0.95,0.0234983033548202,0.0371905107383194,0.0091517481150101,-0.0091517481150101,FALSE,0,"","ok"
2025-02-14,2015-01-23,2025-02-07,"filtered_historical",0.99,0.0444872121740495,0.0627968034530778,0.0091517481150101,-0.0091517481150101,FALSE,0,"","ok"
2025-02-14,2015-01-23,2025-02-07,"gaussian",0.95,0.0322412974438642,0.0407793863128882,0.0091517481150101,-0.0091517481150101,FALSE,0,"","ok"
2025-02-14,2015-01-23,2025-02-07,"gaussian",0.99,0.0461662241084787,0.0530902576444267,0.0091517481150101,-0.0091517481150101,FALSE,0,"","ok"
2025-02-14,2015-01-23,2025-02-07,"historical",0.95,0.0318656127387663,0.0515473309186604,0.0091517481150101,-0.0091517481150101,FALSE,0,"","ok"
2025-02-14,2015-01-23,2025-02-07,"historical",0.99,0.0544307167519875,0.0873675168570425,0.0091517481150101,-0.0091517481150101,FALSE,0,"","ok"
2025-02-14,2015-01-23,2025-02-07,"student_t",0.95,0.0281479377886529,0.0449484880882746,0.0091517481150101,-0.0091517481150101,FALSE,0,"","ok"
2025-02-14,2015-01-23,2025-02-07,"student_t",0.99,0.052928037387816,0.0780361697112411,0.0091517481150101,-0.0091517481150101,FALSE,0,"","ok"
2025-02-21,2015-01-30,2025-02-14,"ewma",0.95,0.0189619161006437,0.0244994748233342,-0.0125638536864164,0.0125638536864164,FALSE,0,"","ok"
2025-02-21,2015-01-30,2025-02-14,"ewma",0.99,0.027993222789687,0.0324839516742617,-0.0125638536864164,0.0125638536864164,FALSE,0,"","ok"
2025-02-21,2015-01-30,2025-02-14,"filtered_historical",0.95,0.0231155681272215,0.0366121184029561,-0.0125638536864164,0.0125638536864164,FALSE,0,"","ok"
2025-02-21,2015-01-30,2025-02-14,"filtered_historical",0.99,0.0437626360140571,0.0618584609447021,-0.0125638536864164,0.0125638536864164,FALSE,0,"","ok"
2025-02-21,2015-01-30,2025-02-14,"gaussian",0.95,0.0322244740348671,0.0407485158341139,-0.0125638536864164,0.0125638536864164,FALSE,0,"","ok"
2025-02-21,2015-01-30,2025-02-14,"gaussian",0.99,0.046126491074213,0.0530391330231549,-0.0125638536864164,0.0125638536864164,FALSE,0,"","ok"
2025-02-21,2015-01-30,2025-02-14,"historical",0.95,0.0318656127387663,0.0515473309186604,-0.0125638536864164,0.0125638536864164,FALSE,0,"","ok"
2025-02-21,2015-01-30,2025-02-14,"historical",0.99,0.0544307167519875,0.0873675168570425,-0.0125638536864164,0.0125638536864164,FALSE,0,"","ok"
2025-02-21,2015-01-30,2025-02-14,"student_t",0.95,0.02809317384554,0.0449036584103713,-0.0125638536864164,0.0125638536864164,FALSE,0.00999999999999091,"","ok"
2025-02-21,2015-01-30,2025-02-14,"student_t",0.99,0.0528704136348744,0.0780543580181469,-0.0125638536864164,0.0125638536864164,FALSE,0,"","ok"
2025-02-28,2015-02-06,2025-02-21,"ewma",0.95,0.0194592156058506,0.024979938730857,0.00379604938799425,-0.00379604938799425,FALSE,0,"","ok"
2025-02-28,2015-02-06,2025-02-21,"ewma",0.99,0.0284630648080132,0.0329401407258934,0.00379604938799425,-0.00379604938799425,FALSE,0,"","ok"
2025-02-28,2015-02-06,2025-02-21,"filtered_historical",0.95,0.0230452908760482,0.0365007211574046,0.00379604938799425,-0.00379604938799425,FALSE,0,"","ok"
2025-02-28,2015-02-06,2025-02-21,"filtered_historical",0.99,0.0436295863164603,0.0616701257643065,0.00379604938799425,-0.00379604938799425,FALSE,0,"","ok"
2025-02-28,2015-02-06,2025-02-21,"gaussian",0.95,0.0321890076078826,0.0407077472592331,0.00379604938799425,-0.00379604938799425,FALSE,0,"","ok"
2025-02-28,2015-02-06,2025-02-21,"gaussian",0.99,0.0460823772763995,0.0529907194048065,0.00379604938799425,-0.00379604938799425,FALSE,0,"","ok"
2025-02-28,2015-02-06,2025-02-21,"historical",0.95,0.0318656127387663,0.0515473309186604,0.00379604938799425,-0.00379604938799425,FALSE,0,"","ok"
2025-02-28,2015-02-06,2025-02-21,"historical",0.99,0.0544307167519875,0.0873675168570425,0.00379604938799425,-0.00379604938799425,FALSE,0,"","ok"
2025-02-28,2015-02-06,2025-02-21,"student_t",0.95,0.0280337285600536,0.0448558478676952,0.00379604938799425,-0.00379604938799425,FALSE,0,"","ok"
2025-02-28,2015-02-06,2025-02-21,"student_t",0.99,0.0528177462472383,0.0780551746539108,0.00379604938799425,-0.00379604938799425,FALSE,0,"","ok"
2025-03-07,2015-02-13,2025-02-28,"ewma",0.95,0.018859253654848,0.0242258769229111,-0.0231074758458124,0.0231074758458124,TRUE,0,"","ok"
2025-03-07,2015-02-13,2025-02-28,"ewma",0.99,0.0276117785571725,0.0319638859260334,-0.0231074758458124,0.0231074758458124,FALSE,0,"","ok"
2025-03-07,2015-02-13,2025-02-28,"filtered_historical",0.95,0.0224020280378239,0.0354892142111324,-0.0231074758458124,0.0231074758458124,TRUE,0,"","ok"
2025-03-07,2015-02-13,2025-02-28,"filtered_historical",0.99,0.0424117601324888,0.0599714803666471,-0.0231074758458124,0.0231074758458124,FALSE,0,"","ok"
2025-03-07,2015-02-13,2025-02-28,"gaussian",0.95,0.0321904393104286,0.0407003537993621,-0.0231074758458124,0.0231074758458124,FALSE,0,"","ok"
2025-03-07,2015-02-13,2025-02-28,"gaussian",0.99,0.046069415858735,0.0529706011489465,-0.0231074758458124,0.0231074758458124,FALSE,0,"","ok"
2025-03-07,2015-02-13,2025-02-28,"historical",0.95,0.0318656127387663,0.0515473309186604,-0.0231074758458124,0.0231074758458124,FALSE,0,"","ok"
2025-03-07,2015-02-13,2025-02-28,"historical",0.99,0.0544307167519875,0.0873675168570425,-0.0231074758458124,0.0231074758458124,FALSE,0,"","ok"
2025-03-07,2015-02-13,2025-02-28,"student_t",0.95,0.0279810685012354,0.0448337341008963,-0.0231074758458124,0.0231074758458124,FALSE,0,"","ok"
2025-03-07,2015-02-13,2025-02-28,"student_t",0.99,0.0527873431341076,0.078149550819443,-0.0231074758458124,0.0231074758458124,FALSE,0.00999999999999091,"","ok"
2025-03-14,2015-02-20,2025-03-07,"ewma",0.95,0.021915244591249,0.0276307083029759,-0.0142165562077001,0.0142165562077001,FALSE,0,"","ok"
2025-03-14,2015-02-20,2025-03-07,"ewma",0.99,0.0312366998092667,0.0358717022109242,-0.0142165562077001,0.0142165562077001,FALSE,0,"","ok"
2025-03-14,2015-02-20,2025-03-07,"filtered_historical",0.95,0.0240420706810433,0.0377955485241548,-0.0142165562077001,0.0142165562077001,FALSE,0,"","ok"
2025-03-14,2015-02-20,2025-03-07,"filtered_historical",0.99,0.0451685852673821,0.0638002144914731,-0.0142165562077001,0.0142165562077001,FALSE,0.00999999999999091,"","ok"
2025-03-14,2015-02-20,2025-03-07,"gaussian",0.95,0.0322950914073815,0.040814684675009,-0.0142165562077001,0.0142165562077001,FALSE,0,"","ok"
2025-03-14,2015-02-20,2025-03-07,"gaussian",0.99,0.0461898532544339,0.053098887629996,-0.0142165562077001,0.0142165562077001,FALSE,0,"","ok"
2025-03-14,2015-02-20,2025-03-07,"historical",0.95,0.0318656127387663,0.0515473309186604,-0.0142165562077001,0.0142165562077001,FALSE,0,"","ok"
2025-03-14,2015-02-20,2025-03-07,"historical",0.99,0.0544307167519875,0.0873675168570425,-0.0142165562077001,0.0142165562077001,FALSE,0,"","ok"
2025-03-14,2015-02-20,2025-03-07,"student_t",0.95,0.0281397206829971,0.0449632565237066,-0.0142165562077001,0.0142165562077001,FALSE,0,"","ok"
2025-03-14,2015-02-20,2025-03-07,"student_t",0.99,0.0529259519607914,0.0781650655736164,-0.0142165562077001,0.0142165562077001,FALSE,0,"","ok"
2025-03-21,2015-02-27,2025-03-14,"ewma",0.95,0.0221083702525069,0.0278375865633158,0.00337189904258775,-0.00337189904258775,FALSE,0,"","ok"
2025-03-21,2015-02-27,2025-03-14,"ewma",0.99,0.0314522548381035,0.0360984100233301,0.00337189904258775,-0.00337189904258775,FALSE,0,"","ok"
2025-03-21,2015-02-27,2025-03-14,"filtered_historical",0.95,0.0240999209230975,0.0378563054926601,0.00337189904258775,-0.00337189904258775,FALSE,0,"","ok"
2025-03-21,2015-02-27,2025-03-14,"filtered_historical",0.99,0.0452772459136741,0.0638608671064557,0.00337189904258775,-0.00337189904258775,FALSE,0,"","ok"
2025-03-21,2015-02-27,2025-03-14,"gaussian",0.95,0.0323509337138189,0.0408747448394417,0.00337189904258775,-0.00337189904258775,FALSE,0,"","ok"
2025-03-21,2015-02-27,2025-03-14,"gaussian",0.99,0.0462525745432955,0.0531650294255608,0.00337189904258775,-0.00337189904258775,FALSE,0,"","ok"
2025-03-21,2015-02-27,2025-03-14,"historical",0.95,0.0318656127387663,0.0515473309186604,0.00337189904258775,-0.00337189904258775,FALSE,0,"","ok"
2025-03-21,2015-02-27,2025-03-14,"historical",0.99,0.0544307167519875,0.0873675168570425,0.00337189904258775,-0.00337189904258775,FALSE,0,"","ok"
2025-03-21,2015-02-27,2025-03-14,"student_t",0.95,0.0282464987768873,0.0450340874506033,0.00337189904258775,-0.00337189904258775,FALSE,0,"","ok"
2025-03-21,2015-02-27,2025-03-14,"student_t",0.99,0.0530004525108125,0.0781136929402937,0.00337189904258775,-0.00337189904258775,FALSE,0,"","ok"
2025-03-28,2015-03-06,2025-03-21,"ewma",0.95,0.0207333417763849,0.0262987346347817,-0.00696624003889746,0.00696624003889746,FALSE,0,"","ok"
2025-03-28,2015-03-06,2025-03-21,"ewma",0.99,0.0298100436708925,0.0343233448772163,-0.00696624003889746,0.00696624003889746,FALSE,0,"","ok"
2025-03-28,2015-03-06,2025-03-21,"filtered_historical",0.95,0.0234107983565376,0.0367409900452249,-0.00696624003889746,0.00696624003889746,FALSE,0,"","ok"
2025-03-28,2015-03-06,2025-03-21,"filtered_historical",0.99,0.0439825433701391,0.0619345630430219,-0.00696624003889746,0.00696624003889746,FALSE,0,"","ok"
2025-03-28,2015-03-06,2025-03-21,"gaussian",0.95,0.0323465436432778,0.040870445687281,-0.00696624003889746,0.00696624003889746,FALSE,0,"","ok"
2025-03-28,2015-03-06,2025-03-21,"gaussian",0.99,0.0462483327532184,0.0531608613664937,-0.00696624003889746,0.00696624003889746,FALSE,0,"","ok"
2025-03-28,2015-03-06,2025-03-21,"historical",0.95,0.0318656127387663,0.0515473309186604,-0.00696624003889746,0.00696624003889746,FALSE,0,"","ok"
2025-03-28,2015-03-06,2025-03-21,"historical",0.99,0.0544307167519875,0.0873675168570425,-0.00696624003889746,0.00696624003889746,FALSE,0,"","ok"
2025-03-28,2015-03-06,2025-03-21,"student_t",0.95,0.0282425811416654,0.0450299140967909,-0.00696624003889746,0.00696624003889746,FALSE,0,"","ok"
2025-03-28,2015-03-06,2025-03-21,"student_t",0.99,0.0529963600143569,0.0781085138454806,-0.00696624003889746,0.00696624003889746,FALSE,0.00999999999999091,"","ok"
2025-04-04,2015-03-13,2025-03-28,"ewma",0.95,0.0214354951614745,0.0268782504109492,-0.083687696215657,0.083687696215657,TRUE,0,"","ok"
2025-04-04,2015-03-13,2025-03-28,"ewma",0.99,0.0303121851169217,0.0347260323435585,-0.083687696215657,0.083687696215657,TRUE,0,"","ok"
2025-04-04,2015-03-13,2025-03-28,"filtered_historical",0.95,0.0228949238430118,0.0359069562486353,-0.083687696215657,0.083687696215657,TRUE,0,"","ok"
2025-04-04,2015-03-13,2025-03-28,"filtered_historical",0.99,0.043013334232995,0.0604957885432573,-0.083687696215657,0.083687696215657,TRUE,0,"","ok"
2025-04-04,2015-03-13,2025-03-28,"gaussian",0.95,0.0323344233460369,0.0408569551034964,-0.083687696215657,0.083687696215657,TRUE,0,"","ok"
2025-04-04,2015-03-13,2025-03-28,"gaussian",0.99,0.0462339776303715,0.0531453949984807,-0.083687696215657,0.083687696215657,TRUE,0,"","ok"
2025-04-04,2015-03-13,2025-03-28,"historical",0.95,0.0318656127387663,0.0515473309186604,-0.083687696215657,0.083687696215657,TRUE,0,"","ok"
2025-04-04,2015-03-13,2025-03-28,"historical",0.99,0.0544307167519875,0.0873675168570425,-0.083687696215657,0.083687696215657,TRUE,0,"","ok"
2025-04-04,2015-03-13,2025-03-28,"student_t",0.95,0.0282139178402505,0.0450130048248925,-0.083687696215657,0.083687696215657,TRUE,0.0199999999999818,"","ok"
2025-04-04,2015-03-13,2025-03-28,"student_t",0.99,0.0529782919581338,0.0781314774336515,-0.083687696215657,0.083687696215657,TRUE,0,"","ok"
2025-04-11,2015-03-20,2025-04-04,"ewma",0.95,0.0432469388205453,0.053307696639707,0.0226118149659369,-0.0226118149659369,FALSE,0,"","ok"
2025-04-11,2015-03-20,2025-04-04,"ewma",0.99,0.0596552143692499,0.0678140688395585,0.0226118149659369,-0.0226118149659369,FALSE,0,"","ok"
2025-04-11,2015-03-20,2025-04-04,"filtered_historical",0.95,0.0424139033269148,0.0706370051110218,0.0226118149659369,-0.0226118149659369,FALSE,0,"","ok"
2025-04-11,2015-03-20,2025-04-04,"filtered_historical",0.99,0.0860848964315439,0.123646749346935,0.0226118149659369,-0.0226118149659369,FALSE,0,"","ok"
2025-04-11,2015-03-20,2025-04-04,"gaussian",0.95,0.0329928557575587,0.0416499967098219,0.0226118149659369,-0.0226118149659369,FALSE,0,"","ok"
2025-04-11,2015-03-20,2025-04-04,"gaussian",0.99,0.0471119466612443,0.0541325264652763,0.0226118149659369,-0.0226118149659369,FALSE,0,"","ok"
2025-04-11,2015-03-20,2025-04-04,"historical",0.95,0.0321451205406516,0.0535297667624284,0.0226118149659369,-0.0226118149659369,FALSE,0,"","ok"
2025-04-11,2015-03-20,2025-04-04,"historical",0.99,0.0572630171125155,0.0922175590902617,0.0226118149659369,-0.0226118149659369,FALSE,0,"","ok"
2025-04-11,2015-03-20,2025-04-04,"student_t",0.95,0.0285365552689983,0.0458189292719614,0.0226118149659369,-0.0226118149659369,FALSE,0,"","ok"
2025-04-11,2015-03-20,2025-04-04,"student_t",0.99,0.0539080027425723,0.0801496191225234,0.0226118149659369,-0.0226118149659369,FALSE,0,"","ok"
2025-04-17,2015-03-27,2025-04-11,"ewma",0.95,0.0430011388266183,0.0530262187724002,0.0119648889559543,-0.0119648889559543,FALSE,0,"","ok"
2025-04-17,2015-03-27,2025-04-11,"ewma",0.99,0.0593512266733695,0.0674811478782174,0.0119648889559543,-0.0119648889559543,FALSE,0,"","ok"
2025-04-17,2015-03-27,2025-04-11,"filtered_historical",0.95,0.0422634933984455,0.070506397523386,0.0119648889559543,-0.0119648889559543,FALSE,0,"","ok"
2025-04-17,2015-03-27,2025-04-11,"filtered_historical",0.99,0.0875374684395644,0.12357070117423,0.0119648889559543,-0.0119648889559543,FALSE,0,"","ok"
2025-04-17,2015-03-27,2025-04-11,"gaussian",0.95,0.0329683440095756,0.0416138618848712,0.0119648889559543,-0.0119648889559543,FALSE,0,"","ok"
2025-04-17,2015-03-27,2025-04-11,"gaussian",0.99,0.0470684786225885,0.0540796325965607,0.0119648889559543,-0.0119648889559543,FALSE,0,"","ok"
2025-04-17,2015-03-27,2025-04-11,"historical",0.95,0.0321451205406516,0.0535297667624284,0.0119648889559543,-0.0119648889559543,FALSE,0,"","ok"
2025-04-17,2015-03-27,2025-04-11,"historical",0.99,0.0572630171125155,0.0922175590902617,0.0119648889559543,-0.0119648889559543,FALSE,0,"","ok"
2025-04-17,2015-03-27,2025-04-11,"student_t",0.95,0.0285257632735435,0.045778946922814,0.0119648889559543,-0.0119648889559543,FALSE,0,"","ok"
2025-04-17,2015-03-27,2025-04-11,"student_t",0.99,0.0538573170763926,0.0800444134423059,0.0119648889559543,-0.0119648889559543,FALSE,0,"","ok"
2025-04-25,2015-04-02,2025-04-17,"ewma",0.95,0.0418423254664105,0.0516388492105116,0.0309049925013871,-0.0309049925013871,FALSE,0,"","ok"
2025-04-25,2015-04-02,2025-04-17,"ewma",0.99,0.0578196567869684,0.0657642284563919,0.0309049925013871,-0.0309049925013871,FALSE,0,"","ok"
2025-04-25,2015-04-02,2025-04-17,"filtered_historical",0.95,0.0412999516041135,0.0689227336961871,0.0309049925013871,-0.0309049925013871,FALSE,0,"","ok"
2025-04-25,2015-04-02,2025-04-17,"filtered_historical",0.99,0.0858938892302475,0.120826079157176,0.0309049925013871,-0.0309049925013871,FALSE,0,"","ok"
2025-04-25,2015-04-02,2025-04-17,"gaussian",0.95,0.0328636040537783,0.0414997729232895,0.0309049925013871,-0.0309049925013871,FALSE,0,"","ok"
2025-04-25,2015-04-02,2025-04-17,"gaussian",0.99,0.0469484912007679,0.0539520635214484,0.0309049925013871,-0.0309049925013871,FALSE,0,"","ok"
2025-04-25,2015-04-02,2025-04-17,"historical",0.95,0.0321451205406516,0.0535297667624284,0.0309049925013871,-0.0309049925013871,FALSE,0,"","ok"
2025-04-25,2015-04-02,2025-04-17,"historical",0.99,0.0572630171125155,0.0922175590902617,0.0309049925013871,-0.0309049925013871,FALSE,0,"","ok"
2025-04-25,2015-04-02,2025-04-17,"student_t",0.95,0.0283669515544493,0.0456466890584283,0.0309049925013871,-0.0309049925013871,FALSE,0,"","ok"
2025-04-25,2015-04-02,2025-04-17,"student_t",0.99,0.0537149864553559,0.0800198679728134,0.0309049925013871,-0.0309049925013871,FALSE,0,"","ok"
2025-05-02,2015-04-10,2025-04-25,"ewma",0.95,0.0414445101204872,0.0514554914713029,0.0250548923405969,-0.0250548923405969,FALSE,0,"","ok"
2025-05-02,2015-04-10,2025-04-25,"ewma",0.99,0.0577716043085884,0.0658900921416535,0.0250548923405969,-0.0250548923405969,FALSE,0,"","ok"
2025-05-02,2015-04-10,2025-04-25,"filtered_historical",0.95,0.0422040568769534,0.0703444714782274,0.0250548923405969,-0.0250548923405969,FALSE,0,"","ok"
2025-05-02,2015-04-10,2025-04-25,"filtered_historical",0.99,0.0864902363181989,0.123206390567527,0.0250548923405969,-0.0250548923405969,FALSE,0,"","ok"
2025-05-02,2015-04-10,2025-04-25,"gaussian",0.95,0.0328715623038932,0.0415249133235688,0.0250548923405969,-0.0250548923405969,FALSE,0,"","ok"
2025-05-02,2015-04-10,2025-04-25,"gaussian",0.99,0.0469844721365973,0.0540019784635622,0.0250548923405969,-0.0250548923405969,FALSE,0,"","ok"
2025-05-02,2015-04-10,2025-04-25,"historical",0.95,0.0321451205406516,0.0535297667624284,0.0250548923405969,-0.0250548923405969,FALSE,0,"","ok"
2025-05-02,2015-04-10,2025-04-25,"historical",0.99,0.0572630171125155,0.0922175590902617,0.0250548923405969,-0.0250548923405969,FALSE,0,"","ok"
2025-05-02,2015-04-10,2025-04-25,"student_t",0.95,0.0284230666983044,0.0456933459947754,0.0250548923405969,-0.0250548923405969,FALSE,0,"","ok"
2025-05-02,2015-04-10,2025-04-25,"student_t",0.99,0.053778997594272,0.0799945340824945,0.0250548923405969,-0.0250548923405969,FALSE,0.0200000000000102,"","ok"
2025-05-09,2015-04-17,2025-05-02,"ewma",0.95,0.0401162134062038,0.0501552912530862,-0.00478392649692856,0.00478392649692856,FALSE,0,"","ok"
2025-05-09,2015-04-17,2025-05-02,"ewma",0.99,0.0564891306881216,0.0646304036062323,-0.00478392649692856,0.00478392649692856,FALSE,0,"","ok"
2025-05-09,2015-04-17,2025-05-02,"filtered_historical",0.95,0.0423225054166792,0.070601980653882,-0.00478392649692856,0.00478392649692856,FALSE,0,"","ok"
2025-05-09,2015-04-17,2025-05-02,"filtered_historical",0.99,0.0876173503800263,0.123734511317112,-0.00478392649692856,0.00478392649692856,FALSE,0.0100000000000193,"","ok"
2025-05-09,2015-04-17,2025-05-02,"gaussian",0.95,0.0328681517428367,0.0415197449841511,-0.00478392649692856,0.00478392649692856,FALSE,0,"","ok"
2025-05-09,2015-04-17,2025-05-02,"gaussian",0.99,0.0469781947823804,0.0539942756244964,-0.00478392649692856,0.00478392649692856,FALSE,0,"","ok"
2025-05-09,2015-04-17,2025-05-02,"historical",0.95,0.0321451205406516,0.0535297667624284,-0.00478392649692856,0.00478392649692856,FALSE,0,"","ok"
2025-05-09,2015-04-17,2025-05-02,"historical",0.99,0.0572630171125155,0.0922175590902617,-0.00478392649692856,0.00478392649692856,FALSE,0,"","ok"
2025-05-09,2015-04-17,2025-05-02,"student_t",0.95,0.0284204705350862,0.0456873107695144,-0.00478392649692856,0.00478392649692856,FALSE,0,"","ok"
2025-05-09,2015-04-17,2025-05-02,"student_t",0.99,0.0537713181135931,0.079981751919583,-0.00478392649692856,0.00478392649692856,FALSE,0,"","ok"
2025-05-16,2015-04-24,2025-05-09,"ewma",0.95,0.0380402040816399,0.0477857600359871,0.0333896833519121,-0.0333896833519121,FALSE,0,"","ok"
2025-05-16,2015-04-24,2025-05-09,"ewma",0.99,0.0539344110935301,0.0618376500137959,0.0333896833519121,-0.0333896833519121,FALSE,0,"","ok"
2025-05-16,2015-04-24,2025-05-09,"filtered_historical",0.95,0.041085082808707,0.0684778228598039,0.0333896833519121,-0.0333896833519121,FALSE,0,"","ok"
2025-05-16,2015-04-24,2025-05-09,"filtered_historical",0.99,0.0841739910231251,0.119935005933496,0.0333896833519121,-0.0333896833519121,FALSE,0,"","ok"
2025-05-16,2015-04-24,2025-05-09,"gaussian",0.95,0.0328446682768148,0.041493698573595,0.0333896833519121,-0.0333896833519121,FALSE,0,"","ok"
2025-05-16,2015-04-24,2025-05-09,"gaussian",0.99,0.0469505313628312,0.0539645337639544,0.0333896833519121,-0.0333896833519121,FALSE,0,"","ok"
2025-05-16,2015-04-24,2025-05-09,"historical",0.95,0.0321451205406516,0.0535297667624284,0.0333896833519121,-0.0333896833519121,FALSE,0.00999999999999091,"","ok"
2025-05-16,2015-04-24,2025-05-09,"historical",0.99,0.0572630171125155,0.0922175590902617,0.0333896833519121,-0.0333896833519121,FALSE,0,"","ok"
2025-05-16,2015-04-24,2025-05-09,"student_t",0.95,0.0283638031350142,0.0456521039445068,0.0333896833519121,-0.0333896833519121,FALSE,0,"","ok"
2025-05-16,2015-04-24,2025-05-09,"student_t",0.99,0.0537329660853472,0.0800214109902168,0.0333896833519121,-0.0333896833519121,FALSE,0,"","ok"
2025-05-23,2015-05-01,2025-05-16,"ewma",0.95,0.0379290596632418,0.0479768016183843,-0.0111933345949473,0.0111933345949473,FALSE,0,"","ok"
2025-05-23,2015-05-01,2025-05-16,"ewma",0.99,0.0543161073991743,0.0624644065472847,-0.0111933345949473,0.0111933345949473,FALSE,0,"","ok"
2025-05-23,2015-05-01,2025-05-16,"filtered_historical",0.95,0.0423590313572001,0.0705438004418582,-0.0111933345949473,0.0111933345949473,FALSE,0,"","ok"
2025-05-23,2015-05-01,2025-05-16,"filtered_historical",0.99,0.0859470776046324,0.123481330751132,-0.0111933345949473,0.0111933345949473,FALSE,0,"","ok"
2025-05-23,2015-05-01,2025-05-16,"gaussian",0.95,0.0328740367732766,0.0415399460723571,-0.0111933345949473,0.0111933345949473,FALSE,0,"","ok"
2025-05-23,2015-05-01,2025-05-16,"gaussian",0.99,0.0470074281355629,0.0540351187027117,-0.0111933345949473,0.0111933345949473,FALSE,0,"","ok"
2025-05-23,2015-05-01,2025-05-16,"historical",0.95,0.0321451205406516,0.0535297667624284,-0.0111933345949473,0.0111933345949473,FALSE,0,"","ok"
2025-05-23,2015-05-01,2025-05-16,"historical",0.99,0.0572630171125155,0.0922175590902617,-0.0111933345949473,0.0111933345949473,FALSE,0,"","ok"
2025-05-23,2015-05-01,2025-05-16,"student_t",0.95,0.0284020544417528,0.0457105508229879,-0.0111933345949473,0.0111933345949473,FALSE,0,"","ok"
2025-05-23,2015-05-01,2025-05-16,"student_t",0.99,0.0538075805743736,0.0801035712997851,-0.0111933345949473,0.0111933345949473,FALSE,0,"","ok"
2025-05-30,2015-05-08,2025-05-23,"ewma",0.95,0.0376568158444544,0.0474656019262996,0.0124233084011604,-0.0124233084011604,FALSE,0,"","ok"
2025-05-30,2015-05-08,2025-05-23,"ewma",0.99,0.0536541460378797,0.0616086619511582,0.0124233084011604,-0.0124233084011604,FALSE,0,"","ok"
2025-05-30,2015-05-08,2025-05-23,"filtered_historical",0.95,0.041351646874074,0.0687845519682387,0.0124233084011604,-0.0124233084011604,FALSE,0,"","ok"
2025-05-30,2015-05-08,2025-05-23,"filtered_historical",0.99,0.0827248768354232,0.12030173759252,0.0124233084011604,-0.0124233084011604,FALSE,0,"","ok"
2025-05-30,2015-05-08,2025-05-23,"gaussian",0.95,0.0328846495089899,0.0415518134071063,0.0124233084011604,-0.0124233084011604,FALSE,0,"","ok"
2025-05-30,2015-05-08,2025-05-23,"gaussian",0.99,0.0470200870199913,0.0540487950145681,0.0124233084011604,-0.0124233084011604,FALSE,0,"","ok"
2025-05-30,2015-05-08,2025-05-23,"historical",0.95,0.0321451205406516,0.0535297667624284,0.0124233084011604,-0.0124233084011604,FALSE,0,"","ok"
2025-05-30,2015-05-08,2025-05-23,"historical",0.99,0.0572630171125155,0.0922175590902617,0.0124233084011604,-0.0124233084011604,FALSE,0,"","ok"
2025-05-30,2015-05-08,2025-05-23,"student_t",0.95,0.0284272682566623,0.0457264967490432,0.0124233084011604,-0.0124233084011604,FALSE,0,"","ok"
2025-05-30,2015-05-08,2025-05-23,"student_t",0.99,0.0538250189885906,0.0800868522765185,0.0124233084011604,-0.0124233084011604,FALSE,0,"","ok"
2025-06-06,2015-05-15,2025-05-30,"ewma",0.95,0.0357797162925683,0.0453743218974359,0.0111702208434023,-0.0111702208434023,FALSE,0,"","ok"
2025-06-06,2015-05-15,2025-05-30,"ewma",0.99,0.0514277355944514,0.0592085600847327,0.0111702208434023,-0.0111702208434023,FALSE,0,"","ok"
2025-06-06,2015-05-15,2025-05-30,"filtered_historical",0.95,0.0404487099169321,0.0671942696806701,0.0111702208434023,-0.0111702208434023,FALSE,0,"","ok"
2025-06-06,2015-05-15,2025-05-30,"filtered_historical",0.99,0.0796593393655025,0.117415193522882,0.0111702208434023,-0.0111702208434023,FALSE,0,"","ok"
2025-06-06,2015-05-15,2025-05-30,"gaussian",0.95,0.0328803394257839,0.0415494562381227,0.0111702208434023,-0.0111702208434023,FALSE,0,"","ok"
2025-06-06,2015-05-15,2025-05-30,"gaussian",0.99,0.0470189619806219,0.0540492537070826,0.0111702208434023,-0.0111702208434023,FALSE,0,"","ok"
2025-06-06,2015-05-15,2025-05-30,"historical",0.95,0.0321451205406516,0.0535297667624284,0.0111702208434023,-0.0111702208434023,FALSE,0,"","ok"
2025-06-06,2015-05-15,2025-05-30,"historical",0.99,0.0572630171125155,0.0922175590902617,0.0111702208434023,-0.0111702208434023,FALSE,0,"","ok"
2025-06-06,2015-05-15,2025-05-30,"student_t",0.95,0.0284454351135062,0.0457303252911161,0.0111702208434023,-0.0111702208434023,FALSE,0,"","ok"
2025-06-06,2015-05-15,2025-05-30,"student_t",0.99,0.0538311224992997,0.0800402070678727,0.0111702208434023,-0.0111702208434023,FALSE,0,"","ok"
2025-06-13,2015-05-22,2025-06-06,"ewma",0.95,0.0358296973417248,0.0452020101361908,-0.00123132599897541,0.00123132599897541,FALSE,0,"","ok"
2025-06-13,2015-05-22,2025-06-06,"ewma",0.99,0.0511151751978117,0.0587157295014467,-0.00123132599897541,0.00123132599897541,FALSE,0,"","ok"
2025-06-13,2015-05-22,2025-06-06,"filtered_historical",0.95,0.039511573177608,0.0655460937460252,-0.00123132599897541,0.00123132599897541,FALSE,0,"","ok"
2025-06-13,2015-05-22,2025-06-06,"filtered_historical",0.99,0.0769764857271821,0.114550098237188,-0.00123132599897541,0.00123132599897541,FALSE,0,"","ok"
2025-06-13,2015-05-22,2025-06-06,"gaussian",0.95,0.0328549833061502,0.0415253469935424,-0.00123132599897541,0.00123132599897541,FALSE,0,"","ok"
2025-06-13,2015-05-22,2025-06-06,"gaussian",0.99,0.0469956394125178,0.0540269423025793,-0.00123132599897541,0.00123132599897541,FALSE,0,"","ok"
2025-06-13,2015-05-22,2025-06-06,"historical",0.95,0.0321451205406516,0.0535297667624284,-0.00123132599897541,0.00123132599897541,FALSE,0,"","ok"
2025-06-13,2015-05-22,2025-06-06,"historical",0.99,0.0572630171125155,0.0922175590902617,-0.00123132599897541,0.00123132599897541,FALSE,0,"","ok"
2025-06-13,2015-05-22,2025-06-06,"student_t",0.95,0.028429080905932,0.0457089333541693,-0.00123132599897541,0.00123132599897541,FALSE,0,"","ok"
2025-06-13,2015-05-22,2025-06-06,"student_t",0.99,0.0538110653392393,0.0799997633827322,-0.00123132599897541,0.00123132599897541,FALSE,0.0200000000000102,"","ok"
2025-06-20,2015-05-29,2025-06-13,"ewma",0.95,0.0351967381108155,0.0442844064693107,-0.00506441041834743,0.00506441041834743,FALSE,0,"","ok"
2025-06-20,2015-05-29,2025-06-13,"ewma",0.99,0.0500179841045749,0.0573877036569304,-0.00506441041834743,0.00506441041834743,FALSE,0,"","ok"
2025-06-20,2015-05-29,2025-06-13,"filtered_historical",0.95,0.0383115759394695,0.0634688999742497,-0.00506441041834743,0.00506441041834743,FALSE,0,"","ok"
2025-06-20,2015-05-29,2025-06-13,"filtered_historical",0.99,0.074357785511204,0.111070463453744,-0.00506441041834743,0.00506441041834743,FALSE,0,"","ok"
2025-06-20,2015-05-29,2025-06-13,"gaussian",0.95,0.0328675135918656,0.0415375855132198,-0.00506441041834743,0.00506441041834743,FALSE,0,"","ok"
2025-06-20,2015-05-29,2025-06-13,"gaussian",0.99,0.0470076938516187,0.0540387601316071,-0.00506441041834743,0.00506441041834743,FALSE,0,"","ok"
2025-06-20,2015-05-29,2025-06-13,"historical",0.95,0.0321451205406516,0.0535297667624284,-0.00506441041834743,0.00506441041834743,FALSE,0,"","ok"
2025-06-20,2015-05-29,2025-06-13,"historical",0.99,0.0572630171125155,0.0922175590902617,-0.00506441041834743,0.00506441041834743,FALSE,0,"","ok"
2025-06-20,2015-05-29,2025-06-13,"student_t",0.95,0.0284400947644712,0.0457206670917843,-0.00506441041834743,0.00506441041834743,FALSE,0,"","ok"
2025-06-20,2015-05-29,2025-06-13,"student_t",0.99,0.0538224977582459,0.0800144907287953,-0.00506441041834743,0.00506441041834743,FALSE,0.0200000000000102,"","ok"
2025-06-27,2015-06-05,2025-06-20,"ewma",0.95,0.0346753017964482,0.0435013583341428,0.0184032543473009,-0.0184032543473009,FALSE,0,"","ok"
2025-06-27,2015-06-05,2025-06-20,"ewma",0.99,0.049069880244914,0.0562274435350882,0.0184032543473009,-0.0184032543473009,FALSE,0,"","ok"
2025-06-27,2015-06-05,2025-06-20,"filtered_historical",0.95,0.0372086790521391,0.061562071712932,0.0184032543473009,-0.0184032543473009,FALSE,0,"","ok"
2025-06-27,2015-06-05,2025-06-20,"filtered_historical",0.99,0.0719622486759594,0.107872380890879,0.0184032543473009,-0.0184032543473009,FALSE,0,"","ok"
2025-06-27,2015-06-05,2025-06-20,"gaussian",0.95,0.0328590886010219,0.041528349041805,0.0184032543473009,-0.0184032543473009,FALSE,0,"","ok"
2025-06-27,2015-06-05,2025-06-20,"gaussian",0.99,0.0469979454021399,0.0540283536052713,0.0184032543473009,-0.0184032543473009,FALSE,0,"","ok"
2025-06-27,2015-06-05,2025-06-20,"historical",0.95,0.0321451205406516,0.0535297667624284,0.0184032543473009,-0.0184032543473009,FALSE,0,"","ok"
2025-06-27,2015-06-05,2025-06-20,"historical",0.99,0.0572630171125155,0.0922175590902617,0.0184032543473009,-0.0184032543473009,FALSE,0,"","ok"
2025-06-27,2015-06-05,2025-06-20,"student_t",0.95,0.0284192464685562,0.0457082113683916,0.0184032543473009,-0.0184032543473009,FALSE,0,"","ok"
2025-06-27,2015-06-05,2025-06-20,"student_t",0.99,0.0538090538258722,0.0800307461847745,0.0184032543473009,-0.0184032543473009,FALSE,0.0199999999999818,"","ok"
2025-07-11,2015-06-12,2025-06-27,"ewma",0.95,0.0335193702281138,0.0422814164935399,0.0149884528798121,-0.0149884528798121,FALSE,0,"","ok"
2025-07-11,2015-06-12,2025-06-27,"ewma",0.99,0.0478095531425446,0.0549152067748749,0.0149884528798121,-0.0149884528798121,FALSE,0,"","ok"
2025-07-11,2015-06-12,2025-06-27,"filtered_historical",0.95,0.0369388260697186,0.0610804417145511,0.0149884528798121,-0.0149884528798121,FALSE,0,"","ok"
2025-07-11,2015-06-12,2025-06-27,"filtered_historical",0.99,0.0713291050099883,0.107089756375748,0.0149884528798121,-0.0149884528798121,FALSE,0,"","ok"
2025-07-11,2015-06-12,2025-06-27,"gaussian",0.95,0.032790291838741,0.04145910754782,0.0149884528798121,-0.0149884528798121,FALSE,0,"","ok"
2025-07-11,2015-06-12,2025-06-27,"gaussian",0.99,0.0469284233187173,0.0539584708630079,0.0149884528798121,-0.0149884528798121,FALSE,0,"","ok"
2025-07-11,2015-06-12,2025-06-27,"historical",0.95,0.0321451205406516,0.0535297667624284,0.0149884528798121,-0.0149884528798121,FALSE,0,"","ok"
2025-07-11,2015-06-12,2025-06-27,"historical",0.99,0.0572630171125155,0.0922175590902617,0.0149884528798121,-0.0149884528798121,FALSE,0,"","ok"
2025-07-11,2015-06-12,2025-06-27,"student_t",0.95,0.02833141705272,0.0456344408432869,0.0149884528798121,-0.0149884528798121,FALSE,0,"","ok"
2025-07-11,2015-06-12,2025-06-27,"student_t",0.99,0.0537344934378173,0.0800029373479827,0.0149884528798121,-0.0149884528798121,FALSE,0,"","ok"
2025-07-18,2015-06-19,2025-07-11,"ewma",0.95,0.0327177163613351,0.0413502481271956,0.00579376958505328,-0.00579376958505328,FALSE,0,"","ok"
2025-07-18,2015-06-19,2025-07-11,"ewma",0.99,0.046796671688876,0.0537972944703753,0.00579376958505328,-0.00579376958505328,FALSE,0,"","ok"
2025-07-18,2015-06-19,2025-07-11,"filtered_historical",0.95,0.0363928219245554,0.0600802507546528,0.00579376958505328,-0.00579376958505328,FALSE,0,"","ok"
2025-07-18,2015-06-19,2025-07-11,"filtered_historical",0.99,0.0699706693503352,0.105506001005762,0.00579376958505328,-0.00579376958505328,FALSE,0,"","ok"
2025-07-18,2015-06-19,2025-07-11,"gaussian",0.95,0.0327730040877934,0.041445308565251,0.00579376958505328,-0.00579376958505328,FALSE,0,"","ok"
2025-07-18,2015-06-19,2025-07-11,"gaussian",0.99,0.0469168254644864,0.0539497022542467,0.00579376958505328,-0.00579376958505328,FALSE,0,"","ok"
2025-07-18,2015-06-19,2025-07-11,"historical",0.95,0.0321451205406516,0.0535297667624284,0.00579376958505328,-0.00579376958505328,FALSE,0,"","ok"
2025-07-18,2015-06-19,2025-07-11,"historical",0.99,0.0572630171125155,0.0922175590902617,0.00579376958505328,-0.00579376958505328,FALSE,0,"","ok"
2025-07-18,2015-06-19,2025-07-11,"student_t",0.95,0.0283480480452471,0.0456302539556374,0.00579376958505328,-0.00579376958505328,FALSE,0.0199999999999818,"","ok"
2025-07-18,2015-06-19,2025-07-11,"student_t",0.99,0.0537342325557204,0.0799239336186909,0.00579376958505328,-0.00579376958505328,FALSE,0,"","ok"
2025-07-25,2015-06-26,2025-07-18,"ewma",0.95,0.0308472338082103,0.0392377663897591,0.0143188906489746,-0.0143188906489746,FALSE,0,"","ok"
2025-07-25,2015-06-26,2025-07-18,"ewma",0.99,0.0445315082011614,0.0513358797496799,0.0143188906489746,-0.0143188906489746,FALSE,0,"","ok"
2025-07-25,2015-06-26,2025-07-18,"filtered_historical",0.95,0.0353726075230896,0.0583020132005747,0.0143188906489746,-0.0143188906489746,FALSE,0,"","ok"
2025-07-25,2015-06-26,2025-07-18,"filtered_historical",0.99,0.0677211375401559,0.102547465730439,0.0143188906489746,-0.0143188906489746,FALSE,0,"","ok"
2025-07-25,2015-06-26,2025-07-18,"gaussian",0.95,0.0327593832501348,0.0414318848839374,0.0143188906489746,-0.0143188906489746,FALSE,0,"","ok"
2025-07-25,2015-06-26,2025-07-18,"gaussian",0.99,0.0469035261727483,0.0539365628480714,0.0143188906489746,-0.0143188906489746,FALSE,0,"","ok"
2025-07-25,2015-06-26,2025-07-18,"historical",0.95,0.0321451205406516,0.0535297667624284,0.0143188906489746,-0.0143188906489746,FALSE,0,"","ok"
2025-07-25,2015-06-26,2025-07-18,"historical",0.99,0.0572630171125155,0.0922175590902617,0.0143188906489746,-0.0143188906489746,FALSE,0,"","ok"
2025-07-25,2015-06-26,2025-07-18,"student_t",0.95,0.0283340271095566,0.0456168601364919,0.0143188906489746,-0.0143188906489746,FALSE,0,"","ok"
2025-07-25,2015-06-26,2025-07-18,"student_t",0.99,0.0537210178907421,0.0799120657586823,0.0143188906489746,-0.0143188906489746,FALSE,0,"","ok"
2025-08-01,2015-07-10,2025-07-25,"ewma",0.95,0.0298304545648854,0.0380963455085759,-0.0147312441155459,0.0147312441155459,FALSE,0,"","ok"
2025-08-01,2015-07-10,2025-07-25,"ewma",0.99,0.0433114486110097,0.050014740996059,-0.0147312441155459,0.0147312441155459,FALSE,0,"","ok"
2025-08-01,2015-07-10,2025-07-25,"filtered_historical",0.95,0.0348471462722669,0.0573411503988405,-0.0147312441155459,0.0147312441155459,FALSE,0,"","ok"
2025-08-01,2015-07-10,2025-07-25,"filtered_historical",0.99,0.0664303817661751,0.101023222214239,-0.0147312441155459,0.0147312441155459,FALSE,0,"","ok"
2025-08-01,2015-07-10,2025-07-25,"gaussian",0.95,0.0327469166207599,0.0414226584146703,-0.0147312441155459,0.0147312441155459,FALSE,0,"","ok"
2025-08-01,2015-07-10,2025-07-25,"gaussian",0.99,0.0468963439802742,0.0539320082901409,-0.0147312441155459,0.0147312441155459,FALSE,0,"","ok"
2025-08-01,2015-07-10,2025-07-25,"historical",0.95,0.0321451205406516,0.0535297667624284,-0.0147312441155459,0.0147312441155459,FALSE,0,"","ok"
2025-08-01,2015-07-10,2025-07-25,"historical",0.99,0.0572630171125155,0.0922175590902617,-0.0147312441155459,0.0147312441155459,FALSE,0,"","ok"
2025-08-01,2015-07-10,2025-07-25,"student_t",0.95,0.0283556996089332,0.0456168492826569,-0.0147312441155459,0.0147312441155459,FALSE,0.0200000000000102,"","ok"
2025-08-01,2015-07-10,2025-07-25,"student_t",0.99,0.0537245812500234,0.0798353285430749,-0.0147312441155459,0.0147312441155459,FALSE,0,"","ok"
2025-08-08,2015-07-17,2025-08-01,"ewma",0.95,0.0289739040888933,0.0371285916946953,0.0135406309015866,-0.0135406309015866,FALSE,0,"","ok"
2025-08-08,2015-07-17,2025-08-01,"ewma",0.99,0.0422735345595486,0.0488866456812425,0.0135406309015866,-0.0135406309015866,FALSE,0,"","ok"
2025-08-08,2015-07-17,2025-08-01,"filtered_historical",0.95,0.0343783378868711,0.0565060027490805,0.0135406309015866,-0.0135406309015866,FALSE,0,"","ok"
2025-08-08,2015-07-17,2025-08-01,"filtered_historical",0.99,0.065348516057659,0.099663497329229,0.0135406309015866,-0.0135406309015866,FALSE,0,"","ok"
2025-08-08,2015-07-17,2025-08-01,"gaussian",0.95,0.0327585904420249,0.0414359308190499,0.0135406309015866,-0.0135406309015866,FALSE,0,"","ok"
2025-08-08,2015-07-17,2025-08-01,"gaussian",0.99,0.0469106249602348,0.0539475856542532,0.0135406309015866,-0.0135406309015866,FALSE,0,"","ok"
2025-08-08,2015-07-17,2025-08-01,"historical",0.95,0.0321451205406516,0.0535297667624284,0.0135406309015866,-0.0135406309015866,FALSE,0,"","ok"
2025-08-08,2015-07-17,2025-08-01,"historical",0.99,0.0572630171125155,0.0922175590902617,0.0135406309015866,-0.0135406309015866,FALSE,0,"","ok"
2025-08-08,2015-07-17,2025-08-01,"student_t",0.95,0.0283793062373517,0.0456335456989184,0.0135406309015866,-0.0135406309015866,FALSE,0,"","ok"
2025-08-08,2015-07-17,2025-08-01,"student_t",0.99,0.0537429362743626,0.0798262844173273,0.0135406309015866,-0.0135406309015866,FALSE,0.0100000000000193,"","ok"
2025-08-15,2015-07-24,2025-08-08,"ewma",0.95,0.0270827052096936,0.0351095242699403,0.00707228948919795,-0.00707228948919795,FALSE,0,"","ok"
2025-08-15,2015-07-24,2025-08-08,"ewma",0.99,0.0401737925102224,0.0466832075810554,0.00707228948919795,-0.00707228948919795,FALSE,0,"","ok"
2025-08-15,2015-07-24,2025-08-08,"filtered_historical",0.95,0.0338392727163028,0.0556095875829975,0.00707228948919795,-0.00707228948919795,FALSE,0,"","ok"
2025-08-15,2015-07-24,2025-08-08,"filtered_historical",0.99,0.0642934286281082,0.0981006314440225,0.00707228948919795,-0.00707228948919795,FALSE,0,"","ok"
2025-08-15,2015-07-24,2025-08-08,"gaussian",0.95,0.0327563127546059,0.041430176534219,0.00707228948919795,-0.00707228948919795,FALSE,0,"","ok"
2025-08-15,2015-07-24,2025-08-08,"gaussian",0.99,0.0469026772259534,0.0539368185446478,0.00707228948919795,-0.00707228948919795,FALSE,0,"","ok"
2025-08-15,2015-07-24,2025-08-08,"historical",0.95,0.0321451205406516,0.0535297667624284,0.00707228948919795,-0.00707228948919795,FALSE,0,"","ok"
2025-08-15,2015-07-24,2025-08-08,"historical",0.99,0.0572630171125155,0.0922175590902617,0.00707228948919795,-0.00707228948919795,FALSE,0,"","ok"
2025-08-15,2015-07-24,2025-08-08,"student_t",0.95,0.0283586640187655,0.045621905927012,0.00707228948919795,-0.00707228948919795,FALSE,0,"","ok"
2025-08-15,2015-07-24,2025-08-08,"student_t",0.99,0.0537277802319962,0.0798515033111084,0.00707228948919795,-0.00707228948919795,FALSE,0,"","ok"
2025-08-22,2015-07-31,2025-08-15,"ewma",0.95,0.0260673625552471,0.0338832460417154,0.0112477214293607,-0.0112477214293607,FALSE,0,"","ok"
2025-08-22,2015-07-31,2025-08-15,"ewma",0.99,0.0388144311367298,0.0451527862655581,0.0112477214293607,-0.0112477214293607,FALSE,0,"","ok"
2025-08-22,2015-07-31,2025-08-15,"filtered_historical",0.95,0.0329500155463464,0.0542088346027128,0.0112477214293607,-0.0112477214293607,FALSE,0,"","ok"
2025-08-22,2015-07-31,2025-08-15,"filtered_historical",0.99,0.0627823953291455,0.0955232637938999,0.0112477214293607,-0.0112477214293607,FALSE,0,"","ok"
2025-08-22,2015-07-31,2025-08-15,"gaussian",0.95,0.03263899240952,0.0412991069817597,0.0112477214293607,-0.0112477214293607,FALSE,0,"","ok"
2025-08-22,2015-07-31,2025-08-15,"gaussian",0.99,0.0467629330448887,0.053785924330548,0.0112477214293607,-0.0112477214293607,FALSE,0,"","ok"
2025-08-22,2015-07-31,2025-08-15,"historical",0.95,0.0321451205406516,0.0535297667624284,0.0112477214293607,-0.0112477214293607,FALSE,0,"","ok"
2025-08-22,2015-07-31,2025-08-15,"historical",0.99,0.0572630171125155,0.0922175590902617,0.0112477214293607,-0.0112477214293607,FALSE,0,"","ok"
2025-08-22,2015-07-31,2025-08-15,"student_t",0.95,0.0281676086574579,0.045466373008225,0.0112477214293607,-0.0112477214293607,FALSE,0,"","ok"
2025-08-22,2015-07-31,2025-08-15,"student_t",0.99,0.0535579362159146,0.079842288622693,0.0112477214293607,-0.0112477214293607,FALSE,0,"","ok"
2025-08-29,2015-08-07,2025-08-22,"ewma",0.95,0.0245616783649428,0.0322264113738411,-0.00773719779148377,0.00773719779148377,FALSE,0,"","ok"
2025-08-29,2015-08-07,2025-08-22,"ewma",0.99,0.0370622328438235,0.0432780112471429,-0.00773719779148377,0.00773719779148377,FALSE,0,"","ok"
2025-08-29,2015-08-07,2025-08-22,"filtered_historical",0.95,0.0323127989605344,0.0531074977096997,-0.00773719779148377,0.00773719779148377,FALSE,0,"","ok"
2025-08-29,2015-08-07,2025-08-22,"filtered_historical",0.99,0.0614120126080242,0.0936754230370097,-0.00773719779148377,0.00773719779148377,FALSE,0,"","ok"
2025-08-29,2015-08-07,2025-08-22,"gaussian",0.95,0.0326395585904026,0.0412981977261671,-0.00773719779148377,0.00773719779148377,FALSE,0,"","ok"
2025-08-29,2015-08-07,2025-08-22,"gaussian",0.99,0.0467610929092021,0.053782887677492,-0.00773719779148377,0.00773719779148377,FALSE,0,"","ok"
2025-08-29,2015-08-07,2025-08-22,"historical",0.95,0.0321451205406516,0.0535297667624284,-0.00773719779148377,0.00773719779148377,FALSE,0,"","ok"
2025-08-29,2015-08-07,2025-08-22,"historical",0.99,0.0572630171125155,0.0922175590902617,-0.00773719779148377,0.00773719779148377,FALSE,0,"","ok"
2025-08-29,2015-08-07,2025-08-22,"student_t",0.95,0.0281553884873603,0.0454616137080823,-0.00773719779148377,0.00773719779148377,FALSE,0,"","ok"
2025-08-29,2015-08-07,2025-08-22,"student_t",0.99,0.0535514924388394,0.0798649957146471,-0.00773719779148377,0.00773719779148377,FALSE,0,"","ok"
2025-09-05,2015-08-14,2025-08-29,"ewma",0.95,0.0200106503198107,0.0274839631362068,0.00277751502581757,-0.00277751502581757,FALSE,0,"","ok"
2025-09-05,2015-08-14,2025-08-29,"ewma",0.99,0.0321990140750284,0.0382595586956272,0.00277751502581757,-0.00277751502581757,FALSE,0,"","ok"
2025-09-05,2015-08-14,2025-08-29,"filtered_historical",0.95,0.0315058142685675,0.0516812962480831,0.00277751502581757,-0.00277751502581757,FALSE,0,"","ok"
2025-09-05,2015-08-14,2025-08-29,"filtered_historical",0.99,0.0595892334787633,0.0913349167703165,0.00277751502581757,-0.00277751502581757,FALSE,0,"","ok"
2025-09-05,2015-08-14,2025-08-29,"gaussian",0.95,0.0326492534780892,0.0413088210305837,0.00277751502581757,-0.00277751502581757,FALSE,0,"","ok"
2025-09-05,2015-08-14,2025-08-29,"gaussian",0.99,0.046772301968863,0.0537948496443517,0.00277751502581757,-0.00277751502581757,FALSE,0,"","ok"
2025-09-05,2015-08-14,2025-08-29,"historical",0.95,0.0321451205406516,0.0535297667624284,0.00277751502581757,-0.00277751502581757,FALSE,0,"","ok"
2025-09-05,2015-08-14,2025-08-29,"historical",0.99,0.0572630171125155,0.0922175590902617,0.00277751502581757,-0.00277751502581757,FALSE,0,"","ok"
2025-09-05,2015-08-14,2025-08-29,"student_t",0.95,0.0281795334333898,0.0454761415792973,0.00277751502581757,-0.00277751502581757,FALSE,0,"","ok"
2025-09-05,2015-08-14,2025-08-29,"student_t",0.99,0.0535672239009041,0.0798464828572365,0.00277751502581757,-0.00277751502581757,FALSE,0,"","ok"
2025-09-12,2015-08-21,2025-09-05,"ewma",0.95,0.020128125628257,0.0273793462937862,0.0119358440076259,-0.0119358440076259,FALSE,0,"","ok"
2025-09-12,2015-08-21,2025-09-05,"ewma",0.99,0.0319542751970157,0.0378347123574716,0.0119358440076259,-0.0119358440076259,FALSE,0,"","ok"
2025-09-12,2015-08-21,2025-09-05,"filtered_historical",0.95,0.0305677500388612,0.0500642166727546,0.0119358440076259,-0.0119358440076259,FALSE,0,"","ok"
2025-09-12,2015-08-21,2025-09-05,"filtered_historical",0.99,0.0575886478605501,0.0886197254417327,0.0119358440076259,-0.0119358440076259,FALSE,0,"","ok"
2025-09-12,2015-08-21,2025-09-05,"gaussian",0.95,0.0326177960129634,0.041275207801855,0.0119358440076259,-0.0119358440076259,FALSE,0,"","ok"
2025-09-12,2015-08-21,2025-09-05,"gaussian",0.99,0.0467373286291033,0.0537581280703313,0.0119358440076259,-0.0119358440076259,FALSE,0,"","ok"
2025-09-12,2015-08-21,2025-09-05,"historical",0.95,0.0321451205406516,0.0535297667624284,0.0119358440076259,-0.0119358440076259,FALSE,0,"","ok"
2025-09-12,2015-08-21,2025-09-05,"historical",0.99,0.0572630171125155,0.0922175590902617,0.0119358440076259,-0.0119358440076259,FALSE,0,"","ok"
2025-09-12,2015-08-21,2025-09-05,"student_t",0.95,0.0281112336892365,0.0454325991681635,0.0119358440076259,-0.0119358440076259,FALSE,0,"","ok"
2025-09-12,2015-08-21,2025-09-05,"student_t",0.99,0.0535207719002645,0.0798875161275646,0.0119358440076259,-0.0119358440076259,FALSE,0,"","ok"
2025-09-19,2015-08-28,2025-09-12,"ewma",0.95,0.0196747574899638,0.0268104354284327,0.00249020020978683,-0.00249020020978683,FALSE,0,"","ok"
2025-09-19,2015-08-28,2025-09-12,"ewma",0.99,0.0313124662933914,0.0370992031270796,0.00249020020978683,-0.00249020020978683,FALSE,0,"","ok"
2025-09-19,2015-08-28,2025-09-12,"filtered_historical",0.95,0.0300161950117608,0.0489437449803135,0.00249020020978683,-0.00249020020978683,FALSE,0,"","ok"
2025-09-19,2015-08-28,2025-09-12,"filtered_historical",0.99,0.0563923896862897,0.0872160785390353,0.00249020020978683,-0.00249020020978683,FALSE,0,"","ok"
2025-09-19,2015-08-28,2025-09-12,"gaussian",0.95,0.0322171862705391,0.0408070966088887,0.00249020020978683,-0.00249020020978683,FALSE,0,"","ok"
2025-09-19,2015-08-28,2025-09-12,"gaussian",0.99,0.0462266295255852,0.0531926881091754,0.00249020020978683,-0.00249020020978683,FALSE,0,"","ok"
2025-09-19,2015-08-28,2025-09-12,"historical",0.95,0.0318656127387663,0.0525271953106167,0.00249020020978683,-0.00249020020978683,FALSE,0,"","ok"
2025-09-19,2015-08-28,2025-09-12,"historical",0.99,0.0544307167519875,0.0916135958888532,0.00249020020978683,-0.00249020020978683,FALSE,0,"","ok"
2025-09-19,2015-08-28,2025-09-12,"student_t",0.95,0.0277942386605489,0.0449433686035848,0.00249020020978683,-0.00249020020978683,FALSE,0.0200000000000102,"","ok"
2025-09-19,2015-08-28,2025-09-12,"student_t",0.99,0.0529695970232665,0.0790105479204524,0.00249020020978683,-0.00249020020978683,FALSE,0,"","ok"
2025-09-26,2015-09-04,2025-09-19,"ewma",0.95,0.020258276039415,0.0271812660508329,0.00214205231627348,-0.00214205231627348,FALSE,0,"","ok"
2025-09-26,2015-09-04,2025-09-19,"ewma",0.99,0.0315491081785132,0.0371633639848679,0.00214205231627348,-0.00214205231627348,FALSE,0,"","ok"
2025-09-26,2015-09-04,2025-09-19,"filtered_historical",0.95,0.0291215242670778,0.0474391405603138,0.00214205231627348,-0.00214205231627348,FALSE,0,"","ok"
2025-09-26,2015-09-04,2025-09-19,"filtered_historical",0.99,0.0547114154861111,0.0846155483484333,0.00214205231627348,-0.00214205231627348,FALSE,0,"","ok"
2025-09-26,2015-09-04,2025-09-19,"gaussian",0.95,0.0322258207411502,0.0408145578135253,0.00214205231627348,-0.00214205231627348,FALSE,0,"","ok"
2025-09-26,2015-09-04,2025-09-19,"gaussian",0.99,0.0462333504950717,0.0531984576089503,0.00214205231627348,-0.00214205231627348,FALSE,0,"","ok"
2025-09-26,2015-09-04,2025-09-19,"historical",0.95,0.0318656127387663,0.0525271953106167,0.00214205231627348,-0.00214205231627348,FALSE,0,"","ok"
2025-09-26,2015-09-04,2025-09-19,"historical",0.99,0.0544307167519875,0.0916135958888532,0.00214205231627348,-0.00214205231627348,FALSE,0,"","ok"
2025-09-26,2015-09-04,2025-09-19,"student_t",0.95,0.0277876782005496,0.0449466437348656,0.00214205231627348,-0.00214205231627348,FALSE,0,"","ok"
2025-09-26,2015-09-04,2025-09-19,"student_t",0.99,0.0529714356109476,0.0790481244179899,0.00214205231627348,-0.00214205231627348,FALSE,0,"","ok"
2025-10-03,2015-09-11,2025-09-26,"ewma",0.95,0.0205878181757204,0.0273034858970476,0.0164103650277946,-0.0164103650277946,FALSE,0,"","ok"
2025-10-03,2015-09-11,2025-09-26,"ewma",0.99,0.0315405245668042,0.0369866506533401,0.0164103650277946,-0.0164103650277946,FALSE,0,"","ok"
2025-10-03,2015-09-11,2025-09-26,"filtered_historical",0.95,0.0282494240485318,0.0461309914195318,0.0164103650277946,-0.0164103650277946,FALSE,0,"","ok"
2025-10-03,2015-09-11,2025-09-26,"filtered_historical",0.99,0.0530732824960087,0.082083837811148,0.0164103650277946,-0.0164103650277946,FALSE,0,"","ok"
2025-10-03,2015-09-11,2025-09-26,"gaussian",0.95,0.0320585138668106,0.0406223970479204,0.0164103650277946,-0.0164103650277946,FALSE,0,"","ok"
2025-10-03,2015-09-11,2025-09-26,"gaussian",0.99,0.0460255089509122,0.052970460596833,0.0164103650277946,-0.0164103650277946,FALSE,0,"","ok"
2025-10-03,2015-09-11,2025-09-26,"historical",0.95,0.0309072172430164,0.0524451691923648,0.0164103650277946,-0.0164103650277946,FALSE,0,"","ok"
2025-10-03,2015-09-11,2025-09-26,"historical",0.99,0.0544307167519875,0.0916135958888532,0.0164103650277946,-0.0164103650277946,FALSE,0,"","ok"
2025-10-03,2015-09-11,2025-09-26,"student_t",0.95,0.0275550684913316,0.0447237594436258,0.0164103650277946,-0.0164103650277946,FALSE,0,"","ok"
2025-10-03,2015-09-11,2025-09-26,"student_t",0.99,0.0527233009225235,0.0789172328796757,0.0164103650277946,-0.0164103650277946,FALSE,0,"","ok"
2025-10-10,2015-09-18,2025-10-03,"ewma",0.95,0.0195618670209463,0.0262861120134626,-0.0156390632604737,0.0156390632604737,FALSE,0,"","ok"
2025-10-10,2015-09-18,2025-10-03,"ewma",0.99,0.0305285622418635,0.0359816441371609,-0.0156390632604737,0.0156390632604737,FALSE,0,"","ok"
2025-10-10,2015-09-18,2025-10-03,"filtered_historical",0.95,0.0282855042986352,0.0461658688317808,-0.0156390632604737,0.0156390632604737,FALSE,0,"","ok"
2025-10-10,2015-09-18,2025-10-03,"filtered_historical",0.99,0.0531410045718242,0.0821882068364019,-0.0156390632604737,0.0156390632604737,FALSE,0,"","ok"
2025-10-10,2015-09-18,2025-10-03,"gaussian",0.95,0.0320585076892658,0.0406223809279912,-0.0156390632604737,0.0156390632604737,FALSE,0,"","ok"
2025-10-10,2015-09-18,2025-10-03,"gaussian",0.99,0.0460254865581492,0.0529704301412114,-0.0156390632604737,0.0156390632604737,FALSE,0,"","ok"
2025-10-10,2015-09-18,2025-10-03,"historical",0.95,0.0309072172430164,0.0524451691923648,-0.0156390632604737,0.0156390632604737,FALSE,0,"","ok"
2025-10-10,2015-09-18,2025-10-03,"historical",0.99,0.0544307167519875,0.0916135958888532,-0.0156390632604737,0.0156390632604737,FALSE,0,"","ok"
2025-10-10,2015-09-18,2025-10-03,"student_t",0.95,0.0275550062575842,0.0447237232904159,-0.0156390632604737,0.0156390632604737,FALSE,0,"","ok"
2025-10-10,2015-09-18,2025-10-03,"student_t",0.99,0.0527232536682535,0.0789173052618082,-0.0156390632604737,0.0156390632604737,FALSE,0.0199999999999818,"","ok"
2025-10-17,2015-09-25,2025-10-10,"ewma",0.95,0.0219691831487641,0.0286822195757609,0.00463108110064469,-0.00463108110064469,FALSE,0,"","ok"
2025-10-17,2015-09-25,2025-10-10,"ewma",0.99,0.0329175981133769,0.0383615903300895,0.00463108110064469,-0.00463108110064469,FALSE,0,"","ok"
2025-10-17,2015-09-25,2025-10-10,"filtered_historical",0.95,0.0282383555215521,0.0460189676064037,0.00463108110064469,-0.00463108110064469,FALSE,0,"","ok"
2025-10-17,2015-09-25,2025-10-10,"filtered_historical",0.99,0.0530522339352601,0.0820497973757114,0.00463108110064469,-0.00463108110064469,FALSE,0,"","ok"
2025-10-17,2015-09-25,2025-10-10,"gaussian",0.95,0.0321070566834971,0.0406765470774684,0.00463108110064469,-0.00463108110064469,FALSE,0,"","ok"
2025-10-17,2015-09-25,2025-10-10,"gaussian",0.99,0.0460831966745077,0.0530326955359111,0.00463108110064469,-0.00463108110064469,FALSE,0,"","ok"
2025-10-17,2015-09-25,2025-10-10,"historical",0.95,0.0309072172430164,0.0524451691923648,0.00463108110064469,-0.00463108110064469,FALSE,0,"","ok"
2025-10-17,2015-09-25,2025-10-10,"historical",0.99,0.0544307167519875,0.0916135958888532,0.00463108110064469,-0.00463108110064469,FALSE,0,"","ok"
2025-10-17,2015-09-25,2025-10-10,"student_t",0.95,0.0276631666628057,0.0447957187343763,0.00463108110064469,-0.00463108110064469,FALSE,0.00999999999999091,"","ok"
2025-10-17,2015-09-25,2025-10-10,"student_t",0.99,0.0528021663098268,0.078859338514186,0.00463108110064469,-0.00463108110064469,FALSE,0,"","ok"
2025-10-24,2015-10-02,2025-10-17,"ewma",0.95,0.0204408035494856,0.0269665718979623,0.0248230205743393,-0.0248230205743393,FALSE,0,"","ok"
2025-10-24,2015-10-02,2025-10-17,"ewma",0.99,0.0310837995497356,0.0363759251747815,0.0248230205743393,-0.0248230205743393,FALSE,0,"","ok"
2025-10-24,2015-10-02,2025-10-17,"filtered_historical",0.95,0.0274506132477518,0.0446741081605276,0.0248230205743393,-0.0248230205743393,FALSE,0,"","ok"
2025-10-24,2015-10-02,2025-10-17,"filtered_historical",0.99,0.0515721045429187,0.0797596280209752,0.0248230205743393,-0.0248230205743393,FALSE,0,"","ok"
2025-10-24,2015-10-02,2025-10-17,"gaussian",0.95,0.0320814351131809,0.0406498227288049,0.0248230205743393,-0.0248230205743393,FALSE,0,"","ok"
2025-10-24,2015-10-02,2025-10-17,"gaussian",0.99,0.0460557765626387,0.0530043811168526,0.0248230205743393,-0.0248230205743393,FALSE,0,"","ok"
2025-10-24,2015-10-02,2025-10-17,"historical",0.95,0.0309072172430164,0.0524451691923648,0.0248230205743393,-0.0248230205743393,FALSE,0,"","ok"
2025-10-24,2015-10-02,2025-10-17,"historical",0.99,0.0544307167519875,0.0916135958888532,0.0248230205743393,-0.0248230205743393,FALSE,0,"","ok"
2025-10-24,2015-10-02,2025-10-17,"student_t",0.95,0.0276150249060028,0.044762982229325,0.0248230205743393,-0.0248230205743393,FALSE,0,"","ok"
2025-10-24,2015-10-02,2025-10-17,"student_t",0.99,0.0527678255476472,0.0788787113069645,0.0248230205743393,-0.0248230205743393,FALSE,0.0100000000000193,"","ok"
2025-10-31,2015-10-09,2025-10-24,"ewma",0.95,0.020971369590298,0.0277894244751313,0.00726159632469675,-0.00726159632469675,FALSE,0,"","ok"
2025-10-31,2015-10-09,2025-10-24,"ewma",0.99,0.0320910610953917,0.0376202188960083,0.00726159632469675,-0.00726159632469675,FALSE,0,"","ok"
2025-10-31,2015-10-09,2025-10-24,"filtered_historical",0.95,0.0286801151605658,0.0466081688339778,0.00726159632469675,-0.00726159632469675,FALSE,0,"","ok"
2025-10-31,2015-10-09,2025-10-24,"filtered_historical",0.99,0.0538817979401345,0.0833305461214669,0.00726159632469675,-0.00726159632469675,FALSE,0,"","ok"
2025-10-31,2015-10-09,2025-10-24,"gaussian",0.95,0.0320862486621691,0.0406646259566033,0.00726159632469675,-0.00726159632469675,FALSE,0,"","ok"
2025-10-31,2015-10-09,2025-10-24,"gaussian",0.99,0.0460768824631084,0.0530335882296845,0.00726159632469675,-0.00726159632469675,FALSE,0,"","ok"
2025-10-31,2015-10-09,2025-10-24,"historical",0.95,0.0309072172430164,0.0524451691923648,0.00726159632469675,-0.00726159632469675,FALSE,0,"","ok"
2025-10-31,2015-10-09,2025-10-24,"historical",0.99,0.0544307167519875,0.0916135958888532,0.00726159632469675,-0.00726159632469675,FALSE,0,"","ok"
2025-10-31,2015-10-09,2025-10-24,"student_t",0.95,0.0276693267818498,0.0447953643422937,0.00726159632469675,-0.00726159632469675,FALSE,0.0200000000000102,"","ok"
2025-10-31,2015-10-09,2025-10-24,"student_t",0.99,0.0528108183481808,0.0788165883699818,0.00726159632469675,-0.00726159632469675,FALSE,0,"","ok"
2025-11-07,2015-10-16,2025-10-31,"ewma",0.95,0.0205131581635564,0.0271651614443148,-0.00997816729538505,0.00997816729538505,FALSE,0,"","ok"
2025-11-07,2015-10-16,2025-10-31,"ewma",0.99,0.0313620330439046,0.0367565299276637,-0.00997816729538505,0.00997816729538505,FALSE,0,"","ok"
2025-11-07,2015-10-16,2025-10-31,"filtered_historical",0.95,0.0279816198847354,0.0456858277508881,-0.00997816729538505,0.00997816729538505,FALSE,0,"","ok"
2025-11-07,2015-10-16,2025-10-31,"filtered_historical",0.99,0.0525701279616353,0.08130553211249,-0.00997816729538505,0.00997816729538505,FALSE,0,"","ok"
2025-11-07,2015-10-16,2025-10-31,"gaussian",0.95,0.0320424231011097,0.0405942309608493,-0.00997816729538505,0.00997816729538505,FALSE,0,"","ok"
2025-11-07,2015-10-16,2025-10-31,"gaussian",0.99,0.0459897243207983,0.0529248833853338,-0.00997816729538505,0.00997816729538505,FALSE,0,"","ok"
2025-11-07,2015-10-16,2025-10-31,"historical",0.95,0.0309072172430164,0.0524451691923648,-0.00997816729538505,0.00997816729538505,FALSE,0,"","ok"
2025-11-07,2015-10-16,2025-10-31,"historical",0.99,0.0544307167519875,0.0916135958888532,-0.00997816729538505,0.00997816729538505,FALSE,0,"","ok"
2025-11-07,2015-10-16,2025-10-31,"student_t",0.95,0.0276107205401719,0.0447056102522699,-0.00997816729538505,0.00997816729538505,FALSE,0.0100000000000193,"","ok"
2025-11-07,2015-10-16,2025-10-31,"student_t",0.99,0.0526956083920953,0.0786915378536356,-0.00997816729538505,0.00997816729538505,FALSE,0,"","ok"
2025-11-14,2015-10-23,2025-11-07,"ewma",0.95,0.0204691535935117,0.0269988754097601,0.00120978180034885,-0.00120978180034885,FALSE,0,"","ok"
2025-11-14,2015-10-23,2025-11-07,"ewma",0.99,0.0311185973772921,0.0364139290996105,0.00120978180034885,-0.00120978180034885,FALSE,0,"","ok"
2025-11-14,2015-10-23,2025-11-07,"filtered_historical",0.95,0.0274672434909674,0.0447594464840379,0.00120978180034885,-0.00120978180034885,FALSE,0,"","ok"
2025-11-14,2015-10-23,2025-11-07,"filtered_historical",0.99,0.0516035149262149,0.0798091830556574,0.00120978180034885,-0.00120978180034885,FALSE,0,"","ok"
2025-11-14,2015-10-23,2025-11-07,"gaussian",0.95,0.0320749747910128,0.0406294234131211,0.00120978180034885,-0.00120978180034885,FALSE,0,"","ok"
2025-11-14,2015-10-23,2025-11-07,"gaussian",0.99,0.0460265828787707,0.0529638834913133,0.00120978180034885,-0.00120978180034885,FALSE,0,"","ok"
2025-11-14,2015-10-23,2025-11-07,"historical",0.95,0.0309072172430164,0.0524451691923648,0.00120978180034885,-0.00120978180034885,FALSE,0,"","ok"
2025-11-14,2015-10-23,2025-11-07,"historical",0.99,0.0544307167519875,0.0916135958888532,0.00120978180034885,-0.00120978180034885,FALSE,0,"","ok"
2025-11-14,2015-10-23,2025-11-07,"student_t",0.95,0.0276844776006116,0.0447518222624178,0.00120978180034885,-0.00120978180034885,FALSE,0,"","ok"
2025-11-14,2015-10-23,2025-11-07,"student_t",0.99,0.0527452013809428,0.0786432551343718,0.00120978180034885,-0.00120978180034885,FALSE,0,"","ok"
2025-11-21,2015-10-30,2025-11-14,"ewma",0.95,0.0193771787450873,0.025709189792995,-0.0180797124974452,0.0180797124974452,FALSE,0,"","ok"
2025-11-21,2015-10-30,2025-11-14,"ewma",0.99,0.0297041723890083,0.0348391689342853,-0.0180797124974452,0.0180797124974452,FALSE,0,"","ok"
2025-11-21,2015-10-30,2025-11-14,"filtered_historical",0.95,0.0266355740925411,0.0433685696277126,-0.0180797124974452,0.0180797124974452,FALSE,0,"","ok"
2025-11-21,2015-10-30,2025-11-14,"filtered_historical",0.99,0.0500409321486151,0.0773919248173032,-0.0180797124974452,0.0180797124974452,FALSE,0,"","ok"
2025-11-21,2015-10-30,2025-11-14,"gaussian",0.95,0.0320874978965939,0.0406381946886461,-0.0180797124974452,0.0180797124974452,FALSE,0,"","ok"
2025-11-21,2015-10-30,2025-11-14,"gaussian",0.99,0.0460329870554918,0.0529672450905292,-0.0180797124974452,0.0180797124974452,FALSE,0,"","ok"
2025-11-21,2015-10-30,2025-11-14,"historical",0.95,0.0309072172430164,0.0524451691923648,-0.0180797124974452,0.0180797124974452,FALSE,0,"","ok"
2025-11-21,2015-10-30,2025-11-14,"historical",0.99,0.0544307167519875,0.0916135958888532,-0.0180797124974452,0.0180797124974452,FALSE,0.0100000000000193,"","ok"
2025-11-21,2015-10-30,2025-11-14,"student_t",0.95,0.0276594189062185,0.0447497519396015,-0.0180797124974452,0.0180797124974452,FALSE,0,"","ok"
2025-11-21,2015-10-30,2025-11-14,"student_t",0.99,0.0527387831374557,0.0787237810665822,-0.0180797124974452,0.0180797124974452,FALSE,0,"","ok"
2025-11-28,2015-11-06,2025-11-21,"ewma",0.95,0.0215160206424957,0.0279279765492865,0.0277237654706641,-0.0277237654706641,FALSE,0,"","ok"
2025-11-28,2015-11-06,2025-11-21,"ewma",0.99,0.0319733978317554,0.0371732263192182,0.0277237654706641,-0.0277237654706641,FALSE,0,"","ok"
2025-11-28,2015-11-06,2025-11-21,"filtered_historical",0.95,0.0269718617578603,0.0438327198690019,0.0277237654706641,-0.0277237654706641,FALSE,0,"","ok"
2025-11-28,2015-11-06,2025-11-21,"filtered_historical",0.99,0.0506724765063884,0.0783672023232353,0.0277237654706641,-0.0277237654706641,FALSE,0,"","ok"
2025-11-28,2015-11-06,2025-11-21,"gaussian",0.95,0.0321378673390861,0.0406951851722784,0.0277237654706641,-0.0277237654706641,FALSE,0,"","ok"
2025-11-28,2015-11-06,2025-11-21,"gaussian",0.99,0.046094154876138,0.0530337822990561,0.0277237654706641,-0.0277237654706641,FALSE,0,"","ok"
2025-11-28,2015-11-06,2025-11-21,"historical",0.95,0.0309072172430164,0.0524451691923648,0.0277237654706641,-0.0277237654706641,FALSE,0,"","ok"
2025-11-28,2015-11-06,2025-11-21,"historical",0.99,0.0544307167519875,0.0916135958888532,0.0277237654706641,-0.0277237654706641,FALSE,0,"","ok"
2025-11-28,2015-11-06,2025-11-21,"student_t",0.95,0.0277628134840351,0.0448227221071079,0.0277237654706641,-0.0277237654706641,FALSE,0,"","ok"
2025-11-28,2015-11-06,2025-11-21,"student_t",0.99,0.05281909715622,0.0786835295031042,0.0277237654706641,-0.0277237654706641,FALSE,0,"","ok"
2025-12-05,2015-11-13,2025-11-28,"ewma",0.95,0.0225391566686269,0.0293727945623607,-0.00119694667599569,0.00119694667599569,FALSE,0,"","ok"
2025-12-05,2015-11-13,2025-11-28,"ewma",0.99,0.0336842627904436,0.039226057760557,-0.00119694667599569,0.00119694667599569,FALSE,0,"","ok"
2025-12-05,2015-11-13,2025-11-28,"filtered_historical",0.95,0.028745665012735,0.0466216383198726,-0.00119694667599569,0.00119694667599569,FALSE,0,"","ok"
2025-12-05,2015-11-13,2025-11-28,"filtered_historical",0.99,0.0540046519876626,0.0835188150903073,-0.00119694667599569,0.00119694667599569,FALSE,0,"","ok"
2025-12-05,2015-11-13,2025-11-28,"gaussian",0.95,0.0321449652321296,0.040715584331577,-0.00119694667599569,0.00119694667599569,FALSE,0,"","ok"
2025-12-05,2015-11-13,2025-11-28,"gaussian",0.99,0.0461229460497259,0.0530733602441374,-0.00119694667599569,0.00119694667599569,FALSE,0,"","ok"
2025-12-05,2015-11-13,2025-11-28,"historical",0.95,0.0309072172430164,0.0524451691923648,-0.00119694667599569,0.00119694667599569,FALSE,0,"","ok"
2025-12-05,2015-11-13,2025-11-28,"historical",0.99,0.0544307167519875,0.0916135958888532,-0.00119694667599569,0.00119694667599569,FALSE,0,"","ok"
2025-12-05,2015-11-13,2025-11-28,"student_t",0.95,0.0278224012060916,0.044862163181427,-0.00119694667599569,0.00119694667599569,FALSE,0,"","ok"
2025-12-05,2015-11-13,2025-11-28,"student_t",0.99,0.0528718524017957,0.0786271654082548,-0.00119694667599569,0.00119694667599569,FALSE,0,"","ok"
2025-12-12,2015-11-20,2025-12-05,"ewma",0.95,0.022073674151799,0.0287002645089729,-0.00406788538187066,0.00406788538187066,FALSE,0,"","ok"
2025-12-12,2015-11-20,2025-12-05,"ewma",0.99,0.0328811026262038,0.0382549906901386,-0.00406788538187066,0.00406788538187066,FALSE,0,"","ok"
2025-12-12,2015-11-20,2025-12-05,"filtered_historical",0.95,0.0276615397735804,0.045319614790011,-0.00406788538187066,0.00406788538187066,FALSE,0,"","ok"
2025-12-12,2015-11-20,2025-12-05,"filtered_historical",0.99,0.0523691454726051,0.0809938310953426,-0.00406788538187066,0.00406788538187066,FALSE,0,"","ok"
2025-12-12,2015-11-20,2025-12-05,"gaussian",0.95,0.0319583874031108,0.0404992761429787,-0.00406788538187066,0.00406788538187066,FALSE,0,"","ok"
2025-12-12,2015-11-20,2025-12-05,"gaussian",0.99,0.0458878804287424,0.0528141845430269,-0.00406788538187066,0.00406788538187066,FALSE,0,"","ok"
2025-12-12,2015-11-20,2025-12-05,"historical",0.95,0.0288651518024157,0.0521950063832631,-0.00406788538187066,0.00406788538187066,FALSE,0,"","ok"
2025-12-12,2015-11-20,2025-12-05,"historical",0.99,0.0544307167519875,0.0916135958888532,-0.00406788538187066,0.00406788538187066,FALSE,0,"","ok"
2025-12-12,2015-11-20,2025-12-05,"student_t",0.95,0.0275883142628815,0.0446181351147253,-0.00406788538187066,0.00406788538187066,FALSE,0.00999999999999091,"","ok"
2025-12-12,2015-11-20,2025-12-05,"student_t",0.99,0.0525990965926047,0.0784224335233881,-0.00406788538187066,0.00406788538187066,FALSE,0,"","ok"
2025-12-19,2015-11-27,2025-12-12,"ewma",0.95,0.0222514175897479,0.0286896128059453,0.0133021720486221,-0.0133021720486221,FALSE,0,"","ok"
2025-12-19,2015-11-27,2025-12-12,"ewma",0.99,0.0327515889528353,0.0379726964245156,0.0133021720486221,-0.0133021720486221,FALSE,0,"","ok"
2025-12-19,2015-11-27,2025-12-12,"filtered_historical",0.95,0.026875117297461,0.0441570580175707,0.0133021720486221,-0.0133021720486221,FALSE,0,"","ok"
2025-12-19,2015-11-27,2025-12-12,"filtered_historical",0.99,0.0510014961958491,0.0786952297238531,0.0133021720486221,-0.0133021720486221,FALSE,0,"","ok"
2025-12-19,2015-11-27,2025-12-12,"gaussian",0.95,0.0319544310946418,0.0404759834804647,0.0133021720486221,-0.0133021720486221,FALSE,0,"","ok"
2025-12-19,2015-11-27,2025-12-12,"gaussian",0.99,0.0458523881037049,0.0527630112423138,0.0133021720486221,-0.0133021720486221,FALSE,0.0100000000000193,"","ok"
2025-12-19,2015-11-27,2025-12-12,"historical",0.95,0.0288651518024157,0.0521950063832631,0.0133021720486221,-0.0133021720486221,FALSE,0,"","ok"
2025-12-19,2015-11-27,2025-12-12,"historical",0.99,0.0544307167519875,0.0916135958888532,0.0133021720486221,-0.0133021720486221,FALSE,0,"","ok"
2025-12-19,2015-11-27,2025-12-12,"student_t",0.95,0.0275557554391649,0.0445768412833545,0.0133021720486221,-0.0133021720486221,FALSE,0,"","ok"
2025-12-19,2015-11-27,2025-12-12,"student_t",0.99,0.0525389646664421,0.0783998688481527,0.0133021720486221,-0.0133021720486221,FALSE,0,"","ok"
2025-12-30,2015-12-04,2025-12-19,"ewma",0.95,0.0206554138323804,0.0270442406394014,0.00668186670079883,-0.00668186670079883,FALSE,0,"","ok"
2025-12-30,2015-12-04,2025-12-19,"ewma",0.99,0.0310750693460926,0.0362561410994761,0.00668186670079883,-0.00668186670079883,FALSE,0,"","ok"
2025-12-30,2015-12-04,2025-12-19,"filtered_historical",0.95,0.026669037519922,0.0437426327490697,0.00668186670079883,-0.00668186670079883,FALSE,0,"","ok"
2025-12-30,2015-12-04,2025-12-19,"filtered_historical",0.99,0.0504903506189971,0.0780893973400874,0.00668186670079883,-0.00668186670079883,FALSE,0,"","ok"
2025-12-30,2015-12-04,2025-12-19,"gaussian",0.95,0.0319458162058915,0.0404700060452463,0.00668186670079883,-0.00668186670079883,FALSE,0,"","ok"
2025-12-30,2015-12-04,2025-12-19,"gaussian",0.99,0.0458480746865808,0.0527608366898682,0.00668186670079883,-0.00668186670079883,FALSE,0,"","ok"
2025-12-30,2015-12-04,2025-12-19,"historical",0.95,0.0288651518024157,0.0521950063832631,0.00668186670079883,-0.00668186670079883,FALSE,0,"","ok"
2025-12-30,2015-12-04,2025-12-19,"historical",0.99,0.0544307167519875,0.0916135958888532,0.00668186670079883,-0.00668186670079883,FALSE,0,"","ok"
2025-12-30,2015-12-04,2025-12-19,"student_t",0.95,0.0275769404295535,0.0445791832371806,0.00668186670079883,-0.00668186670079883,FALSE,0,"","ok"
2025-12-30,2015-12-04,2025-12-19,"student_t",0.99,0.0525444047480031,0.0783356321179387,0.00668186670079883,-0.00668186670079883,FALSE,0,"","ok"
