"valuation_date","ticker","quote_date","stale_days","price"
2000-01-07,"^FTSE",2000-01-07,0,6504.7998046875
2000-01-14,"^FTSE",2000-01-14,0,6658.2001953125
2000-01-21,"^FTSE",2000-01-21,0,6346.2998046875
2000-01-28,"^FTSE",2000-01-28,0,6375.60009765625
2000-02-04,"^FTSE",2000-02-04,0,6185
2000-02-11,"^FTSE",2000-02-11,0,6193.2998046875
2000-02-18,"^FTSE",2000-02-18,0,6165
2000-02-25,"^FTSE",2000-02-25,0,6198
2000-03-03,"^FTSE",2000-03-03,0,6487.5
2000-03-10,"^FTSE",2000-03-10,0,6568.7001953125
2000-03-17,"^FTSE",2000-03-17,0,6558
2000-03-24,"^FTSE",2000-03-24,0,6738.5
2000-03-31,"^FTSE",2000-03-31,0,6540.2001953125
2000-04-07,"^FTSE",2000-04-07,0,6569.89990234375
2000-04-14,"^FTSE",2000-04-14,0,6178.10009765625
2000-04-21,"^FTSE",2000-04-20,1,6241.2001953125
2000-04-28,"^FTSE",2000-04-28,0,6327.39990234375
2000-05-05,"^FTSE",2000-05-05,0,6238.7998046875
2000-05-12,"^FTSE",2000-05-12,0,6283.5
2000-05-19,"^FTSE",2000-05-19,0,6045.39990234375
2000-05-26,"^FTSE",2000-05-26,0,6216.89990234375
2000-06-02,"^FTSE",2000-06-02,0,6626.39990234375
2000-06-09,"^FTSE",2000-06-09,0,6443.7998046875
2000-06-16,"^FTSE",2000-06-16,0,6526
2000-06-23,"^FTSE",2000-06-23,0,6391.5
2000-06-30,"^FTSE",2000-06-30,0,6312.7001953125
2000-07-07,"^FTSE",2000-07-07,0,6497.5
2000-07-14,"^FTSE",2000-07-14,0,6475.39990234375
2000-07-21,"^FTSE",2000-07-21,0,6378.39990234375
2000-07-28,"^FTSE",2000-07-28,0,6335.7001953125
2000-08-04,"^FTSE",2000-08-04,0,6363.5
2000-08-11,"^FTSE",2000-08-11,0,6384.5
2000-08-18,"^FTSE",2000-08-18,0,6543.7001953125
2000-08-25,"^FTSE",2000-08-25,0,6563.7001953125
2000-09-01,"^FTSE",2000-09-01,0,6795
2000-09-08,"^FTSE",2000-09-08,0,6600.7001953125
2000-09-15,"^FTSE",2000-09-15,0,6417.2998046875
2000-09-22,"^FTSE",2000-09-22,0,6205.89990234375
2000-09-29,"^FTSE",2000-09-29,0,6294.2001953125
2000-10-06,"^FTSE",2000-10-06,0,6391.2001953125
2000-10-13,"^FTSE",2000-10-13,0,6209.60009765625
2000-10-20,"^FTSE",2000-10-20,0,6276.2998046875
2000-10-27,"^FTSE",2000-10-27,0,6366.60009765625
2000-11-03,"^FTSE",2000-11-03,0,6385.39990234375
2000-11-10,"^FTSE",2000-11-10,0,6400.2001953125
2000-11-17,"^FTSE",2000-11-17,0,6440.10009765625
2000-11-24,"^FTSE",2000-11-24,0,6327.60009765625
2000-12-01,"^FTSE",2000-12-01,0,6170.39990234375
2000-12-08,"^FTSE",2000-12-08,0,6288.2998046875
2000-12-15,"^FTSE",2000-12-15,0,6175.7998046875
2000-12-22,"^FTSE",2000-12-22,0,6097.5
2000-12-29,"^FTSE",2000-12-29,0,6222.5
2001-01-05,"^FTSE",2001-01-05,0,6198.10009765625
2001-01-12,"^FTSE",2001-01-12,0,6165.5
2001-01-19,"^FTSE",2001-01-19,0,6209.2998046875
2001-01-26,"^FTSE",2001-01-26,0,6294.2998046875
2001-02-02,"^FTSE",2001-02-02,0,6256.39990234375
2001-02-09,"^FTSE",2001-02-09,0,6164.2998046875
2001-02-16,"^FTSE",2001-02-16,0,6088.2998046875
2001-02-23,"^FTSE",2001-02-23,0,5943.7001953125
2001-03-02,"^FTSE",2001-03-02,0,5858.60009765625
2001-03-09,"^FTSE",2001-03-09,0,5917.2998046875
2001-03-16,"^FTSE",2001-03-16,0,5562.7998046875
2001-03-23,"^FTSE",2001-03-23,0,5402.2998046875
2001-03-30,"^FTSE",2001-03-30,0,5633.7001953125
2001-04-06,"^FTSE",2001-04-06,0,5601.5
2001-04-13,"^FTSE",2001-04-12,1,5766.60009765625
2001-04-20,"^FTSE",2001-04-20,0,5879.7998046875
2001-04-27,"^FTSE",2001-04-27,0,5951.39990234375
2001-05-04,"^FTSE",2001-05-04,0,5870.2998046875
2001-05-11,"^FTSE",2001-05-11,0,5896.7998046875
2001-05-18,"^FTSE",2001-05-18,0,5915
2001-05-25,"^FTSE",2001-05-25,0,5889.7998046875
2001-06-01,"^FTSE",2001-06-01,0,5809.60009765625
2001-06-08,"^FTSE",2001-06-08,0,5950.60009765625
2001-06-15,"^FTSE",2001-06-15,0,5723
2001-06-22,"^FTSE",2001-06-22,0,5665.7001953125
2001-06-29,"^FTSE",2001-06-29,0,5642.5
2001-07-06,"^FTSE",2001-07-06,0,5479.2001953125
2001-07-13,"^FTSE",2001-07-13,0,5537
2001-07-20,"^FTSE",2001-07-20,0,5387.10009765625
2001-07-27,"^FTSE",2001-07-27,0,5403.10009765625
2001-08-03,"^FTSE",2001-08-03,0,5547.60009765625
2001-08-10,"^FTSE",2001-08-10,0,5427.2001953125
2001-08-17,"^FTSE",2001-08-17,0,5342.10009765625
2001-08-24,"^FTSE",2001-08-24,0,5471.89990234375
2001-08-31,"^FTSE",2001-08-31,0,5345
2001-09-07,"^FTSE",2001-09-07,0,5070.2998046875
2001-09-14,"^FTSE",2001-09-14,0,4755.7998046875
2001-09-21,"^FTSE",2001-09-21,0,4433.7001953125
2001-09-28,"^FTSE",2001-09-28,0,4903.39990234375
2001-10-05,"^FTSE",2001-10-05,0,5036
2001-10-12,"^FTSE",2001-10-12,0,5145.5
2001-10-19,"^FTSE",2001-10-19,0,5017.7001953125
2001-10-26,"^FTSE",2001-10-26,0,5188.7001953125
2001-11-02,"^FTSE",2001-11-02,0,5129.5
2001-11-09,"^FTSE",2001-11-09,0,5244.2001953125
2001-11-16,"^FTSE",2001-11-16,0,5291
2001-11-23,"^FTSE",2001-11-23,0,5293.2001953125
2001-11-30,"^FTSE",2001-11-30,0,5203.60009765625
2001-12-07,"^FTSE",2001-12-07,0,5264.7001953125
2001-12-14,"^FTSE",2001-12-14,0,5061
2001-12-21,"^FTSE",2001-12-21,0,5159.2001953125
2001-12-28,"^FTSE",2001-12-28,0,5242.39990234375
2002-01-04,"^FTSE",2002-01-04,0,5323.7998046875
2002-01-11,"^FTSE",2002-01-11,0,5198.60009765625
2002-01-18,"^FTSE",2002-01-18,0,5126.7998046875
2002-01-25,"^FTSE",2002-01-25,0,5193.10009765625
2002-02-01,"^FTSE",2002-02-01,0,5189.7001953125
2002-02-08,"^FTSE",2002-02-08,0,5128.10009765625
2002-02-15,"^FTSE",2002-02-15,0,5182.5
2002-02-22,"^FTSE",2002-02-22,0,5050.7998046875
2002-03-01,"^FTSE",2002-03-01,0,5169
2002-03-08,"^FTSE",2002-03-08,0,5285.7001953125
2002-03-15,"^FTSE",2002-03-15,0,5292.7001953125
2002-03-22,"^FTSE",2002-03-22,0,5250.5
2002-03-29,"^FTSE",2002-03-28,1,5271.7998046875
2002-04-05,"^FTSE",2002-04-05,0,5233.60009765625
2002-04-12,"^FTSE",2002-04-12,0,5161
2002-04-19,"^FTSE",2002-04-19,0,5243.60009765625
2002-04-26,"^FTSE",2002-04-26,0,5159
2002-05-03,"^FTSE",2002-05-03,0,5203.10009765625
2002-05-10,"^FTSE",2002-05-10,0,5171.2001953125
2002-05-17,"^FTSE",2002-05-17,0,5218
2002-05-24,"^FTSE",2002-05-24,0,5169.10009765625
2002-05-31,"^FTSE",2002-05-31,0,5085.10009765625
2002-06-07,"^FTSE",2002-06-07,0,4920.39990234375
2002-06-14,"^FTSE",2002-06-14,0,4630.7998046875
2002-06-21,"^FTSE",2002-06-21,0,4605.39990234375
2002-06-28,"^FTSE",2002-06-28,0,4656.39990234375
2002-07-05,"^FTSE",2002-07-05,0,4615.7001953125
2002-07-12,"^FTSE",2002-07-12,0,4224.10009765625
2002-07-19,"^FTSE",2002-07-19,0,4098.2998046875
2002-07-26,"^FTSE",2002-07-26,0,4016.69995117188
2002-08-02,"^FTSE",2002-08-02,0,4075.60009765625
2002-08-09,"^FTSE",2002-08-09,0,4322.39990234375
2002-08-16,"^FTSE",2002-08-16,0,4330
2002-08-23,"^FTSE",2002-08-23,0,4389.7998046875
2002-08-30,"^FTSE",2002-08-30,0,4227.2998046875
2002-09-06,"^FTSE",2002-09-06,0,4107.2001953125
2002-09-13,"^FTSE",2002-09-13,0,4008
2002-09-20,"^FTSE",2002-09-20,0,3860.10009765625
2002-09-27,"^FTSE",2002-09-27,0,3907.19995117188
2002-10-04,"^FTSE",2002-10-04,0,3813.80004882812
2002-10-11,"^FTSE",2002-10-11,0,3953.39990234375
2002-10-18,"^FTSE",2002-10-18,0,4130.5
2002-10-25,"^FTSE",2002-10-25,0,4051.10009765625
2002-11-01,"^FTSE",2002-11-01,0,3997
2002-11-08,"^FTSE",2002-11-08,0,4034.60009765625
2002-11-15,"^FTSE",2002-11-15,0,4091.60009765625
2002-11-22,"^FTSE",2002-11-22,0,4175.2001953125
2002-11-29,"^FTSE",2002-11-29,0,4169.39990234375
2002-12-06,"^FTSE",2002-12-06,0,4013.5
2002-12-13,"^FTSE",2002-12-13,0,3878.10009765625
2002-12-20,"^FTSE",2002-12-20,0,3889.89990234375
2002-12-27,"^FTSE",2002-12-27,0,3829.39990234375
2003-01-03,"^FTSE",2003-01-03,0,4005
2003-01-10,"^FTSE",2003-01-10,0,3974.10009765625
2003-01-17,"^FTSE",2003-01-17,0,3820.60009765625
2003-01-24,"^FTSE",2003-01-24,0,3603.69995117188
2003-01-31,"^FTSE",2003-01-31,0,3567.39990234375
2003-02-07,"^FTSE",2003-02-07,0,3599.19995117188
2003-02-14,"^FTSE",2003-02-14,0,3611.89990234375
2003-02-21,"^FTSE",2003-02-21,0,3727.10009765625
2003-02-28,"^FTSE",2003-02-28,0,3655.60009765625
2003-03-07,"^FTSE",2003-03-07,0,3491.60009765625
2003-03-14,"^FTSE",2003-03-14,0,3601.80004882812
2003-03-21,"^FTSE",2003-03-21,0,3861.10009765625
2003-03-28,"^FTSE",2003-03-28,0,3708.5
2003-04-04,"^FTSE",2003-04-04,0,3814.39990234375
2003-04-11,"^FTSE",2003-04-11,0,3808.10009765625
2003-04-18,"^FTSE",2003-04-17,1,3889.19995117188
2003-04-25,"^FTSE",2003-04-25,0,3870.19995117188
2003-05-02,"^FTSE",2003-05-02,0,3952.60009765625
2003-05-09,"^FTSE",2003-05-09,0,3969.39990234375
2003-05-16,"^FTSE",2003-05-16,0,4049
2003-05-23,"^FTSE",2003-05-23,0,3979.80004882812
2003-05-30,"^FTSE",2003-05-30,0,4048.10009765625
2003-06-06,"^FTSE",2003-06-06,0,4150.7998046875
2003-06-13,"^FTSE",2003-06-13,0,4134.10009765625
2003-06-20,"^FTSE",2003-06-20,0,4160.10009765625
2003-06-27,"^FTSE",2003-06-27,0,4067.80004882812
2003-07-04,"^FTSE",2003-07-04,0,4021.5
2003-07-11,"^FTSE",2003-07-11,0,4058.10009765625
2003-07-18,"^FTSE",2003-07-18,0,4073.19995117188
2003-07-25,"^FTSE",2003-07-25,0,4131.2001953125
2003-08-01,"^FTSE",2003-08-01,0,4098.39990234375
2003-08-08,"^FTSE",2003-08-08,0,4147.7998046875
2003-08-15,"^FTSE",2003-08-15,0,4247.2998046875
2003-08-22,"^FTSE",2003-08-22,0,4225.89990234375
2003-08-29,"^FTSE",2003-08-29,0,4161.10009765625
2003-09-05,"^FTSE",2003-09-05,0,4257.2001953125
2003-09-12,"^FTSE",2003-09-12,0,4237.7998046875
2003-09-19,"^FTSE",2003-09-19,0,4257
2003-09-26,"^FTSE",2003-09-26,0,4157.10009765625
2003-10-03,"^FTSE",2003-10-03,0,4274
2003-10-10,"^FTSE",2003-10-10,0,4311
2003-10-17,"^FTSE",2003-10-17,0,4344
2003-10-24,"^FTSE",2003-10-24,0,4239
2003-10-31,"^FTSE",2003-10-31,0,4287.60009765625
2003-11-07,"^FTSE",2003-11-07,0,4376.89990234375
2003-11-14,"^FTSE",2003-11-14,0,4397
2003-11-21,"^FTSE",2003-11-21,0,4319
2003-11-28,"^FTSE",2003-11-28,0,4342.60009765625
2003-12-05,"^FTSE",2003-12-05,0,4367
2003-12-12,"^FTSE",2003-12-12,0,4347.60009765625
2003-12-19,"^FTSE",2003-12-19,0,4412.2998046875
2003-12-26,"^FTSE",2003-12-24,2,4444.7001953125
2004-01-02,"^FTSE",2004-01-02,0,4510.2001953125
2004-01-09,"^FTSE",2004-01-09,0,4466.2998046875
2004-01-16,"^FTSE",2004-01-16,0,4487.89990234375
2004-01-23,"^FTSE",2004-01-23,0,4460.7998046875
2004-01-30,"^FTSE",2004-01-30,0,4390.7001953125
2004-02-06,"^FTSE",2004-02-06,0,4402.7001953125
2004-02-13,"^FTSE",2004-02-13,0,4412
2004-02-20,"^FTSE",2004-02-20,0,4515
2004-02-27,"^FTSE",2004-02-27,0,4492.2001953125
2004-03-05,"^FTSE",2004-03-05,0,4547.10009765625
2004-03-12,"^FTSE",2004-03-12,0,4467.39990234375
2004-03-19,"^FTSE",2004-03-19,0,4417.7001953125
2004-03-26,"^FTSE",2004-03-26,0,4357.5
2004-04-02,"^FTSE",2004-04-02,0,4465.60009765625
2004-04-09,"^FTSE",2004-04-08,1,4489.7001953125
2004-04-16,"^FTSE",2004-04-16,0,4537.2998046875
2004-04-23,"^FTSE",2004-04-23,0,4570
2004-04-30,"^FTSE",2004-04-30,0,4489.7001953125
2004-05-07,"^FTSE",2004-05-07,0,4498.39990234375
2004-05-14,"^FTSE",2004-05-14,0,4441.7998046875
2004-05-21,"^FTSE",2004-05-21,0,4431.39990234375
2004-05-28,"^FTSE",2004-05-28,0,4430.7001953125
2004-06-04,"^FTSE",2004-06-04,0,4454.5
2004-06-11,"^FTSE",2004-06-11,0,4484
2004-06-18,"^FTSE",2004-06-18,0,4505.7998046875
2004-06-25,"^FTSE",2004-06-25,0,4494.10009765625
2004-07-02,"^FTSE",2004-07-02,0,4407.39990234375
2004-07-09,"^FTSE",2004-07-09,0,4393.2001953125
2004-07-16,"^FTSE",2004-07-16,0,4339.2001953125
2004-07-23,"^FTSE",2004-07-23,0,4326.2998046875
2004-07-30,"^FTSE",2004-07-30,0,4413.10009765625
2004-08-06,"^FTSE",2004-08-06,0,4337.89990234375
2004-08-13,"^FTSE",2004-08-13,0,4301.5
2004-08-20,"^FTSE",2004-08-20,0,4369.2001953125
2004-08-27,"^FTSE",2004-08-27,0,4490.10009765625
2004-09-03,"^FTSE",2004-09-03,0,4550.7998046875
2004-09-10,"^FTSE",2004-09-10,0,4545
2004-09-17,"^FTSE",2004-09-17,0,4591
2004-09-24,"^FTSE",2004-09-24,0,4578.10009765625
2004-10-01,"^FTSE",2004-10-01,0,4659.7001953125
2004-10-08,"^FTSE",2004-10-08,0,4698.89990234375
2004-10-15,"^FTSE",2004-10-15,0,4622.7001953125
2004-10-22,"^FTSE",2004-10-22,0,4615.39990234375
2004-10-29,"^FTSE",2004-10-29,0,4624.2001953125
2004-11-05,"^FTSE",2004-11-05,0,4739.7998046875
2004-11-12,"^FTSE",2004-11-12,0,4793.89990234375
2004-11-19,"^FTSE",2004-11-19,0,4760.7998046875
2004-11-26,"^FTSE",2004-11-26,0,4741.60009765625
2004-12-03,"^FTSE",2004-12-03,0,4747.89990234375
2004-12-10,"^FTSE",2004-12-10,0,4694
2004-12-17,"^FTSE",2004-12-17,0,4696.7998046875
2004-12-24,"^FTSE",2004-12-24,0,4798.10009765625
2004-12-31,"^FTSE",2004-12-31,0,4814.2998046875
2005-01-07,"^FTSE",2005-01-07,0,4854.10009765625
2005-01-14,"^FTSE",2005-01-14,0,4820.7998046875
2005-01-21,"^FTSE",2005-01-21,0,4803.2998046875
2005-01-28,"^FTSE",2005-01-28,0,4832.7998046875
2005-02-04,"^FTSE",2005-02-04,0,4941.5
2005-02-11,"^FTSE",2005-02-11,0,5044.2001953125
2005-02-18,"^FTSE",2005-02-18,0,5057.2001953125
2005-02-25,"^FTSE",2005-02-25,0,5006.7998046875
2005-03-04,"^FTSE",2005-03-04,0,5036.2998046875
2005-03-11,"^FTSE",2005-03-11,0,4982.10009765625
2005-03-18,"^FTSE",2005-03-18,0,4923.2998046875
2005-03-25,"^FTSE",2005-03-24,1,4922.5
2005-04-01,"^FTSE",2005-04-01,0,4914
2005-04-08,"^FTSE",2005-04-08,0,4983.7001953125
2005-04-15,"^FTSE",2005-04-15,0,4891.60009765625
2005-04-22,"^FTSE",2005-04-22,0,4849.2998046875
2005-04-29,"^FTSE",2005-04-29,0,4801.7001953125
2005-05-06,"^FTSE",2005-05-06,0,4918.89990234375
2005-05-13,"^FTSE",2005-05-13,0,4886.5
2005-05-20,"^FTSE",2005-05-20,0,4971.7998046875
2005-05-27,"^FTSE",2005-05-27,0,4986.2998046875
2005-06-03,"^FTSE",2005-06-03,0,4999.39990234375
2005-06-10,"^FTSE",2005-06-10,0,5030.39990234375
2005-06-17,"^FTSE",2005-06-17,0,5077.60009765625
2005-06-24,"^FTSE",2005-06-24,0,5079
2005-07-01,"^FTSE",2005-07-01,0,5161
2005-07-08,"^FTSE",2005-07-08,0,5232.2001953125
2005-07-15,"^FTSE",2005-07-15,0,5230.89990234375
2005-07-22,"^FTSE",2005-07-22,0,5241.7998046875
2005-07-29,"^FTSE",2005-07-29,0,5282.2998046875
2005-08-05,"^FTSE",2005-08-05,0,5314.7998046875
2005-08-12,"^FTSE",2005-08-12,0,5345.7998046875
2005-08-19,"^FTSE",2005-08-19,0,5312.60009765625
2005-08-26,"^FTSE",2005-08-26,0,5228.10009765625
2005-09-02,"^FTSE",2005-09-02,0,5326.89990234375
2005-09-09,"^FTSE",2005-09-09,0,5359.2998046875
2005-09-16,"^FTSE",2005-09-16,0,5407.89990234375
2005-09-23,"^FTSE",2005-09-23,0,5413.60009765625
2005-09-30,"^FTSE",2005-09-30,0,5477.7001953125
2005-10-07,"^FTSE",2005-10-07,0,5362.2998046875
2005-10-14,"^FTSE",2005-10-14,0,5275
2005-10-21,"^FTSE",2005-10-21,0,5142.10009765625
2005-10-28,"^FTSE",2005-10-28,0,5213.39990234375
2005-11-04,"^FTSE",2005-11-04,0,5423.60009765625
2005-11-11,"^FTSE",2005-11-11,0,5465.10009765625
2005-11-18,"^FTSE",2005-11-18,0,5498.89990234375
2005-11-25,"^FTSE",2005-11-25,0,5523.7998046875
2005-12-02,"^FTSE",2005-12-02,0,5528.10009765625
2005-12-09,"^FTSE",2005-12-09,0,5517.39990234375
2005-12-16,"^FTSE",2005-12-16,0,5531.60009765625
2005-12-23,"^FTSE",2005-12-23,0,5595.5
2005-12-30,"^FTSE",2005-12-30,0,5618.7998046875
2006-01-06,"^FTSE",2006-01-06,0,5731.7998046875
2006-01-13,"^FTSE",2006-01-13,0,5711
2006-01-20,"^FTSE",2006-01-20,0,5672.39990234375
2006-01-27,"^FTSE",2006-01-27,0,5786.7998046875
2006-02-03,"^FTSE",2006-02-03,0,5759.2998046875
2006-02-10,"^FTSE",2006-02-10,0,5764.10009765625
2006-02-17,"^FTSE",2006-02-17,0,5846.2001953125
2006-02-24,"^FTSE",2006-02-24,0,5860.5
2006-03-03,"^FTSE",2006-03-03,0,5858.7001953125
2006-03-10,"^FTSE",2006-03-10,0,5907.89990234375
2006-03-17,"^FTSE",2006-03-17,0,5999.39990234375
2006-03-24,"^FTSE",2006-03-24,0,6036.2998046875
2006-03-31,"^FTSE",2006-03-31,0,5964.60009765625
2006-04-07,"^FTSE",2006-04-07,0,6026.10009765625
2006-04-14,"^FTSE",2006-04-13,1,6029.39990234375
2006-04-21,"^FTSE",2006-04-21,0,6132.7001953125
2006-04-28,"^FTSE",2006-04-28,0,6023.10009765625
2006-05-05,"^FTSE",2006-05-05,0,6091.7001953125
2006-05-12,"^FTSE",2006-05-12,0,5912.10009765625
2006-05-19,"^FTSE",2006-05-19,0,5657.39990234375
2006-05-26,"^FTSE",2006-05-26,0,5791
2006-06-02,"^FTSE",2006-06-02,0,5764.60009765625
2006-06-09,"^FTSE",2006-06-09,0,5655.2001953125
2006-06-16,"^FTSE",2006-06-16,0,5597.39990234375
2006-06-23,"^FTSE",2006-06-23,0,5692.10009765625
2006-06-30,"^FTSE",2006-06-30,0,5833.39990234375
2006-07-07,"^FTSE",2006-07-07,0,5888.89990234375
2006-07-14,"^FTSE",2006-07-14,0,5707.60009765625
2006-07-21,"^FTSE",2006-07-21,0,5719.7001953125
2006-07-28,"^FTSE",2006-07-28,0,5974.89990234375
2006-08-04,"^FTSE",2006-08-04,0,5889.39990234375
2006-08-11,"^FTSE",2006-08-11,0,5820.10009765625
2006-08-18,"^FTSE",2006-08-18,0,5903.39990234375
2006-08-25,"^FTSE",2006-08-25,0,5878.60009765625
2006-09-01,"^FTSE",2006-09-01,0,5949.2001953125
2006-09-08,"^FTSE",2006-09-08,0,5879.2998046875
2006-09-15,"^FTSE",2006-09-15,0,5877
2006-09-22,"^FTSE",2006-09-22,0,5822.2998046875
2006-09-29,"^FTSE",2006-09-29,0,5960.7998046875
2006-10-06,"^FTSE",2006-10-06,0,6001.2001953125
2006-10-13,"^FTSE",2006-10-13,0,6157.2998046875
2006-10-20,"^FTSE",2006-10-20,0,6155.2001953125
2006-10-27,"^FTSE",2006-10-27,0,6160.89990234375
2006-11-03,"^FTSE",2006-11-03,0,6148.10009765625
2006-11-10,"^FTSE",2006-11-10,0,6208.39990234375
2006-11-17,"^FTSE",2006-11-17,0,6192
2006-11-24,"^FTSE",2006-11-24,0,6122.10009765625
2006-12-01,"^FTSE",2006-12-01,0,6021.5
2006-12-08,"^FTSE",2006-12-08,0,6152.39990234375
2006-12-15,"^FTSE",2006-12-15,0,6260
2006-12-22,"^FTSE",2006-12-22,0,6190
2006-12-29,"^FTSE",2006-12-29,0,6220.7998046875
2007-01-05,"^FTSE",2007-01-05,0,6220.10009765625
2007-01-12,"^FTSE",2007-01-12,0,6239
2007-01-19,"^FTSE",2007-01-19,0,6237.2001953125
2007-01-26,"^FTSE",2007-01-26,0,6228
2007-02-02,"^FTSE",2007-02-02,0,6310.89990234375
2007-02-09,"^FTSE",2007-02-09,0,6382.7998046875
2007-02-16,"^FTSE",2007-02-16,0,6419.5
2007-02-23,"^FTSE",2007-02-23,0,6401.5
2007-03-02,"^FTSE",2007-03-02,0,6116.2001953125
2007-03-09,"^FTSE",2007-03-09,0,6245.2001953125
2007-03-16,"^FTSE",2007-03-16,0,6130.60009765625
2007-03-23,"^FTSE",2007-03-23,0,6339.39990234375
2007-03-30,"^FTSE",2007-03-30,0,6308
2007-04-06,"^FTSE",2007-04-05,1,6397.2998046875
2007-04-13,"^FTSE",2007-04-13,0,6462.39990234375
2007-04-20,"^FTSE",2007-04-20,0,6486.7998046875
2007-04-27,"^FTSE",2007-04-27,0,6418.7001953125
2007-05-04,"^FTSE",2007-05-04,0,6603.7001953125
2007-05-11,"^FTSE",2007-05-11,0,6565.7001953125
2007-05-18,"^FTSE",2007-05-18,0,6640.89990234375
2007-05-25,"^FTSE",2007-05-25,0,6570.60009765625
2007-06-01,"^FTSE",2007-06-01,0,6676.7001953125
2007-06-08,"^FTSE",2007-06-08,0,6505.10009765625
2007-06-15,"^FTSE",2007-06-15,0,6732.39990234375
2007-06-22,"^FTSE",2007-06-22,0,6567.39990234375
2007-06-29,"^FTSE",2007-06-29,0,6607.89990234375
2007-07-06,"^FTSE",2007-07-06,0,6690.10009765625
2007-07-13,"^FTSE",2007-07-13,0,6716.7001953125
2007-07-20,"^FTSE",2007-07-20,0,6585.2001953125
2007-07-27,"^FTSE",2007-07-27,0,6215.2001953125
2007-08-03,"^FTSE",2007-08-03,0,6224.2998046875
2007-08-10,"^FTSE",2007-08-10,0,6038.2998046875
2007-08-17,"^FTSE",2007-08-17,0,6064.2001953125
2007-08-24,"^FTSE",2007-08-24,0,6220.10009765625
2007-08-31,"^FTSE",2007-08-31,0,6303.2998046875
2007-09-07,"^FTSE",2007-09-07,0,6191.2001953125
2007-09-14,"^FTSE",2007-09-14,0,6289.2998046875
2007-09-21,"^FTSE",2007-09-21,0,6456.7001953125
2007-09-28,"^FTSE",2007-09-28,0,6466.7998046875
2007-10-05,"^FTSE",2007-10-05,0,6595.7998046875
2007-10-12,"^FTSE",2007-10-12,0,6730.7001953125
2007-10-19,"^FTSE",2007-10-19,0,6527.89990234375
2007-10-26,"^FTSE",2007-10-26,0,6661.2998046875
2007-11-02,"^FTSE",2007-11-02,0,6530.60009765625
2007-11-09,"^FTSE",2007-11-09,0,6304.89990234375
2007-11-16,"^FTSE",2007-11-16,0,6291.2001953125
2007-11-23,"^FTSE",2007-11-23,0,6262.10009765625
2007-11-30,"^FTSE",2007-11-30,0,6432.5
2007-12-07,"^FTSE",2007-12-07,0,6554.89990234375
2007-12-14,"^FTSE",2007-12-14,0,6397
2007-12-21,"^FTSE",2007-12-21,0,6434.10009765625
2007-12-28,"^FTSE",2007-12-28,0,6476.89990234375
2008-01-04,"^FTSE",2008-01-04,0,6348.5
2008-01-11,"^FTSE",2008-01-11,0,6202
2008-01-18,"^FTSE",2008-01-18,0,5901.7001953125
2008-01-25,"^FTSE",2008-01-25,0,5869
2008-02-01,"^FTSE",2008-02-01,0,6029.2001953125
2008-02-08,"^FTSE",2008-02-08,0,5784
2008-02-15,"^FTSE",2008-02-15,0,5787.60009765625
2008-02-22,"^FTSE",2008-02-22,0,5888.5
2008-02-29,"^FTSE",2008-02-29,0,5884.2998046875
2008-03-07,"^FTSE",2008-03-07,0,5699.89990234375
2008-03-14,"^FTSE",2008-03-14,0,5631.7001953125
2008-03-21,"^FTSE",2008-03-20,1,5495.2001953125
2008-03-28,"^FTSE",2008-03-28,0,5692.89990234375
2008-04-04,"^FTSE",2008-04-04,0,5947.10009765625
2008-04-11,"^FTSE",2008-04-11,0,5895.5
2008-04-18,"^FTSE",2008-04-18,0,6056.60009765625
2008-04-25,"^FTSE",2008-04-25,0,6091.39990234375
2008-05-02,"^FTSE",2008-05-02,0,6215.5
2008-05-09,"^FTSE",2008-05-09,0,6204.7001953125
2008-05-16,"^FTSE",2008-05-16,0,6304.2998046875
2008-05-23,"^FTSE",2008-05-23,0,6087.2998046875
2008-05-30,"^FTSE",2008-05-30,0,6053.5
2008-06-06,"^FTSE",2008-06-06,0,5906.7998046875
2008-06-13,"^FTSE",2008-06-13,0,5802.7998046875
2008-06-20,"^FTSE",2008-06-20,0,5620.7998046875
2008-06-27,"^FTSE",2008-06-27,0,5530
2008-07-04,"^FTSE",2008-07-04,0,5412.7998046875
2008-07-11,"^FTSE",2008-07-11,0,5261.60009765625
2008-07-18,"^FTSE",2008-07-18,0,5376.39990234375
2008-07-25,"^FTSE",2008-07-25,0,5352.60009765625
2008-08-01,"^FTSE",2008-08-01,0,5354.7001953125
2008-08-08,"^FTSE",2008-08-08,0,5489.2001953125
2008-08-15,"^FTSE",2008-08-15,0,5454.7998046875
2008-08-22,"^FTSE",2008-08-22,0,5505.60009765625
2008-08-29,"^FTSE",2008-08-29,0,5636.60009765625
2008-09-05,"^FTSE",2008-09-05,0,5240.7001953125
2008-09-12,"^FTSE",2008-09-12,0,5416.7001953125
2008-09-19,"^FTSE",2008-09-19,0,5311.2998046875
2008-09-26,"^FTSE",2008-09-26,0,5088.5
2008-10-03,"^FTSE",2008-10-03,0,4980.2998046875
2008-10-10,"^FTSE",2008-10-10,0,3932.10009765625
2008-10-17,"^FTSE",2008-10-17,0,4063
2008-10-24,"^FTSE",2008-10-24,0,3883.39990234375
2008-10-31,"^FTSE",2008-10-31,0,4377.2998046875
2008-11-07,"^FTSE",2008-11-07,0,4365
2008-11-14,"^FTSE",2008-11-14,0,4233
2008-11-21,"^FTSE",2008-11-21,0,3781
2008-11-28,"^FTSE",2008-11-28,0,4288
2008-12-05,"^FTSE",2008-12-05,0,4049.39990234375
2008-12-12,"^FTSE",2008-12-12,0,4280.39990234375
2008-12-19,"^FTSE",2008-12-19,0,4286.89990234375
2008-12-26,"^FTSE",2008-12-24,2,4216.60009765625
2009-01-02,"^FTSE",2009-01-02,0,4561.7998046875
2009-01-09,"^FTSE",2009-01-09,0,4448.5
2009-01-16,"^FTSE",2009-01-16,0,4147.10009765625
2009-01-23,"^FTSE",2009-01-23,0,4052.5
2009-01-30,"^FTSE",2009-01-30,0,4149.60009765625
2009-02-06,"^FTSE",2009-02-06,0,4291.89990234375
2009-02-13,"^FTSE",2009-02-13,0,4189.60009765625
2009-02-20,"^FTSE",2009-02-20,0,3889.10009765625
2009-02-27,"^FTSE",2009-02-27,0,3830.10009765625
2009-03-06,"^FTSE",2009-03-06,0,3530.69995117188
2009-03-13,"^FTSE",2009-03-13,0,3753.69995117188
2009-03-20,"^FTSE",2009-03-20,0,3842.89990234375
2009-03-27,"^FTSE",2009-03-27,0,3898.89990234375
2009-04-03,"^FTSE",2009-04-03,0,4029.69995117188
2009-04-10,"^FTSE",2009-04-09,1,3983.69995117188
2009-04-17,"^FTSE",2009-04-17,0,4092.80004882812
2009-04-24,"^FTSE",2009-04-24,0,4156
2009-05-01,"^FTSE",2009-05-01,0,4243.2001953125
2009-05-08,"^FTSE",2009-05-08,0,4462.10009765625
2009-05-15,"^FTSE",2009-05-15,0,4348.10009765625
2009-05-22,"^FTSE",2009-05-22,0,4365.2998046875
2009-05-29,"^FTSE",2009-05-29,0,4417.89990234375
2009-06-05,"^FTSE",2009-06-05,0,4438.60009765625
2009-06-12,"^FTSE",2009-06-12,0,4442
2009-06-19,"^FTSE",2009-06-19,0,4345.89990234375
2009-06-26,"^FTSE",2009-06-26,0,4241
2009-07-03,"^FTSE",2009-07-03,0,4236.2998046875
2009-07-10,"^FTSE",2009-07-10,0,4127.2001953125
2009-07-17,"^FTSE",2009-07-17,0,4388.7998046875
2009-07-24,"^FTSE",2009-07-24,0,4576.60009765625
2009-07-31,"^FTSE",2009-07-31,0,4608.39990234375
2009-08-07,"^FTSE",2009-08-07,0,4731.60009765625
2009-08-14,"^FTSE",2009-08-14,0,4714
2009-08-21,"^FTSE",2009-08-21,0,4850.89990234375
2009-08-28,"^FTSE",2009-08-28,0,4908.89990234375
2009-09-04,"^FTSE",2009-09-04,0,4851.7001953125
2009-09-11,"^FTSE",2009-09-11,0,5011.5
2009-09-18,"^FTSE",2009-09-18,0,5172.89990234375
2009-09-25,"^FTSE",2009-09-25,0,5082.2001953125
2009-10-02,"^FTSE",2009-10-02,0,4988.7001953125
2009-10-09,"^FTSE",2009-10-09,0,5161.89990234375
2009-10-16,"^FTSE",2009-10-16,0,5190.2001953125
2009-10-23,"^FTSE",2009-10-23,0,5242.60009765625
2009-10-30,"^FTSE",2009-10-30,0,5044.60009765625
2009-11-06,"^FTSE",2009-11-06,0,5142.7001953125
2009-11-13,"^FTSE",2009-11-13,0,5296.39990234375
2009-11-20,"^FTSE",2009-11-20,0,5251.39990234375
2009-11-27,"^FTSE",2009-11-27,0,5245.7001953125
2009-12-04,"^FTSE",2009-12-04,0,5322.39990234375
2009-12-11,"^FTSE",2009-12-11,0,5261.60009765625
2009-12-18,"^FTSE",2009-12-18,0,5196.7998046875
2009-12-25,"^FTSE",2009-12-24,1,5402.39990234375
2010-01-01,"^FTSE",2009-12-31,1,5412.89990234375
2010-01-08,"^FTSE",2010-01-08,0,5534.2001953125
2010-01-15,"^FTSE",2010-01-15,0,5455.39990234375
2010-01-22,"^FTSE",2010-01-22,0,5303
2010-01-29,"^FTSE",2010-01-29,0,5188.5
2010-02-05,"^FTSE",2010-02-05,0,5060.89990234375
2010-02-12,"^FTSE",2010-02-12,0,5142.5
2010-02-19,"^FTSE",2010-02-19,0,5358.2001953125
2010-02-26,"^FTSE",2010-02-26,0,5354.5
2010-03-05,"^FTSE",2010-03-05,0,5599.7998046875
2010-03-12,"^FTSE",2010-03-12,0,5625.7001953125
2010-03-19,"^FTSE",2010-03-19,0,5650.10009765625
2010-03-26,"^FTSE",2010-03-26,0,5703
2010-04-02,"^FTSE",2010-04-01,1,5744.89990234375
2010-04-09,"^FTSE",2010-04-09,0,5771
2010-04-16,"^FTSE",2010-04-16,0,5744
2010-04-23,"^FTSE",2010-04-23,0,5723.7001953125
2010-04-30,"^FTSE",2010-04-30,0,5553.2998046875
2010-05-07,"^FTSE",2010-05-07,0,5123
2010-05-14,"^FTSE",2010-05-14,0,5262.89990234375
2010-05-21,"^FTSE",2010-05-21,0,5062.89990234375
2010-05-28,"^FTSE",2010-05-28,0,5188.39990234375
2010-06-04,"^FTSE",2010-06-04,0,5126
2010-06-11,"^FTSE",2010-06-11,0,5163.7001953125
2010-06-18,"^FTSE",2010-06-18,0,5250.7998046875
2010-06-25,"^FTSE",2010-06-25,0,5046.5
2010-07-02,"^FTSE",2010-07-02,0,4838.10009765625
2010-07-09,"^FTSE",2010-07-09,0,5132.89990234375
2010-07-16,"^FTSE",2010-07-16,0,5158.89990234375
2010-07-23,"^FTSE",2010-07-23,0,5312.60009765625
2010-07-30,"^FTSE",2010-07-30,0,5258
2010-08-06,"^FTSE",2010-08-06,0,5332.39990234375
2010-08-13,"^FTSE",2010-08-13,0,5275.39990234375
2010-08-20,"^FTSE",2010-08-20,0,5195.2998046875
2010-08-27,"^FTSE",2010-08-27,0,5201.60009765625
2010-09-03,"^FTSE",2010-09-03,0,5428.2001953125
2010-09-10,"^FTSE",2010-09-10,0,5501.60009765625
2010-09-17,"^FTSE",2010-09-17,0,5508.5
2010-09-24,"^FTSE",2010-09-24,0,5598.5
2010-10-01,"^FTSE",2010-10-01,0,5592.89990234375
2010-10-08,"^FTSE",2010-10-08,0,5657.60009765625
2010-10-15,"^FTSE",2010-10-15,0,5703.39990234375
2010-10-22,"^FTSE",2010-10-22,0,5741.39990234375
2010-10-29,"^FTSE",2010-10-29,0,5675.2001953125
2010-11-05,"^FTSE",2010-11-05,0,5875.39990234375
2010-11-12,"^FTSE",2010-11-12,0,5796.89990234375
2010-11-19,"^FTSE",2010-11-19,0,5732.7998046875
2010-11-26,"^FTSE",2010-11-26,0,5668.7001953125
2010-12-03,"^FTSE",2010-12-03,0,5745.2998046875
2010-12-10,"^FTSE",2010-12-10,0,5813
2010-12-17,"^FTSE",2010-12-17,0,5871.7998046875
2010-12-24,"^FTSE",2010-12-24,0,6008.89990234375
2010-12-31,"^FTSE",2010-12-31,0,5899.89990234375
2011-01-07,"^FTSE",2011-01-07,0,5984.2998046875
2011-01-14,"^FTSE",2011-01-14,0,6002.10009765625
2011-01-21,"^FTSE",2011-01-21,0,5896.2998046875
2011-01-28,"^FTSE",2011-01-28,0,5881.39990234375
2011-02-04,"^FTSE",2011-02-04,0,5997.39990234375
2011-02-11,"^FTSE",2011-02-11,0,6062.89990234375
2011-02-18,"^FTSE",2011-02-18,0,6083
2011-02-25,"^FTSE",2011-02-25,0,6001.2001953125
2011-03-04,"^FTSE",2011-03-04,0,5990.39990234375
2011-03-11,"^FTSE",2011-03-11,0,5828.7001953125
2011-03-18,"^FTSE",2011-03-18,0,5718.10009765625
2011-03-25,"^FTSE",2011-03-25,0,5900.7998046875
2011-04-01,"^FTSE",2011-04-01,0,6009.89990234375
2011-04-08,"^FTSE",2011-04-08,0,6055.7998046875
2011-04-15,"^FTSE",2011-04-15,0,5996
2011-04-22,"^FTSE",2011-04-21,1,6018.2998046875
2011-04-29,"^FTSE",2011-04-28,1,6069.89990234375
2011-05-06,"^FTSE",2011-05-06,0,5976.7998046875
2011-05-13,"^FTSE",2011-05-13,0,5925.89990234375
2011-05-20,"^FTSE",2011-05-20,0,5948.5
2011-05-27,"^FTSE",2011-05-27,0,5938.89990234375
2011-06-03,"^FTSE",2011-06-03,0,5855
2011-06-10,"^FTSE",2011-06-10,0,5765.7998046875
2011-06-17,"^FTSE",2011-06-17,0,5714.89990234375
2011-06-24,"^FTSE",2011-06-24,0,5697.7001953125
2011-07-01,"^FTSE",2011-07-01,0,5989.7998046875
2011-07-08,"^FTSE",2011-07-08,0,5990.60009765625
2011-07-15,"^FTSE",2011-07-15,0,5843.7001953125
2011-07-22,"^FTSE",2011-07-22,0,5935
2011-07-29,"^FTSE",2011-07-29,0,5815.2001953125
2011-08-05,"^FTSE",2011-08-05,0,5247
2011-08-12,"^FTSE",2011-08-12,0,5320
2011-08-19,"^FTSE",2011-08-19,0,5040.7998046875
2011-08-26,"^FTSE",2011-08-26,0,5129.89990234375
2011-09-02,"^FTSE",2011-09-02,0,5292
2011-09-09,"^FTSE",2011-09-09,0,5214.7001953125
2011-09-16,"^FTSE",2011-09-16,0,5368.39990234375
2011-09-23,"^FTSE",2011-09-23,0,5066.7998046875
2011-09-30,"^FTSE",2011-09-30,0,5128.5
2011-10-07,"^FTSE",2011-10-07,0,5303.39990234375
2011-10-14,"^FTSE",2011-10-14,0,5466.39990234375
2011-10-21,"^FTSE",2011-10-21,0,5488.7001953125
2011-10-28,"^FTSE",2011-10-28,0,5702.2001953125
2011-11-04,"^FTSE",2011-11-04,0,5527.2001953125
2011-11-11,"^FTSE",2011-11-11,0,5545.39990234375
2011-11-18,"^FTSE",2011-11-18,0,5362.89990234375
2011-11-25,"^FTSE",2011-11-25,0,5164.7001953125
2011-12-02,"^FTSE",2011-12-02,0,5552.2998046875
2011-12-09,"^FTSE",2011-12-09,0,5529.2001953125
2011-12-16,"^FTSE",2011-12-16,0,5387.2998046875
2011-12-23,"^FTSE",2011-12-23,0,5512.7001953125
2011-12-30,"^FTSE",2011-12-30,0,5572.2998046875
2012-01-06,"^FTSE",2012-01-06,0,5649.7001953125
2012-01-13,"^FTSE",2012-01-13,0,5636.60009765625
2012-01-20,"^FTSE",2012-01-20,0,5728.60009765625
2012-01-27,"^FTSE",2012-01-27,0,5733.5
2012-02-03,"^FTSE",2012-02-03,0,5901.10009765625
2012-02-10,"^FTSE",2012-02-10,0,5852.39990234375
2012-02-17,"^FTSE",2012-02-17,0,5905.10009765625
2012-02-24,"^FTSE",2012-02-24,0,5935.10009765625
2012-03-02,"^FTSE",2012-03-02,0,5911.10009765625
2012-03-09,"^FTSE",2012-03-09,0,5887.5
2012-03-16,"^FTSE",2012-03-16,0,5965.60009765625
2012-03-23,"^FTSE",2012-03-23,0,5854.89990234375
2012-03-30,"^FTSE",2012-03-30,0,5768.5
2012-04-06,"^FTSE",2012-04-05,1,5723.7001953125
2012-04-13,"^FTSE",2012-04-13,0,5651.7998046875
2012-04-20,"^FTSE",2012-04-20,0,5772.2001953125
2012-04-27,"^FTSE",2012-04-27,0,5777.10009765625
2012-05-04,"^FTSE",2012-05-04,0,5655.10009765625
2012-05-11,"^FTSE",2012-05-11,0,5575.5
2012-05-18,"^FTSE",2012-05-18,0,5267.60009765625
2012-05-25,"^FTSE",2012-05-25,0,5351.5
2012-06-01,"^FTSE",2012-06-01,0,5260.2001953125
2012-06-08,"^FTSE",2012-06-08,0,5435.10009765625
2012-06-15,"^FTSE",2012-06-15,0,5478.7998046875
2012-06-22,"^FTSE",2012-06-22,0,5513.7001953125
2012-06-29,"^FTSE",2012-06-29,0,5571.2001953125
2012-07-06,"^FTSE",2012-07-06,0,5662.60009765625
2012-07-13,"^FTSE",2012-07-13,0,5666.10009765625
2012-07-20,"^FTSE",2012-07-20,0,5651.7998046875
2012-07-27,"^FTSE",2012-07-27,0,5627.2001953125
2012-08-03,"^FTSE",2012-08-03,0,5787.2998046875
2012-08-10,"^FTSE",2012-08-10,0,5847.10009765625
2012-08-17,"^FTSE",2012-08-17,0,5852.39990234375
2012-08-24,"^FTSE",2012-08-24,0,5776.60009765625
2012-08-31,"^FTSE",2012-08-31,0,5711.5
2012-09-07,"^FTSE",2012-09-07,0,5794.7998046875
2012-09-14,"^FTSE",2012-09-14,0,5915.60009765625
2012-09-21,"^FTSE",2012-09-21,0,5852.60009765625
2012-09-28,"^FTSE",2012-09-28,0,5742.10009765625
2012-10-05,"^FTSE",2012-10-05,0,5871
2012-10-12,"^FTSE",2012-10-12,0,5793.2998046875
2012-10-19,"^FTSE",2012-10-19,0,5896.2001953125
2012-10-26,"^FTSE",2012-10-26,0,5806.7001953125
2012-11-02,"^FTSE",2012-11-02,0,5868.60009765625
2012-11-09,"^FTSE",2012-11-09,0,5769.7001953125
2012-11-16,"^FTSE",2012-11-16,0,5605.60009765625
2012-11-23,"^FTSE",2012-11-23,0,5819.10009765625
2012-11-30,"^FTSE",2012-11-30,0,5866.7998046875
2012-12-07,"^FTSE",2012-12-07,0,5914.39990234375
2012-12-14,"^FTSE",2012-12-14,0,5921.7998046875
2012-12-21,"^FTSE",2012-12-21,0,5940
2012-12-28,"^FTSE",2012-12-28,0,5925.39990234375
2013-01-04,"^FTSE",2013-01-04,0,6089.7998046875
2013-01-11,"^FTSE",2013-01-11,0,6121.60009765625
2013-01-18,"^FTSE",2013-01-18,0,6154.39990234375
2013-01-25,"^FTSE",2013-01-25,0,6284.5
2013-02-01,"^FTSE",2013-02-01,0,6347.2001953125
2013-02-08,"^FTSE",2013-02-08,0,6263.89990234375
2013-02-15,"^FTSE",2013-02-15,0,6328.2998046875
2013-02-22,"^FTSE",2013-02-22,0,6335.7001953125
2013-03-01,"^FTSE",2013-03-01,0,6378.60009765625
2013-03-08,"^FTSE",2013-03-08,0,6483.60009765625
2013-03-15,"^FTSE",2013-03-15,0,6489.7001953125
2013-03-22,"^FTSE",2013-03-22,0,6392.7998046875
2013-03-29,"^FTSE",2013-03-28,1,6411.7001953125
2013-04-05,"^FTSE",2013-04-05,0,6249.7998046875
2013-04-12,"^FTSE",2013-04-12,0,6384.39990234375
2013-04-19,"^FTSE",2013-04-19,0,6286.60009765625
2013-04-26,"^FTSE",2013-04-26,0,6426.39990234375
2013-05-03,"^FTSE",2013-05-03,0,6521.5
2013-05-10,"^FTSE",2013-05-10,0,6625
2013-05-17,"^FTSE",2013-05-17,0,6723.10009765625
2013-05-24,"^FTSE",2013-05-24,0,6654.2998046875
2013-05-31,"^FTSE",2013-05-31,0,6583.10009765625
2013-06-07,"^FTSE",2013-06-07,0,6412
2013-06-14,"^FTSE",2013-06-14,0,6308.2998046875
2013-06-21,"^FTSE",2013-06-21,0,6116.2001953125
2013-06-28,"^FTSE",2013-06-28,0,6215.5
2013-07-05,"^FTSE",2013-07-05,0,6375.5
2013-07-12,"^FTSE",2013-07-12,0,6544.89990234375
2013-07-19,"^FTSE",2013-07-19,0,6630.7001953125
2013-07-26,"^FTSE",2013-07-26,0,6554.7998046875
2013-08-02,"^FTSE",2013-08-02,0,6647.89990234375
2013-08-09,"^FTSE",2013-08-09,0,6583.39990234375
2013-08-16,"^FTSE",2013-08-16,0,6500
2013-08-23,"^FTSE",2013-08-23,0,6492.10009765625
2013-08-30,"^FTSE",2013-08-30,0,6412.89990234375
2013-09-06,"^FTSE",2013-09-06,0,6547.2998046875
2013-09-13,"^FTSE",2013-09-13,0,6583.7998046875
2013-09-20,"^FTSE",2013-09-20,0,6596.39990234375
2013-09-27,"^FTSE",2013-09-27,0,6512.7001953125
2013-10-04,"^FTSE",2013-10-04,0,6453.89990234375
2013-10-11,"^FTSE",2013-10-11,0,6487.2001953125
2013-10-18,"^FTSE",2013-10-18,0,6622.60009765625
2013-10-25,"^FTSE",2013-10-25,0,6721.2998046875
2013-11-01,"^FTSE",2013-11-01,0,6734.7001953125
2013-11-08,"^FTSE",2013-11-08,0,6708.39990234375
2013-11-15,"^FTSE",2013-11-15,0,6693.39990234375
2013-11-22,"^FTSE",2013-11-22,0,6674.2998046875
2013-11-29,"^FTSE",2013-11-29,0,6650.60009765625
2013-12-06,"^FTSE",2013-12-06,0,6552
2013-12-13,"^FTSE",2013-12-13,0,6440
2013-12-20,"^FTSE",2013-12-20,0,6606.60009765625
2013-12-27,"^FTSE",2013-12-27,0,6750.89990234375
2014-01-03,"^FTSE",2014-01-03,0,6730.7001953125
2014-01-10,"^FTSE",2014-01-10,0,6739.89990234375
2014-01-17,"^FTSE",2014-01-17,0,6829.2998046875
2014-01-24,"^FTSE",2014-01-24,0,6663.7001953125
2014-01-31,"^FTSE",2014-01-31,0,6510.39990234375
2014-02-07,"^FTSE",2014-02-07,0,6571.7001953125
2014-02-14,"^FTSE",2014-02-14,0,6663.60009765625
2014-02-21,"^FTSE",2014-02-21,0,6838.10009765625
2014-02-28,"^FTSE",2014-02-28,0,6809.7001953125
2014-03-07,"^FTSE",2014-03-07,0,6712.7001953125
2014-03-14,"^FTSE",2014-03-14,0,6527.89990234375
2014-03-21,"^FTSE",2014-03-21,0,6557.2001953125
2014-03-28,"^FTSE",2014-03-28,0,6615.60009765625
2014-04-04,"^FTSE",2014-04-04,0,6695.60009765625
2014-04-11,"^FTSE",2014-04-11,0,6561.7001953125
2014-04-18,"^FTSE",2014-04-17,1,6625.2998046875
2014-04-25,"^FTSE",2014-04-25,0,6685.7001953125
2014-05-02,"^FTSE",2014-05-02,0,6822.39990234375
2014-05-09,"^FTSE",2014-05-09,0,6814.60009765625
2014-05-16,"^FTSE",2014-05-16,0,6855.7998046875
2014-05-23,"^FTSE",2014-05-23,0,6815.7998046875
2014-05-30,"^FTSE",2014-05-30,0,6844.5
2014-06-06,"^FTSE",2014-06-06,0,6858.2001953125
2014-06-13,"^FTSE",2014-06-13,0,6777.89990234375
2014-06-20,"^FTSE",2014-06-20,0,6825.2001953125
2014-06-27,"^FTSE",2014-06-27,0,6757.7998046875
2014-07-04,"^FTSE",2014-07-04,0,6866.10009765625
2014-07-11,"^FTSE",2014-07-11,0,6690.2001953125
2014-07-18,"^FTSE",2014-07-18,0,6749.5
2014-07-25,"^FTSE",2014-07-25,0,6791.60009765625
2014-08-01,"^FTSE",2014-08-01,0,6679.2001953125
2014-08-08,"^FTSE",2014-08-08,0,6567.39990234375
2014-08-15,"^FTSE",2014-08-15,0,6689.10009765625
2014-08-22,"^FTSE",2014-08-22,0,6775.2998046875
2014-08-29,"^FTSE",2014-08-29,0,6819.7998046875
2014-09-05,"^FTSE",2014-09-05,0,6855.10009765625
2014-09-12,"^FTSE",2014-09-12,0,6807
2014-09-19,"^FTSE",2014-09-19,0,6837.89990234375
2014-09-26,"^FTSE",2014-09-26,0,6649.39990234375
2014-10-03,"^FTSE",2014-10-03,0,6527.89990234375
2014-10-10,"^FTSE",2014-10-10,0,6340
2014-10-17,"^FTSE",2014-10-17,0,6310.2998046875
2014-10-24,"^FTSE",2014-10-24,0,6388.7001953125
2014-10-31,"^FTSE",2014-10-31,0,6546.5
2014-11-07,"^FTSE",2014-11-07,0,6567.2001953125
2014-11-14,"^FTSE",2014-11-14,0,6654.39990234375
2014-11-21,"^FTSE",2014-11-21,0,6750.7998046875
2014-11-28,"^FTSE",2014-11-28,0,6722.60009765625
2014-12-05,"^FTSE",2014-12-05,0,6742.7998046875
2014-12-12,"^FTSE",2014-12-12,0,6300.60009765625
2014-12-19,"^FTSE",2014-12-19,0,6545.2998046875
2014-12-26,"^FTSE",2014-12-24,2,6609.89990234375
2015-01-02,"^FTSE",2015-01-02,0,6547.7998046875
2015-01-09,"^FTSE",2015-01-09,0,6501.10009765625
2015-01-16,"^FTSE",2015-01-16,0,6550.2998046875
2015-01-23,"^FTSE",2015-01-23,0,6832.7998046875
2015-01-30,"^FTSE",2015-01-30,0,6749.39990234375
2015-02-06,"^FTSE",2015-02-06,0,6853.39990234375
2015-02-13,"^FTSE",2015-02-13,0,6873.5
2015-02-20,"^FTSE",2015-02-20,0,6915.2001953125
2015-02-27,"^FTSE",2015-02-27,0,6946.7001953125
2015-03-06,"^FTSE",2015-03-06,0,6911.7998046875
2015-03-13,"^FTSE",2015-03-13,0,6740.60009765625
2015-03-20,"^FTSE",2015-03-20,0,7022.5
2015-03-27,"^FTSE",2015-03-27,0,6855
2015-04-03,"^FTSE",2015-04-02,1,6833.5
2015-04-10,"^FTSE",2015-04-10,0,7089.7998046875
2015-04-17,"^FTSE",2015-04-17,0,6994.60009765625
2015-04-24,"^FTSE",2015-04-24,0,7070.7001953125
2015-05-01,"^FTSE",2015-05-01,0,6986
2015-05-08,"^FTSE",2015-05-08,0,7046.7998046875
2015-05-15,"^FTSE",2015-05-15,0,6960.5
2015-05-22,"^FTSE",2015-05-22,0,7031.7001953125
2015-05-29,"^FTSE",2015-05-29,0,6984.39990234375
2015-06-05,"^FTSE",2015-06-05,0,6804.60009765625
2015-06-12,"^FTSE",2015-06-12,0,6784.89990234375
2015-06-19,"^FTSE",2015-06-19,0,6710.5
2015-06-26,"^FTSE",2015-06-26,0,6753.7001953125
2015-07-03,"^FTSE",2015-07-03,0,6585.7998046875
2015-07-10,"^FTSE",2015-07-10,0,6673.39990234375
2015-07-17,"^FTSE",2015-07-17,0,6775.10009765625
2015-07-24,"^FTSE",2015-07-24,0,6579.7998046875
2015-07-31,"^FTSE",2015-07-31,0,6696.2998046875
2015-08-07,"^FTSE",2015-08-07,0,6718.5
2015-08-14,"^FTSE",2015-08-14,0,6550.7001953125
2015-08-21,"^FTSE",2015-08-21,0,6187.7001953125
2015-08-28,"^FTSE",2015-08-28,0,6247.89990234375
2015-09-04,"^FTSE",2015-09-04,0,6042.89990234375
2015-09-11,"^FTSE",2015-09-11,0,6117.7998046875
2015-09-18,"^FTSE",2015-09-18,0,6104.10009765625
2015-09-25,"^FTSE",2015-09-25,0,6109
2015-10-02,"^FTSE",2015-10-02,0,6130
2015-10-09,"^FTSE",2015-10-09,0,6416.2001953125
2015-10-16,"^FTSE",2015-10-16,0,6378
2015-10-23,"^FTSE",2015-10-23,0,6444.10009765625
2015-10-30,"^FTSE",2015-10-30,0,6361.10009765625
2015-11-06,"^FTSE",2015-11-06,0,6353.7998046875
2015-11-13,"^FTSE",2015-11-13,0,6118.2998046875
2015-11-20,"^FTSE",2015-11-20,0,6334.60009765625
2015-11-27,"^FTSE",2015-11-27,0,6375.2001953125
2015-12-04,"^FTSE",2015-12-04,0,6238.2998046875
2015-12-11,"^FTSE",2015-12-11,0,5952.7998046875
2015-12-18,"^FTSE",2015-12-18,0,6052.39990234375
2015-12-25,"^FTSE",2015-12-24,1,6254.60009765625
2016-01-01,"^FTSE",2015-12-31,1,6242.2998046875
2016-01-08,"^FTSE",2016-01-08,0,5912.39990234375
2016-01-15,"^FTSE",2016-01-15,0,5804.10009765625
2016-01-22,"^FTSE",2016-01-22,0,5900
2016-01-29,"^FTSE",2016-01-29,0,6083.7998046875
2016-02-05,"^FTSE",2016-02-05,0,5848.10009765625
2016-02-12,"^FTSE",2016-02-12,0,5707.60009765625
2016-02-19,"^FTSE",2016-02-19,0,5950.2001953125
2016-02-26,"^FTSE",2016-02-26,0,6096
2016-03-04,"^FTSE",2016-03-04,0,6199.39990234375
2016-03-11,"^FTSE",2016-03-11,0,6139.7998046875
2016-03-18,"^FTSE",2016-03-18,0,6189.60009765625
2016-03-25,"^FTSE",2016-03-24,1,6106.5
2016-04-01,"^FTSE",2016-04-01,0,6146.10009765625
2016-04-08,"^FTSE",2016-04-08,0,6204.39990234375
2016-04-15,"^FTSE",2016-04-15,0,6343.7998046875
2016-04-22,"^FTSE",2016-04-22,0,6310.39990234375
2016-04-29,"^FTSE",2016-04-29,0,6241.89990234375
2016-05-06,"^FTSE",2016-05-06,0,6125.7001953125
2016-05-13,"^FTSE",2016-05-13,0,6138.5
2016-05-20,"^FTSE",2016-05-20,0,6156.2998046875
2016-05-27,"^FTSE",2016-05-27,0,6270.7998046875
2016-06-03,"^FTSE",2016-06-03,0,6209.60009765625
2016-06-10,"^FTSE",2016-06-10,0,6115.7998046875
2016-06-17,"^FTSE",2016-06-17,0,6021.10009765625
2016-06-24,"^FTSE",2016-06-24,0,6138.7001953125
2016-07-01,"^FTSE",2016-07-01,0,6577.7998046875
2016-07-08,"^FTSE",2016-07-08,0,6590.60009765625
2016-07-15,"^FTSE",2016-07-15,0,6669.2001953125
2016-07-22,"^FTSE",2016-07-22,0,6730.5
2016-07-29,"^FTSE",2016-07-29,0,6724.39990234375
2016-08-05,"^FTSE",2016-08-05,0,6793.5
2016-08-12,"^FTSE",2016-08-12,0,6916
2016-08-19,"^FTSE",2016-08-19,0,6859
2016-08-26,"^FTSE",2016-08-26,0,6838.10009765625
2016-09-02,"^FTSE",2016-09-02,0,6894.60009765625
2016-09-09,"^FTSE",2016-09-09,0,6777
2016-09-16,"^FTSE",2016-09-16,0,6710.2998046875
2016-09-23,"^FTSE",2016-09-23,0,6909.39990234375
2016-09-30,"^FTSE",2016-09-30,0,6899.2998046875
2016-10-07,"^FTSE",2016-10-07,0,7044.39990234375
2016-10-14,"^FTSE",2016-10-14,0,7013.60009765625
2016-10-21,"^FTSE",2016-10-21,0,7020.5
2016-10-28,"^FTSE",2016-10-28,0,6996.2998046875
2016-11-04,"^FTSE",2016-11-04,0,6693.2998046875
2016-11-11,"^FTSE",2016-11-11,0,6730.39990234375
2016-11-18,"^FTSE",2016-11-18,0,6775.7998046875
2016-11-25,"^FTSE",2016-11-25,0,6840.7998046875
2016-12-02,"^FTSE",2016-12-02,0,6730.7001953125
2016-12-09,"^FTSE",2016-12-09,0,6954.2001953125
2016-12-16,"^FTSE",2016-12-16,0,7011.60009765625
2016-12-23,"^FTSE",2016-12-23,0,7068.2001953125
2016-12-30,"^FTSE",2016-12-30,0,7142.7998046875
2017-01-06,"^FTSE",2017-01-06,0,7210.10009765625
2017-01-13,"^FTSE",2017-01-13,0,7337.7998046875
2017-01-20,"^FTSE",2017-01-20,0,7198.39990234375
2017-01-27,"^FTSE",2017-01-27,0,7184.5
2017-02-03,"^FTSE",2017-02-03,0,7188.2998046875
2017-02-10,"^FTSE",2017-02-10,0,7258.7998046875
2017-02-17,"^FTSE",2017-02-17,0,7300
2017-02-24,"^FTSE",2017-02-24,0,7243.7001953125
2017-03-03,"^FTSE",2017-03-03,0,7374.2998046875
2017-03-10,"^FTSE",2017-03-10,0,7343.10009765625
2017-03-17,"^FTSE",2017-03-17,0,7425
2017-03-24,"^FTSE",2017-03-24,0,7336.7998046875
2017-03-31,"^FTSE",2017-03-31,0,7322.89990234375
2017-04-07,"^FTSE",2017-04-07,0,7349.39990234375
2017-04-14,"^FTSE",2017-04-13,1,7327.60009765625
2017-04-21,"^FTSE",2017-04-21,0,7114.60009765625
2017-04-28,"^FTSE",2017-04-28,0,7203.89990234375
2017-05-05,"^FTSE",2017-05-05,0,7297.39990234375
2017-05-12,"^FTSE",2017-05-12,0,7435.39990234375
2017-05-19,"^FTSE",2017-05-19,0,7470.7001953125
2017-05-26,"^FTSE",2017-05-26,0,7547.60009765625
2017-06-02,"^FTSE",2017-06-02,0,7547.60009765625
2017-06-09,"^FTSE",2017-06-09,0,7527.2998046875
2017-06-16,"^FTSE",2017-06-16,0,7463.5
2017-06-23,"^FTSE",2017-06-23,0,7424.10009765625
2017-06-30,"^FTSE",2017-06-30,0,7312.7001953125
2017-07-07,"^FTSE",2017-07-07,0,7350.89990234375
2017-07-14,"^FTSE",2017-07-14,0,7378.39990234375
2017-07-21,"^FTSE",2017-07-21,0,7452.89990234375
2017-07-28,"^FTSE",2017-07-28,0,7368.39990234375
2017-08-04,"^FTSE",2017-08-04,0,7511.7001953125
2017-08-11,"^FTSE",2017-08-11,0,7310
2017-08-18,"^FTSE",2017-08-18,0,7324
2017-08-25,"^FTSE",2017-08-25,0,7401.5
2017-09-01,"^FTSE",2017-09-01,0,7438.5
2017-09-08,"^FTSE",2017-09-08,0,7377.60009765625
2017-09-15,"^FTSE",2017-09-15,0,7215.5
2017-09-22,"^FTSE",2017-09-22,0,7310.60009765625
2017-09-29,"^FTSE",2017-09-29,0,7372.7998046875
2017-10-06,"^FTSE",2017-10-06,0,7522.89990234375
2017-10-13,"^FTSE",2017-10-13,0,7535.39990234375
2017-10-20,"^FTSE",2017-10-20,0,7523.2001953125
2017-10-27,"^FTSE",2017-10-27,0,7505
2017-11-03,"^FTSE",2017-11-03,0,7560.39990234375
2017-11-10,"^FTSE",2017-11-10,0,7433
2017-11-17,"^FTSE",2017-11-17,0,7380.7001953125
2017-11-24,"^FTSE",2017-11-24,0,7409.60009765625
2017-12-01,"^FTSE",2017-12-01,0,7300.5
2017-12-08,"^FTSE",2017-12-08,0,7394
2017-12-15,"^FTSE",2017-12-15,0,7490.60009765625
2017-12-22,"^FTSE",2017-12-22,0,7592.7001953125
2017-12-29,"^FTSE",2017-12-29,0,7687.7998046875
2018-01-05,"^FTSE",2018-01-05,0,7724.2001953125
2018-01-12,"^FTSE",2018-01-12,0,7778.60009765625
2018-01-19,"^FTSE",2018-01-19,0,7730.7998046875
2018-01-26,"^FTSE",2018-01-26,0,7665.5
2018-02-02,"^FTSE",2018-02-02,0,7443.39990234375
2018-02-09,"^FTSE",2018-02-09,0,7092.39990234375
2018-02-16,"^FTSE",2018-02-16,0,7294.7001953125
2018-02-23,"^FTSE",2018-02-23,0,7244.39990234375
2018-03-02,"^FTSE",2018-03-02,0,7069.89990234375
2018-03-09,"^FTSE",2018-03-09,0,7224.5
2018-03-16,"^FTSE",2018-03-16,0,7164.10009765625
2018-03-23,"^FTSE",2018-03-23,0,6921.89990234375
2018-03-30,"^FTSE",2018-03-29,1,7056.60009765625
2018-04-06,"^FTSE",2018-04-06,0,7183.60009765625
2018-04-13,"^FTSE",2018-04-13,0,7264.60009765625
2018-04-20,"^FTSE",2018-04-20,0,7368.2001953125
2018-04-27,"^FTSE",2018-04-27,0,7502.2001953125
2018-05-04,"^FTSE",2018-05-04,0,7567.10009765625
2018-05-11,"^FTSE",2018-05-11,0,7724.60009765625
2018-05-18,"^FTSE",2018-05-18,0,7778.7998046875
2018-05-25,"^FTSE",2018-05-25,0,7730.2998046875
2018-06-01,"^FTSE",2018-06-01,0,7701.7998046875
2018-06-08,"^FTSE",2018-06-08,0,7681.10009765625
2018-06-15,"^FTSE",2018-06-15,0,7633.89990234375
2018-06-22,"^FTSE",2018-06-22,0,7682.2998046875
2018-06-29,"^FTSE",2018-06-29,0,7636.89990234375
2018-07-06,"^FTSE",2018-07-06,0,7617.7001953125
2018-07-13,"^FTSE",2018-07-13,0,7661.89990234375
2018-07-20,"^FTSE",2018-07-20,0,7678.7998046875
2018-07-27,"^FTSE",2018-07-27,0,7701.2998046875
2018-08-03,"^FTSE",2018-08-03,0,7659.10009765625
2018-08-10,"^FTSE",2018-08-10,0,7667
2018-08-17,"^FTSE",2018-08-17,0,7558.60009765625
2018-08-24,"^FTSE",2018-08-24,0,7577.5
2018-08-31,"^FTSE",2018-08-31,0,7432.39990234375
2018-09-07,"^FTSE",2018-09-07,0,7277.7001953125
2018-09-14,"^FTSE",2018-09-14,0,7304
2018-09-21,"^FTSE",2018-09-21,0,7490.2001953125
2018-09-28,"^FTSE",2018-09-28,0,7510.2001953125
2018-10-05,"^FTSE",2018-10-05,0,7318.5
2018-10-12,"^FTSE",2018-10-12,0,6995.89990234375
2018-10-19,"^FTSE",2018-10-19,0,7049.7998046875
2018-10-26,"^FTSE",2018-10-26,0,6939.60009765625
2018-11-02,"^FTSE",2018-11-02,0,7094.10009765625
2018-11-09,"^FTSE",2018-11-09,0,7105.2998046875
2018-11-16,"^FTSE",2018-11-16,0,7013.89990234375
2018-11-23,"^FTSE",2018-11-23,0,6952.89990234375
2018-11-30,"^FTSE",2018-11-30,0,6980.2001953125
2018-12-07,"^FTSE",2018-12-07,0,6778.10009765625
2018-12-14,"^FTSE",2018-12-14,0,6845.2001953125
2018-12-21,"^FTSE",2018-12-21,0,6721.2001953125
2018-12-28,"^FTSE",2018-12-28,0,6734
2019-01-04,"^FTSE",2019-01-04,0,6837.39990234375
2019-01-11,"^FTSE",2019-01-11,0,6918.2001953125
2019-01-18,"^FTSE",2019-01-18,0,6968.2998046875
2019-01-25,"^FTSE",2019-01-25,0,6809.2001953125
2019-02-01,"^FTSE",2019-02-01,0,7020.2001953125
2019-02-08,"^FTSE",2019-02-08,0,7071.2001953125
2019-02-15,"^FTSE",2019-02-15,0,7236.7001953125
2019-02-22,"^FTSE",2019-02-22,0,7178.60009765625
2019-03-01,"^FTSE",2019-03-01,0,7106.7001953125
2019-03-08,"^FTSE",2019-03-08,0,7104.2998046875
2019-03-15,"^FTSE",2019-03-15,0,7228.2998046875
2019-03-22,"^FTSE",2019-03-22,0,7207.60009765625
2019-03-29,"^FTSE",2019-03-29,0,7279.2001953125
2019-04-05,"^FTSE",2019-04-05,0,7446.89990234375
2019-04-12,"^FTSE",2019-04-12,0,7437.10009765625
2019-04-19,"^FTSE",2019-04-18,1,7459.89990234375
2019-04-26,"^FTSE",2019-04-26,0,7428.2001953125
2019-05-03,"^FTSE",2019-05-03,0,7380.60009765625
2019-05-10,"^FTSE",2019-05-10,0,7203.2998046875
2019-05-17,"^FTSE",2019-05-17,0,7348.60009765625
2019-05-24,"^FTSE",2019-05-24,0,7277.7001953125
2019-05-31,"^FTSE",2019-05-31,0,7161.7001953125
2019-06-07,"^FTSE",2019-06-07,0,7331.89990234375
2019-06-14,"^FTSE",2019-06-14,0,7345.7998046875
2019-06-21,"^FTSE",2019-06-21,0,7407.5
2019-06-28,"^FTSE",2019-06-28,0,7425.60009765625
2019-07-05,"^FTSE",2019-07-05,0,7553.10009765625
2019-07-12,"^FTSE",2019-07-12,0,7506
2019-07-19,"^FTSE",2019-07-19,0,7508.7001953125
2019-07-26,"^FTSE",2019-07-26,0,7549.10009765625
2019-08-02,"^FTSE",2019-08-02,0,7407.10009765625
2019-08-09,"^FTSE",2019-08-09,0,7253.89990234375
2019-08-16,"^FTSE",2019-08-16,0,7117.2001953125
2019-08-23,"^FTSE",2019-08-23,0,7095
2019-08-30,"^FTSE",2019-08-30,0,7207.2001953125
2019-09-06,"^FTSE",2019-09-06,0,7282.2998046875
2019-09-13,"^FTSE",2019-09-13,0,7367.5
2019-09-20,"^FTSE",2019-09-20,0,7344.89990234375
2019-09-27,"^FTSE",2019-09-27,0,7426.2001953125
2019-10-04,"^FTSE",2019-10-04,0,7155.39990234375
2019-10-11,"^FTSE",2019-10-11,0,7247.10009765625
2019-10-18,"^FTSE",2019-10-18,0,7150.60009765625
2019-10-25,"^FTSE",2019-10-25,0,7324.5
2019-11-01,"^FTSE",2019-11-01,0,7302.39990234375
2019-11-08,"^FTSE",2019-11-08,0,7359.39990234375
2019-11-15,"^FTSE",2019-11-15,0,7302.89990234375
2019-11-22,"^FTSE",2019-11-22,0,7326.7998046875
2019-11-29,"^FTSE",2019-11-29,0,7346.5
2019-12-06,"^FTSE",2019-12-06,0,7239.7001953125
2019-12-13,"^FTSE",2019-12-13,0,7353.39990234375
2019-12-20,"^FTSE",2019-12-20,0,7582.5
2019-12-27,"^FTSE",2019-12-27,0,7644.89990234375
2020-01-03,"^FTSE",2020-01-03,0,7622.39990234375
2020-01-10,"^FTSE",2020-01-10,0,7587.89990234375
2020-01-17,"^FTSE",2020-01-17,0,7674.60009765625
2020-01-24,"^FTSE",2020-01-24,0,7586
2020-01-31,"^FTSE",2020-01-31,0,7286
2020-02-07,"^FTSE",2020-02-07,0,7466.7001953125
2020-02-14,"^FTSE",2020-02-14,0,7409.10009765625
2020-02-21,"^FTSE",2020-02-21,0,7403.89990234375
2020-02-28,"^FTSE",2020-02-28,0,6580.60009765625
2020-03-06,"^FTSE",2020-03-06,0,6462.60009765625
2020-03-13,"^FTSE",2020-03-13,0,5366.10009765625
2020-03-20,"^FTSE",2020-03-20,0,5190.7998046875
2020-03-27,"^FTSE",2020-03-27,0,5510.2998046875
2020-04-03,"^FTSE",2020-04-03,0,5415.5
2020-04-10,"^FTSE",2020-04-09,1,5842.7001953125
2020-04-17,"^FTSE",2020-04-17,0,5787
2020-04-24,"^FTSE",2020-04-24,0,5752.2001953125
2020-05-01,"^FTSE",2020-05-01,0,5763.10009765625
2020-05-08,"^FTSE",2020-05-07,1,5936
2020-05-15,"^FTSE",2020-05-15,0,5799.7998046875
2020-05-22,"^FTSE",2020-05-22,0,5993.2998046875
2020-05-29,"^FTSE",2020-05-29,0,6076.60009765625
2020-06-05,"^FTSE",2020-06-05,0,6484.2998046875
2020-06-12,"^FTSE",2020-06-12,0,6105.2001953125
2020-06-19,"^FTSE",2020-06-19,0,6292.60009765625
2020-06-26,"^FTSE",2020-06-26,0,6159.2998046875
2020-07-03,"^FTSE",2020-07-03,0,6157.2998046875
2020-07-10,"^FTSE",2020-07-10,0,6095.39990234375
2020-07-17,"^FTSE",2020-07-17,0,6290.2998046875
2020-07-24,"^FTSE",2020-07-24,0,6123.7998046875
2020-07-31,"^FTSE",2020-07-31,0,5897.7998046875
2020-08-07,"^FTSE",2020-08-07,0,6032.2001953125
2020-08-14,"^FTSE",2020-08-14,0,6090
2020-08-21,"^FTSE",2020-08-21,0,6001.89990234375
2020-08-28,"^FTSE",2020-08-28,0,5963.60009765625
2020-09-04,"^FTSE",2020-09-04,0,5799.10009765625
2020-09-11,"^FTSE",2020-09-11,0,6032.10009765625
2020-09-18,"^FTSE",2020-09-18,0,6007.10009765625
2020-09-25,"^FTSE",2020-09-25,0,5842.7001953125
2020-10-02,"^FTSE",2020-10-02,0,5902.10009765625
2020-10-09,"^FTSE",2020-10-09,0,6016.7001953125
2020-10-16,"^FTSE",2020-10-16,0,5919.60009765625
2020-10-23,"^FTSE",2020-10-23,0,5860.2998046875
2020-10-30,"^FTSE",2020-10-30,0,5577.2998046875
2020-11-06,"^FTSE",2020-11-06,0,5910
2020-11-13,"^FTSE",2020-11-13,0,6316.39990234375
2020-11-20,"^FTSE",2020-11-20,0,6351.5
2020-11-27,"^FTSE",2020-11-27,0,6367.60009765625
2020-12-04,"^FTSE",2020-12-04,0,6550.2001953125
2020-12-11,"^FTSE",2020-12-11,0,6546.7998046875
2020-12-18,"^FTSE",2020-12-18,0,6529.2001953125
2020-12-25,"^FTSE",2020-12-24,1,6502.10009765625
2021-01-01,"^FTSE",2020-12-31,1,6460.5
2021-01-08,"^FTSE",2021-01-08,0,6873.2998046875
2021-01-15,"^FTSE",2021-01-15,0,6735.7001953125
2021-01-22,"^FTSE",2021-01-22,0,6695.10009765625
2021-01-29,"^FTSE",2021-01-29,0,6407.5
2021-02-05,"^FTSE",2021-02-05,0,6489.2998046875
2021-02-12,"^FTSE",2021-02-12,0,6589.7998046875
2021-02-19,"^FTSE",2021-02-19,0,6624
2021-02-26,"^FTSE",2021-02-26,0,6483.39990234375
2021-03-05,"^FTSE",2021-03-05,0,6630.5
2021-03-12,"^FTSE",2021-03-12,0,6761.5
2021-03-19,"^FTSE",2021-03-19,0,6708.7001953125
2021-03-26,"^FTSE",2021-03-26,0,6740.60009765625
2021-04-02,"^FTSE",2021-04-01,1,6737.2998046875
2021-04-09,"^FTSE",2021-04-09,0,6915.7998046875
2021-04-16,"^FTSE",2021-04-16,0,7019.5
2021-04-23,"^FTSE",2021-04-23,0,6938.60009765625
2021-04-30,"^FTSE",2021-04-30,0,6969.7998046875
2021-05-07,"^FTSE",2021-05-07,0,7129.7001953125
2021-05-14,"^FTSE",2021-05-14,0,7043.60009765625
2021-05-21,"^FTSE",2021-05-21,0,7018.10009765625
2021-05-28,"^FTSE",2021-05-28,0,7022.60009765625
2021-06-04,"^FTSE",2021-06-04,0,7069
2021-06-11,"^FTSE",2021-06-11,0,7134.10009765625
2021-06-18,"^FTSE",2021-06-18,0,7017.5
2021-06-25,"^FTSE",2021-06-25,0,7136.10009765625
2021-07-02,"^FTSE",2021-07-02,0,7123.2998046875
2021-07-09,"^FTSE",2021-07-09,0,7121.89990234375
2021-07-16,"^FTSE",2021-07-16,0,7008.10009765625
2021-07-23,"^FTSE",2021-07-23,0,7027.60009765625
2021-07-30,"^FTSE",2021-07-30,0,7032.2998046875
2021-08-06,"^FTSE",2021-08-06,0,7123
2021-08-13,"^FTSE",2021-08-13,0,7218.7001953125
2021-08-20,"^FTSE",2021-08-20,0,7087.89990234375
2021-08-27,"^FTSE",2021-08-27,0,7148
2021-09-03,"^FTSE",2021-09-03,0,7138.39990234375
2021-09-10,"^FTSE",2021-09-10,0,7029.2001953125
2021-09-17,"^FTSE",2021-09-17,0,6963.60009765625
2021-09-24,"^FTSE",2021-09-24,0,7051.5
2021-10-01,"^FTSE",2021-10-01,0,7027.10009765625
2021-10-08,"^FTSE",2021-10-08,0,7095.60009765625
2021-10-15,"^FTSE",2021-10-15,0,7234
2021-10-22,"^FTSE",2021-10-22,0,7204.60009765625
2021-10-29,"^FTSE",2021-10-29,0,7237.60009765625
2021-11-05,"^FTSE",2021-11-05,0,7304
2021-11-12,"^FTSE",2021-11-12,0,7347.89990234375
2021-11-19,"^FTSE",2021-11-19,0,7223.60009765625
2021-11-26,"^FTSE",2021-11-26,0,7044
2021-12-03,"^FTSE",2021-12-03,0,7122.2998046875
2021-12-10,"^FTSE",2021-12-10,0,7291.7998046875
2021-12-17,"^FTSE",2021-12-17,0,7269.89990234375
2021-12-24,"^FTSE",2021-12-24,0,7372.10009765625
2021-12-31,"^FTSE",2021-12-31,0,7384.5
2022-01-07,"^FTSE",2022-01-07,0,7485.2998046875
2022-01-14,"^FTSE",2022-01-14,0,7543
2022-01-21,"^FTSE",2022-01-21,0,7494.10009765625
2022-01-28,"^FTSE",2022-01-28,0,7466.10009765625
2022-02-04,"^FTSE",2022-02-04,0,7516.39990234375
2022-02-11,"^FTSE",2022-02-11,0,7661
2022-02-18,"^FTSE",2022-02-18,0,7513.60009765625
2022-02-25,"^FTSE",2022-02-25,0,7489.5
2022-03-04,"^FTSE",2022-03-04,0,6987.10009765625
2022-03-11,"^FTSE",2022-03-11,0,7155.60009765625
2022-03-18,"^FTSE",2022-03-18,0,7404.7001953125
2022-03-25,"^FTSE",2022-03-25,0,7483.39990234375
2022-04-01,"^FTSE",2022-04-01,0,7537.89990234375
2022-04-08,"^FTSE",2022-04-08,0,7669.60009765625
2022-04-15,"^FTSE",2022-04-14,1,7616.39990234375
2022-04-22,"^FTSE",2022-04-22,0,7521.7001953125
2022-04-29,"^FTSE",2022-04-29,0,7544.60009765625
2022-05-06,"^FTSE",2022-05-06,0,7387.89990234375
2022-05-13,"^FTSE",2022-05-13,0,7418.2001953125
2022-05-20,"^FTSE",2022-05-20,0,7390
2022-05-27,"^FTSE",2022-05-27,0,7585.5
2022-06-03,"^FTSE",2022-06-01,2,7533
2022-06-10,"^FTSE",2022-06-10,0,7317.5
2022-06-17,"^FTSE",2022-06-17,0,7016.2998046875
2022-06-24,"^FTSE",2022-06-24,0,7208.7998046875
2022-07-01,"^FTSE",2022-07-01,0,7168.7001953125
2022-07-08,"^FTSE",2022-07-08,0,7196.2001953125
2022-07-15,"^FTSE",2022-07-15,0,7159
2022-07-22,"^FTSE",2022-07-22,0,7276.39990234375
2022-07-29,"^FTSE",2022-07-29,0,7423.39990234375
2022-08-05,"^FTSE",2022-08-05,0,7439.7001953125
2022-08-12,"^FTSE",2022-08-12,0,7500.89990234375
2022-08-19,"^FTSE",2022-08-19,0,7550.39990234375
2022-08-26,"^FTSE",2022-08-26,0,7427.2998046875
2022-09-02,"^FTSE",2022-09-02,0,7281.2001953125
2022-09-09,"^FTSE",2022-09-09,0,7351.10009765625
2022-09-16,"^FTSE",2022-09-16,0,7236.7001953125
2022-09-23,"^FTSE",2022-09-23,0,7018.60009765625
2022-09-30,"^FTSE",2022-09-30,0,6893.7998046875
2022-10-07,"^FTSE",2022-10-07,0,6991.10009765625
2022-10-14,"^FTSE",2022-10-14,0,6858.7998046875
2022-10-21,"^FTSE",2022-10-21,0,6969.7001953125
2022-10-28,"^FTSE",2022-10-28,0,7047.7001953125
2022-11-04,"^FTSE",2022-11-04,0,7334.7998046875
2022-11-11,"^FTSE",2022-11-11,0,7318
2022-11-18,"^FTSE",2022-11-18,0,7385.5
2022-11-25,"^FTSE",2022-11-25,0,7486.7001953125
2022-12-02,"^FTSE",2022-12-02,0,7556.2001953125
2022-12-09,"^FTSE",2022-12-09,0,7476.60009765625
2022-12-16,"^FTSE",2022-12-16,0,7332.10009765625
2022-12-23,"^FTSE",2022-12-23,0,7473
2022-12-30,"^FTSE",2022-12-30,0,7451.7001953125
2023-01-06,"^FTSE",2023-01-06,0,7699.5
2023-01-13,"^FTSE",2023-01-13,0,7844.10009765625
2023-01-20,"^FTSE",2023-01-20,0,7770.60009765625
2023-01-27,"^FTSE",2023-01-27,0,7765.2001953125
2023-02-03,"^FTSE",2023-02-03,0,7901.7998046875
2023-02-10,"^FTSE",2023-02-10,0,7882.5
2023-02-17,"^FTSE",2023-02-17,0,8004.39990234375
2023-02-24,"^FTSE",2023-02-24,0,7878.7001953125
2023-03-03,"^FTSE",2023-03-03,0,7947.10009765625
2023-03-10,"^FTSE",2023-03-10,0,7748.39990234375
2023-03-17,"^FTSE",2023-03-17,0,7335.39990234375
2023-03-24,"^FTSE",2023-03-24,0,7405.5
2023-03-31,"^FTSE",2023-03-31,0,7631.7001953125
2023-04-07,"^FTSE",2023-04-06,1,7741.60009765625
2023-04-14,"^FTSE",2023-04-14,0,7871.89990234375
2023-04-21,"^FTSE",2023-04-21,0,7914.10009765625
2023-04-28,"^FTSE",2023-04-28,0,7870.60009765625
2023-05-05,"^FTSE",2023-05-05,0,7778.39990234375
2023-05-12,"^FTSE",2023-05-12,0,7754.60009765625
2023-05-19,"^FTSE",2023-05-19,0,7756.89990234375
2023-05-26,"^FTSE",2023-05-26,0,7627.2001953125
2023-06-02,"^FTSE",2023-06-02,0,7607.2998046875
2023-06-09,"^FTSE",2023-06-09,0,7562.39990234375
2023-06-16,"^FTSE",2023-06-16,0,7642.7001953125
2023-06-23,"^FTSE",2023-06-23,0,7461.89990234375
2023-06-30,"^FTSE",2023-06-30,0,7531.5
2023-07-07,"^FTSE",2023-07-07,0,7256.89990234375
2023-07-14,"^FTSE",2023-07-14,0,7434.60009765625
2023-07-21,"^FTSE",2023-07-21,0,7663.7001953125
2023-07-28,"^FTSE",2023-07-28,0,7694.2998046875
2023-08-04,"^FTSE",2023-08-04,0,7564.39990234375
2023-08-11,"^FTSE",2023-08-11,0,7524.2001953125
2023-08-18,"^FTSE",2023-08-18,0,7262.39990234375
2023-08-25,"^FTSE",2023-08-25,0,7338.60009765625
2023-09-01,"^FTSE",2023-09-01,0,7464.5
2023-09-08,"^FTSE",2023-09-08,0,7478.2001953125
2023-09-15,"^FTSE",2023-09-15,0,7711.39990234375
2023-09-22,"^FTSE",2023-09-22,0,7683.89990234375
2023-09-29,"^FTSE",2023-09-29,0,7608.10009765625
2023-10-06,"^FTSE",2023-10-06,0,7494.60009765625
2023-10-13,"^FTSE",2023-10-13,0,7599.60009765625
2023-10-20,"^FTSE",2023-10-20,0,7402.10009765625
2023-10-27,"^FTSE",2023-10-27,0,7291.2998046875
2023-11-03,"^FTSE",2023-11-03,0,7417.7001953125
2023-11-10,"^FTSE",2023-11-10,0,7360.60009765625
2023-11-17,"^FTSE",2023-11-17,0,7504.2998046875
2023-11-24,"^FTSE",2023-11-24,0,7488.2001953125
2023-12-01,"^FTSE",2023-12-01,0,7529.39990234375
2023-12-08,"^FTSE",2023-12-08,0,7554.5
2023-12-15,"^FTSE",2023-12-15,0,7576.39990234375
2023-12-22,"^FTSE",2023-12-22,0,7697.5
2023-12-29,"^FTSE",2023-12-29,0,7733.2001953125
2024-01-05,"^FTSE",2024-01-05,0,7689.60009765625
2024-01-12,"^FTSE",2024-01-12,0,7624.89990234375
2024-01-19,"^FTSE",2024-01-19,0,7461.89990234375
2024-01-26,"^FTSE",2024-01-26,0,7635.10009765625
2024-02-02,"^FTSE",2024-02-02,0,7615.5
2024-02-09,"^FTSE",2024-02-09,0,7572.60009765625
2024-02-16,"^FTSE",2024-02-16,0,7711.7001953125
2024-02-23,"^FTSE",2024-02-23,0,7706.2998046875
2024-03-01,"^FTSE",2024-03-01,0,7682.5
2024-03-08,"^FTSE",2024-03-08,0,7659.7001953125
2024-03-15,"^FTSE",2024-03-15,0,7727.39990234375
2024-03-22,"^FTSE",2024-03-22,0,7930.89990234375
2024-03-29,"^FTSE",2024-03-28,1,7952.60009765625
2024-04-05,"^FTSE",2024-04-05,0,7911.2001953125
2024-04-12,"^FTSE",2024-04-12,0,7995.60009765625
2024-04-19,"^FTSE",2024-04-19,0,7895.89990234375
2024-04-26,"^FTSE",2024-04-26,0,8139.7998046875
2024-05-03,"^FTSE",2024-05-03,0,8213.5
2024-05-10,"^FTSE",2024-05-10,0,8433.7998046875
2024-05-17,"^FTSE",2024-05-17,0,8420.2998046875
2024-05-24,"^FTSE",2024-05-24,0,8317.599609375
2024-05-31,"^FTSE",2024-05-31,0,8275.400390625
2024-06-07,"^FTSE",2024-06-07,0,8245.400390625
2024-06-14,"^FTSE",2024-06-14,0,8146.89990234375
2024-06-21,"^FTSE",2024-06-21,0,8237.7001953125
2024-06-28,"^FTSE",2024-06-28,0,8164.10009765625
2024-07-05,"^FTSE",2024-07-05,0,8203.900390625
2024-07-12,"^FTSE",2024-07-12,0,8252.900390625
2024-07-19,"^FTSE",2024-07-19,0,8155.7001953125
2024-07-26,"^FTSE",2024-07-26,0,8285.7001953125
2024-08-02,"^FTSE",2024-08-02,0,8174.7001953125
2024-08-09,"^FTSE",2024-08-09,0,8168.10009765625
2024-08-16,"^FTSE",2024-08-16,0,8311.400390625
2024-08-23,"^FTSE",2024-08-23,0,8327.7998046875
2024-08-30,"^FTSE",2024-08-30,0,8376.599609375
2024-09-06,"^FTSE",2024-09-06,0,8181.5
2024-09-13,"^FTSE",2024-09-13,0,8273.099609375
2024-09-20,"^FTSE",2024-09-20,0,8230
2024-09-27,"^FTSE",2024-09-27,0,8320.7998046875
2024-10-04,"^FTSE",2024-10-04,0,8280.599609375
2024-10-11,"^FTSE",2024-10-11,0,8253.7001953125
2024-10-18,"^FTSE",2024-10-18,0,8358.2998046875
2024-10-25,"^FTSE",2024-10-25,0,8248.7998046875
2024-11-01,"^FTSE",2024-11-01,0,8177.2001953125
2024-11-08,"^FTSE",2024-11-08,0,8072.39990234375
2024-11-15,"^FTSE",2024-11-15,0,8063.60009765625
2024-11-22,"^FTSE",2024-11-22,0,8262.099609375
2024-11-29,"^FTSE",2024-11-29,0,8287.2998046875
2024-12-06,"^FTSE",2024-12-06,0,8308.599609375
2024-12-13,"^FTSE",2024-12-13,0,8300.2998046875
2024-12-20,"^FTSE",2024-12-20,0,8084.60009765625
2024-12-27,"^FTSE",2024-12-27,0,8149.7998046875
2025-01-03,"^FTSE",2025-01-03,0,8224
2025-01-10,"^FTSE",2025-01-10,0,8248.5
2025-01-17,"^FTSE",2025-01-17,0,8505.2001953125
2025-01-24,"^FTSE",2025-01-24,0,8502.400390625
2025-01-31,"^FTSE",2025-01-31,0,8674
2025-02-07,"^FTSE",2025-02-07,0,8700.5
2025-02-14,"^FTSE",2025-02-14,0,8732.5
2025-02-21,"^FTSE",2025-02-21,0,8659.400390625
2025-02-28,"^FTSE",2025-02-28,0,8809.7001953125
2025-03-07,"^FTSE",2025-03-07,0,8679.900390625
2025-03-14,"^FTSE",2025-03-14,0,8632.2998046875
2025-03-21,"^FTSE",2025-03-21,0,8646.7998046875
2025-03-28,"^FTSE",2025-03-28,0,8658.900390625
2025-04-04,"^FTSE",2025-04-04,0,8055
2025-04-11,"^FTSE",2025-04-11,0,7964.2001953125
2025-04-18,"^FTSE",2025-04-17,1,8275.7001953125
2025-04-25,"^FTSE",2025-04-25,0,8415.2998046875
2025-05-02,"^FTSE",2025-05-02,0,8596.400390625
2025-05-09,"^FTSE",2025-05-09,0,8554.7998046875
2025-05-16,"^FTSE",2025-05-16,0,8684.599609375
2025-05-23,"^FTSE",2025-05-23,0,8718
2025-05-30,"^FTSE",2025-05-30,0,8772.400390625
2025-06-06,"^FTSE",2025-06-06,0,8837.900390625
2025-06-13,"^FTSE",2025-06-13,0,8850.599609375
2025-06-20,"^FTSE",2025-06-20,0,8774.7001953125
2025-06-27,"^FTSE",2025-06-27,0,8798.900390625
2025-07-04,"^FTSE",2025-07-04,0,8822.900390625
2025-07-11,"^FTSE",2025-07-11,0,8941.099609375
2025-07-18,"^FTSE",2025-07-18,0,8992.099609375
2025-07-25,"^FTSE",2025-07-25,0,9120.2998046875
2025-08-01,"^FTSE",2025-08-01,0,9068.599609375
2025-08-08,"^FTSE",2025-08-08,0,9095.7001953125
2025-08-15,"^FTSE",2025-08-15,0,9138.900390625
2025-08-22,"^FTSE",2025-08-22,0,9321.400390625
2025-08-29,"^FTSE",2025-08-29,0,9187.2998046875
2025-09-05,"^FTSE",2025-09-05,0,9208.2001953125
2025-09-12,"^FTSE",2025-09-12,0,9283.2998046875
2025-09-19,"^FTSE",2025-09-19,0,9216.7001953125
2025-09-26,"^FTSE",2025-09-26,0,9284.7998046875
2025-10-03,"^FTSE",2025-10-03,0,9491.2998046875
2025-10-10,"^FTSE",2025-10-10,0,9427.5
2025-10-17,"^FTSE",2025-10-17,0,9354.599609375
2025-10-24,"^FTSE",2025-10-24,0,9645.599609375
2025-10-31,"^FTSE",2025-10-31,0,9717.2998046875
2025-11-07,"^FTSE",2025-11-07,0,9682.599609375
2025-11-14,"^FTSE",2025-11-14,0,9698.400390625
2025-11-21,"^FTSE",2025-11-21,0,9539.7001953125
2025-11-28,"^FTSE",2025-11-28,0,9720.5
2025-12-05,"^FTSE",2025-12-05,0,9667
2025-12-12,"^FTSE",2025-12-12,0,9649
2025-12-19,"^FTSE",2025-12-19,0,9897.400390625
2025-12-26,"^FTSE",2025-12-24,2,9870.7001953125
2000-01-07,"^GSPC",2000-01-07,0,1441.46997070312
2000-01-14,"^GSPC",2000-01-14,0,1465.15002441406
2000-01-21,"^GSPC",2000-01-21,0,1441.35998535156
2000-01-28,"^GSPC",2000-01-28,0,1360.16003417969
2000-02-04,"^GSPC",2000-02-04,0,1424.36999511719
2000-02-11,"^GSPC",2000-02-11,0,1387.11999511719
2000-02-18,"^GSPC",2000-02-18,0,1346.08996582031
2000-02-25,"^GSPC",2000-02-25,0,1333.35998535156
2000-03-03,"^GSPC",2000-03-03,0,1409.17004394531
2000-03-10,"^GSPC",2000-03-10,0,1395.06994628906
2000-03-17,"^GSPC",2000-03-17,0,1464.46997070312
2000-03-24,"^GSPC",2000-03-24,0,1527.4599609375
2000-03-31,"^GSPC",2000-03-31,0,1498.57995605469
2000-04-07,"^GSPC",2000-04-07,0,1516.34997558594
2000-04-14,"^GSPC",2000-04-14,0,1356.56005859375
2000-04-21,"^GSPC",2000-04-20,1,1434.5400390625
2000-04-28,"^GSPC",2000-04-28,0,1452.43005371094
2000-05-05,"^GSPC",2000-05-05,0,1432.63000488281
2000-05-12,"^GSPC",2000-05-12,0,1420.9599609375
2000-05-19,"^GSPC",2000-05-19,0,1406.94995117188
2000-05-26,"^GSPC",2000-05-26,0,1378.02001953125
2000-06-02,"^GSPC",2000-06-02,0,1477.26000976562
2000-06-09,"^GSPC",2000-06-09,0,1456.94995117188
2000-06-16,"^GSPC",2000-06-16,0,1464.4599609375
2000-06-23,"^GSPC",2000-06-23,0,1441.47998046875
2000-06-30,"^GSPC",2000-06-30,0,1454.59997558594
2000-07-07,"^GSPC",2000-07-07,0,1478.90002441406
2000-07-14,"^GSPC",2000-07-14,0,1509.97998046875
2000-07-21,"^GSPC",2000-07-21,0,1480.18994140625
2000-07-28,"^GSPC",2000-07-28,0,1419.89001464844
2000-08-04,"^GSPC",2000-08-04,0,1462.93005371094
2000-08-11,"^GSPC",2000-08-11,0,1471.83996582031
2000-08-18,"^GSPC",2000-08-18,0,1491.71997070312
2000-08-25,"^GSPC",2000-08-25,0,1506.44995117188
2000-09-01,"^GSPC",2000-09-01,0,1520.77001953125
2000-09-08,"^GSPC",2000-09-08,0,1494.5
2000-09-15,"^GSPC",2000-09-15,0,1465.81005859375
2000-09-22,"^GSPC",2000-09-22,0,1448.71997070312
2000-09-29,"^GSPC",2000-09-29,0,1436.51000976562
2000-10-06,"^GSPC",2000-10-06,0,1408.98999023438
2000-10-13,"^GSPC",2000-10-13,0,1374.17004394531
2000-10-20,"^GSPC",2000-10-20,0,1396.93005371094
2000-10-27,"^GSPC",2000-10-27,0,1379.57995605469
2000-11-03,"^GSPC",2000-11-03,0,1426.68994140625
2000-11-10,"^GSPC",2000-11-10,0,1365.97998046875
2000-11-17,"^GSPC",2000-11-17,0,1367.71997070312
2000-11-24,"^GSPC",2000-11-24,0,1341.77001953125
2000-12-01,"^GSPC",2000-12-01,0,1315.22998046875
2000-12-08,"^GSPC",2000-12-08,0,1369.89001464844
2000-12-15,"^GSPC",2000-12-15,0,1312.15002441406
2000-12-22,"^GSPC",2000-12-22,0,1305.94995117188
2000-12-29,"^GSPC",2000-12-29,0,1320.28002929688
2001-01-05,"^GSPC",2001-01-05,0,1298.34997558594
2001-01-12,"^GSPC",2001-01-12,0,1318.55004882812
2001-01-19,"^GSPC",2001-01-19,0,1342.5400390625
2001-01-26,"^GSPC",2001-01-26,0,1354.94995117188
2001-02-02,"^GSPC",2001-02-02,0,1349.46997070312
2001-02-09,"^GSPC",2001-02-09,0,1314.76000976562
2001-02-16,"^GSPC",2001-02-16,0,1301.53002929688
2001-02-23,"^GSPC",2001-02-23,0,1245.85998535156
2001-03-02,"^GSPC",2001-03-02,0,1234.18005371094
2001-03-09,"^GSPC",2001-03-09,0,1233.42004394531
2001-03-16,"^GSPC",2001-03-16,0,1150.53002929688
2001-03-23,"^GSPC",2001-03-23,0,1139.82995605469
2001-03-30,"^GSPC",2001-03-30,0,1160.32995605469
2001-04-06,"^GSPC",2001-04-06,0,1128.43005371094
2001-04-13,"^GSPC",2001-04-12,1,1183.5
2001-04-20,"^GSPC",2001-04-20,0,1242.97998046875
2001-04-27,"^GSPC",2001-04-27,0,1253.05004882812
2001-05-04,"^GSPC",2001-05-04,0,1266.60998535156
2001-05-11,"^GSPC",2001-05-11,0,1245.67004394531
2001-05-18,"^GSPC",2001-05-18,0,1291.9599609375
2001-05-25,"^GSPC",2001-05-25,0,1277.89001464844
2001-06-01,"^GSPC",2001-06-01,0,1260.67004394531
2001-06-08,"^GSPC",2001-06-08,0,1264.9599609375
2001-06-15,"^GSPC",2001-06-15,0,1214.35998535156
2001-06-22,"^GSPC",2001-06-22,0,1225.34997558594
2001-06-29,"^GSPC",2001-06-29,0,1224.38000488281
2001-07-06,"^GSPC",2001-07-06,0,1190.58996582031
2001-07-13,"^GSPC",2001-07-13,0,1215.68005371094
2001-07-20,"^GSPC",2001-07-20,0,1210.84997558594
2001-07-27,"^GSPC",2001-07-27,0,1205.81994628906
2001-08-03,"^GSPC",2001-08-03,0,1214.34997558594
2001-08-10,"^GSPC",2001-08-10,0,1190.16003417969
2001-08-17,"^GSPC",2001-08-17,0,1161.96997070312
2001-08-24,"^GSPC",2001-08-24,0,1184.93005371094
2001-08-31,"^GSPC",2001-08-31,0,1133.57995605469
2001-09-07,"^GSPC",2001-09-07,0,1085.78002929688
2001-09-14,"^GSPC",2001-09-10,4,1092.5400390625
2001-09-21,"^GSPC",2001-09-21,0,965.799987792969
2001-09-28,"^GSPC",2001-09-28,0,1040.93994140625
2001-10-05,"^GSPC",2001-10-05,0,1071.38000488281
2001-10-12,"^GSPC",2001-10-12,0,1091.65002441406
2001-10-19,"^GSPC",2001-10-19,0,1073.47998046875
2001-10-26,"^GSPC",2001-10-26,0,1104.60998535156
2001-11-02,"^GSPC",2001-11-02,0,1087.19995117188
2001-11-09,"^GSPC",2001-11-09,0,1120.31005859375
2001-11-16,"^GSPC",2001-11-16,0,1138.65002441406
2001-11-23,"^GSPC",2001-11-23,0,1150.33996582031
2001-11-30,"^GSPC",2001-11-30,0,1139.44995117188
2001-12-07,"^GSPC",2001-12-07,0,1158.31005859375
2001-12-14,"^GSPC",2001-12-14,0,1123.08996582031
2001-12-21,"^GSPC",2001-12-21,0,1144.89001464844
2001-12-28,"^GSPC",2001-12-28,0,1161.02001953125
2002-01-04,"^GSPC",2002-01-04,0,1172.51000976562
2002-01-11,"^GSPC",2002-01-11,0,1145.59997558594
2002-01-18,"^GSPC",2002-01-18,0,1127.57995605469
2002-01-25,"^GSPC",2002-01-25,0,1133.28002929688
2002-02-01,"^GSPC",2002-02-01,0,1122.19995117188
2002-02-08,"^GSPC",2002-02-08,0,1096.21997070312
2002-02-15,"^GSPC",2002-02-15,0,1104.18005371094
2002-02-22,"^GSPC",2002-02-22,0,1089.83996582031
2002-03-01,"^GSPC",2002-03-01,0,1131.78002929688
2002-03-08,"^GSPC",2002-03-08,0,1164.31005859375
2002-03-15,"^GSPC",2002-03-15,0,1166.16003417969
2002-03-22,"^GSPC",2002-03-22,0,1148.69995117188
2002-03-29,"^GSPC",2002-03-28,1,1147.39001464844
2002-04-05,"^GSPC",2002-04-05,0,1122.72998046875
2002-04-12,"^GSPC",2002-04-12,0,1111.01000976562
2002-04-19,"^GSPC",2002-04-19,0,1125.17004394531
2002-04-26,"^GSPC",2002-04-26,0,1076.31994628906
2002-05-03,"^GSPC",2002-05-03,0,1073.43005371094
2002-05-10,"^GSPC",2002-05-10,0,1054.98999023438
2002-05-17,"^GSPC",2002-05-17,0,1106.58996582031
2002-05-24,"^GSPC",2002-05-24,0,1083.81994628906
2002-05-31,"^GSPC",2002-05-31,0,1067.14001464844
2002-06-07,"^GSPC",2002-06-07,0,1027.53002929688
2002-06-14,"^GSPC",2002-06-14,0,1007.27001953125
2002-06-21,"^GSPC",2002-06-21,0,989.140014648438
2002-06-28,"^GSPC",2002-06-28,0,989.820007324219
2002-07-05,"^GSPC",2002-07-05,0,989.030029296875
2002-07-12,"^GSPC",2002-07-12,0,921.390014648438
2002-07-19,"^GSPC",2002-07-19,0,847.75
2002-07-26,"^GSPC",2002-07-26,0,852.840026855469
2002-08-02,"^GSPC",2002-08-02,0,864.239990234375
2002-08-09,"^GSPC",2002-08-09,0,908.640014648438
2002-08-16,"^GSPC",2002-08-16,0,928.77001953125
2002-08-23,"^GSPC",2002-08-23,0,940.859985351562
2002-08-30,"^GSPC",2002-08-30,0,916.070007324219
2002-09-06,"^GSPC",2002-09-06,0,893.919982910156
2002-09-13,"^GSPC",2002-09-13,0,889.809997558594
2002-09-20,"^GSPC",2002-09-20,0,845.390014648438
2002-09-27,"^GSPC",2002-09-27,0,827.369995117188
2002-10-04,"^GSPC",2002-10-04,0,800.580017089844
2002-10-11,"^GSPC",2002-10-11,0,835.320007324219
2002-10-18,"^GSPC",2002-10-18,0,884.390014648438
2002-10-25,"^GSPC",2002-10-25,0,897.650024414062
2002-11-01,"^GSPC",2002-11-01,0,900.960021972656
2002-11-08,"^GSPC",2002-11-08,0,894.739990234375
2002-11-15,"^GSPC",2002-11-15,0,909.830017089844
2002-11-22,"^GSPC",2002-11-22,0,930.549987792969
2002-11-29,"^GSPC",2002-11-29,0,936.309997558594
2002-12-06,"^GSPC",2002-12-06,0,912.22998046875
2002-12-13,"^GSPC",2002-12-13,0,889.47998046875
2002-12-20,"^GSPC",2002-12-20,0,895.760009765625
2002-12-27,"^GSPC",2002-12-27,0,875.400024414062
2003-01-03,"^GSPC",2003-01-03,0,908.590026855469
2003-01-10,"^GSPC",2003-01-10,0,927.570007324219
2003-01-17,"^GSPC",2003-01-17,0,901.780029296875
2003-01-24,"^GSPC",2003-01-24,0,861.400024414062
2003-01-31,"^GSPC",2003-01-31,0,855.700012207031
2003-02-07,"^GSPC",2003-02-07,0,829.690002441406
2003-02-14,"^GSPC",2003-02-14,0,834.890014648438
2003-02-21,"^GSPC",2003-02-21,0,848.169982910156
2003-02-28,"^GSPC",2003-02-28,0,841.150024414062
2003-03-07,"^GSPC",2003-03-07,0,828.890014648438
2003-03-14,"^GSPC",2003-03-14,0,833.27001953125
2003-03-21,"^GSPC",2003-03-21,0,895.789978027344
2003-03-28,"^GSPC",2003-03-28,0,863.5
2003-04-04,"^GSPC",2003-04-04,0,878.849975585938
2003-04-11,"^GSPC",2003-04-11,0,868.299987792969
2003-04-18,"^GSPC",2003-04-17,1,893.580017089844
2003-04-25,"^GSPC",2003-04-25,0,898.809997558594
2003-05-02,"^GSPC",2003-05-02,0,930.080017089844
2003-05-09,"^GSPC",2003-05-09,0,933.409973144531
2003-05-16,"^GSPC",2003-05-16,0,944.299987792969
2003-05-23,"^GSPC",2003-05-23,0,933.219970703125
2003-05-30,"^GSPC",2003-05-30,0,963.590026855469
2003-06-06,"^GSPC",2003-06-06,0,987.760009765625
2003-06-13,"^GSPC",2003-06-13,0,988.609985351562
2003-06-20,"^GSPC",2003-06-20,0,995.690002441406
2003-06-27,"^GSPC",2003-06-27,0,976.219970703125
2003-07-04,"^GSPC",2003-07-03,1,985.700012207031
2003-07-11,"^GSPC",2003-07-11,0,998.140014648438
2003-07-18,"^GSPC",2003-07-18,0,993.320007324219
2003-07-25,"^GSPC",2003-07-25,0,998.679992675781
2003-08-01,"^GSPC",2003-08-01,0,980.150024414062
2003-08-08,"^GSPC",2003-08-08,0,977.590026855469
2003-08-15,"^GSPC",2003-08-15,0,990.669982910156
2003-08-22,"^GSPC",2003-08-22,0,993.059997558594
2003-08-29,"^GSPC",2003-08-29,0,1008.01000976562
2003-09-05,"^GSPC",2003-09-05,0,1021.39001464844
2003-09-12,"^GSPC",2003-09-12,0,1018.63000488281
2003-09-19,"^GSPC",2003-09-19,0,1036.30004882812
2003-09-26,"^GSPC",2003-09-26,0,996.849975585938
2003-10-03,"^GSPC",2003-10-03,0,1029.84997558594
2003-10-10,"^GSPC",2003-10-10,0,1038.06005859375
2003-10-17,"^GSPC",2003-10-17,0,1039.31994628906
2003-10-24,"^GSPC",2003-10-24,0,1028.91003417969
2003-10-31,"^GSPC",2003-10-31,0,1050.7099609375
2003-11-07,"^GSPC",2003-11-07,0,1053.2099609375
2003-11-14,"^GSPC",2003-11-14,0,1050.34997558594
2003-11-21,"^GSPC",2003-11-21,0,1035.28002929688
2003-11-28,"^GSPC",2003-11-28,0,1058.19995117188
2003-12-05,"^GSPC",2003-12-05,0,1061.5
2003-12-12,"^GSPC",2003-12-12,0,1074.14001464844
2003-12-19,"^GSPC",2003-12-19,0,1088.66003417969
2003-12-26,"^GSPC",2003-12-26,0,1095.89001464844
2004-01-02,"^GSPC",2004-01-02,0,1108.47998046875
2004-01-09,"^GSPC",2004-01-09,0,1121.85998535156
2004-01-16,"^GSPC",2004-01-16,0,1139.82995605469
2004-01-23,"^GSPC",2004-01-23,0,1141.55004882812
2004-01-30,"^GSPC",2004-01-30,0,1131.13000488281
2004-02-06,"^GSPC",2004-02-06,0,1142.76000976562
2004-02-13,"^GSPC",2004-02-13,0,1145.81005859375
2004-02-20,"^GSPC",2004-02-20,0,1144.10998535156
2004-02-27,"^GSPC",2004-02-27,0,1144.93994140625
2004-03-05,"^GSPC",2004-03-05,0,1156.85998535156
2004-03-12,"^GSPC",2004-03-12,0,1120.56994628906
2004-03-19,"^GSPC",2004-03-19,0,1109.78002929688
2004-03-26,"^GSPC",2004-03-26,0,1108.06005859375
2004-04-02,"^GSPC",2004-04-02,0,1141.81005859375
2004-04-09,"^GSPC",2004-04-08,1,1139.31994628906
2004-04-16,"^GSPC",2004-04-16,0,1134.60998535156
2004-04-23,"^GSPC",2004-04-23,0,1140.59997558594
2004-04-30,"^GSPC",2004-04-30,0,1107.30004882812
2004-05-07,"^GSPC",2004-05-07,0,1098.69995117188
2004-05-14,"^GSPC",2004-05-14,0,1095.69995117188
2004-05-21,"^GSPC",2004-05-21,0,1093.56005859375
2004-05-28,"^GSPC",2004-05-28,0,1120.68005371094
2004-06-04,"^GSPC",2004-06-04,0,1122.5
2004-06-11,"^GSPC",2004-06-10,1,1136.46997070312
2004-06-18,"^GSPC",2004-06-18,0,1135.02001953125
2004-06-25,"^GSPC",2004-06-25,0,1134.43005371094
2004-07-02,"^GSPC",2004-07-02,0,1125.38000488281
2004-07-09,"^GSPC",2004-07-09,0,1112.81005859375
2004-07-16,"^GSPC",2004-07-16,0,1101.39001464844
2004-07-23,"^GSPC",2004-07-23,0,1086.19995117188
2004-07-30,"^GSPC",2004-07-30,0,1101.71997070312
2004-08-06,"^GSPC",2004-08-06,0,1063.96997070312
2004-08-13,"^GSPC",2004-08-13,0,1064.80004882812
2004-08-20,"^GSPC",2004-08-20,0,1098.34997558594
2004-08-27,"^GSPC",2004-08-27,0,1107.77001953125
2004-09-03,"^GSPC",2004-09-03,0,1113.63000488281
2004-09-10,"^GSPC",2004-09-10,0,1123.92004394531
2004-09-17,"^GSPC",2004-09-17,0,1128.55004882812
2004-09-24,"^GSPC",2004-09-24,0,1110.10998535156
2004-10-01,"^GSPC",2004-10-01,0,1131.5
2004-10-08,"^GSPC",2004-10-08,0,1122.14001464844
2004-10-15,"^GSPC",2004-10-15,0,1108.19995117188
2004-10-22,"^GSPC",2004-10-22,0,1095.73999023438
2004-10-29,"^GSPC",2004-10-29,0,1130.19995117188
2004-11-05,"^GSPC",2004-11-05,0,1166.17004394531
2004-11-12,"^GSPC",2004-11-12,0,1184.17004394531
2004-11-19,"^GSPC",2004-11-19,0,1170.33996582031
2004-11-26,"^GSPC",2004-11-26,0,1182.65002441406
2004-12-03,"^GSPC",2004-12-03,0,1191.17004394531
2004-12-10,"^GSPC",2004-12-10,0,1188
2004-12-17,"^GSPC",2004-12-17,0,1194.19995117188
2004-12-24,"^GSPC",2004-12-23,1,1210.13000488281
2004-12-31,"^GSPC",2004-12-31,0,1211.92004394531
2005-01-07,"^GSPC",2005-01-07,0,1186.18994140625
2005-01-14,"^GSPC",2005-01-14,0,1184.52001953125
2005-01-21,"^GSPC",2005-01-21,0,1167.86999511719
2005-01-28,"^GSPC",2005-01-28,0,1171.35998535156
2005-02-04,"^GSPC",2005-02-04,0,1203.03002929688
2005-02-11,"^GSPC",2005-02-11,0,1205.30004882812
2005-02-18,"^GSPC",2005-02-18,0,1201.58996582031
2005-02-25,"^GSPC",2005-02-25,0,1211.36999511719
2005-03-04,"^GSPC",2005-03-04,0,1222.11999511719
2005-03-11,"^GSPC",2005-03-11,0,1200.07995605469
2005-03-18,"^GSPC",2005-03-18,0,1189.65002441406
2005-03-25,"^GSPC",2005-03-24,1,1171.42004394531
2005-04-01,"^GSPC",2005-04-01,0,1172.92004394531
2005-04-08,"^GSPC",2005-04-08,0,1181.19995117188
2005-04-15,"^GSPC",2005-04-15,0,1142.61999511719
2005-04-22,"^GSPC",2005-04-22,0,1152.11999511719
2005-04-29,"^GSPC",2005-04-29,0,1156.84997558594
2005-05-06,"^GSPC",2005-05-06,0,1171.34997558594
2005-05-13,"^GSPC",2005-05-13,0,1154.05004882812
2005-05-20,"^GSPC",2005-05-20,0,1189.28002929688
2005-05-27,"^GSPC",2005-05-27,0,1198.78002929688
2005-06-03,"^GSPC",2005-06-03,0,1196.02001953125
2005-06-10,"^GSPC",2005-06-10,0,1198.10998535156
2005-06-17,"^GSPC",2005-06-17,0,1216.9599609375
2005-06-24,"^GSPC",2005-06-24,0,1191.56994628906
2005-07-01,"^GSPC",2005-07-01,0,1194.43994140625
2005-07-08,"^GSPC",2005-07-08,0,1211.85998535156
2005-07-15,"^GSPC",2005-07-15,0,1227.92004394531
2005-07-22,"^GSPC",2005-07-22,0,1233.68005371094
2005-07-29,"^GSPC",2005-07-29,0,1234.18005371094
2005-08-05,"^GSPC",2005-08-05,0,1226.42004394531
2005-08-12,"^GSPC",2005-08-12,0,1230.39001464844
2005-08-19,"^GSPC",2005-08-19,0,1219.7099609375
2005-08-26,"^GSPC",2005-08-26,0,1205.09997558594
2005-09-02,"^GSPC",2005-09-02,0,1218.02001953125
2005-09-09,"^GSPC",2005-09-09,0,1241.47998046875
2005-09-16,"^GSPC",2005-09-16,0,1237.91003417969
2005-09-23,"^GSPC",2005-09-23,0,1215.2900390625
2005-09-30,"^GSPC",2005-09-30,0,1228.81005859375
2005-10-07,"^GSPC",2005-10-07,0,1195.90002441406
2005-10-14,"^GSPC",2005-10-14,0,1186.56994628906
2005-10-21,"^GSPC",2005-10-21,0,1179.58996582031
2005-10-28,"^GSPC",2005-10-28,0,1198.41003417969
2005-11-04,"^GSPC",2005-11-04,0,1220.14001464844
2005-11-11,"^GSPC",2005-11-11,0,1234.71997070312
2005-11-18,"^GSPC",2005-11-18,0,1248.27001953125
2005-11-25,"^GSPC",2005-11-25,0,1268.25
2005-12-02,"^GSPC",2005-12-02,0,1265.07995605469
2005-12-09,"^GSPC",2005-12-09,0,1259.36999511719
2005-12-16,"^GSPC",2005-12-16,0,1267.31994628906
2005-12-23,"^GSPC",2005-12-23,0,1268.66003417969
2005-12-30,"^GSPC",2005-12-30,0,1248.2900390625
2006-01-06,"^GSPC",2006-01-06,0,1285.44995117188
2006-01-13,"^GSPC",2006-01-13,0,1287.60998535156
2006-01-20,"^GSPC",2006-01-20,0,1261.48999023438
2006-01-27,"^GSPC",2006-01-27,0,1283.71997070312
2006-02-03,"^GSPC",2006-02-03,0,1264.03002929688
2006-02-10,"^GSPC",2006-02-10,0,1266.98999023438
2006-02-17,"^GSPC",2006-02-17,0,1287.23999023438
2006-02-24,"^GSPC",2006-02-24,0,1289.43005371094
2006-03-03,"^GSPC",2006-03-03,0,1287.22998046875
2006-03-10,"^GSPC",2006-03-10,0,1281.42004394531
2006-03-17,"^GSPC",2006-03-17,0,1307.25
2006-03-24,"^GSPC",2006-03-24,0,1302.94995117188
2006-03-31,"^GSPC",2006-03-31,0,1294.86999511719
2006-04-07,"^GSPC",2006-04-07,0,1295.5
2006-04-14,"^GSPC",2006-04-13,1,1289.11999511719
2006-04-21,"^GSPC",2006-04-21,0,1311.28002929688
2006-04-28,"^GSPC",2006-04-28,0,1310.60998535156
2006-05-05,"^GSPC",2006-05-05,0,1325.76000976562
2006-05-12,"^GSPC",2006-05-12,0,1291.23999023438
2006-05-19,"^GSPC",2006-05-19,0,1267.03002929688
2006-05-26,"^GSPC",2006-05-26,0,1280.16003417969
2006-06-02,"^GSPC",2006-06-02,0,1288.21997070312
2006-06-09,"^GSPC",2006-06-09,0,1252.30004882812
2006-06-16,"^GSPC",2006-06-16,0,1251.5400390625
2006-06-23,"^GSPC",2006-06-23,0,1244.5
2006-06-30,"^GSPC",2006-06-30,0,1270.19995117188
2006-07-07,"^GSPC",2006-07-07,0,1265.47998046875
2006-07-14,"^GSPC",2006-07-14,0,1236.19995117188
2006-07-21,"^GSPC",2006-07-21,0,1240.2900390625
2006-07-28,"^GSPC",2006-07-28,0,1278.55004882812
2006-08-04,"^GSPC",2006-08-04,0,1279.35998535156
2006-08-11,"^GSPC",2006-08-11,0,1266.73999023438
2006-08-18,"^GSPC",2006-08-18,0,1302.30004882812
2006-08-25,"^GSPC",2006-08-25,0,1295.08996582031
2006-09-01,"^GSPC",2006-09-01,0,1311.01000976562
2006-09-08,"^GSPC",2006-09-08,0,1298.92004394531
2006-09-15,"^GSPC",2006-09-15,0,1319.66003417969
2006-09-22,"^GSPC",2006-09-22,0,1314.78002929688
2006-09-29,"^GSPC",2006-09-29,0,1335.84997558594
2006-10-06,"^GSPC",2006-10-06,0,1349.58996582031
2006-10-13,"^GSPC",2006-10-13,0,1365.61999511719
2006-10-20,"^GSPC",2006-10-20,0,1368.59997558594
2006-10-27,"^GSPC",2006-10-27,0,1377.33996582031
2006-11-03,"^GSPC",2006-11-03,0,1364.30004882812
2006-11-10,"^GSPC",2006-11-10,0,1380.90002441406
2006-11-17,"^GSPC",2006-11-17,0,1401.19995117188
2006-11-24,"^GSPC",2006-11-24,0,1400.94995117188
2006-12-01,"^GSPC",2006-12-01,0,1396.7099609375
2006-12-08,"^GSPC",2006-12-08,0,1409.83996582031
2006-12-15,"^GSPC",2006-12-15,0,1427.08996582031
2006-12-22,"^GSPC",2006-12-22,0,1410.76000976562
2006-12-29,"^GSPC",2006-12-29,0,1418.30004882812
2007-01-05,"^GSPC",2007-01-05,0,1409.7099609375
2007-01-12,"^GSPC",2007-01-12,0,1430.72998046875
2007-01-19,"^GSPC",2007-01-19,0,1430.5
2007-01-26,"^GSPC",2007-01-26,0,1422.18005371094
2007-02-02,"^GSPC",2007-02-02,0,1448.39001464844
2007-02-09,"^GSPC",2007-02-09,0,1438.06005859375
2007-02-16,"^GSPC",2007-02-16,0,1455.5400390625
2007-02-23,"^GSPC",2007-02-23,0,1451.18994140625
2007-03-02,"^GSPC",2007-03-02,0,1387.17004394531
2007-03-09,"^GSPC",2007-03-09,0,1402.83996582031
2007-03-16,"^GSPC",2007-03-16,0,1386.94995117188
2007-03-23,"^GSPC",2007-03-23,0,1436.10998535156
2007-03-30,"^GSPC",2007-03-30,0,1420.85998535156
2007-04-06,"^GSPC",2007-04-05,1,1443.76000976562
2007-04-13,"^GSPC",2007-04-13,0,1452.84997558594
2007-04-20,"^GSPC",2007-04-20,0,1484.34997558594
2007-04-27,"^GSPC",2007-04-27,0,1494.06994628906
2007-05-04,"^GSPC",2007-05-04,0,1505.61999511719
2007-05-11,"^GSPC",2007-05-11,0,1505.84997558594
2007-05-18,"^GSPC",2007-05-18,0,1522.75
2007-05-25,"^GSPC",2007-05-25,0,1515.72998046875
2007-06-01,"^GSPC",2007-06-01,0,1536.33996582031
2007-06-08,"^GSPC",2007-06-08,0,1507.67004394531
2007-06-15,"^GSPC",2007-06-15,0,1532.91003417969
2007-06-22,"^GSPC",2007-06-22,0,1502.56005859375
2007-06-29,"^GSPC",2007-06-29,0,1503.34997558594
2007-07-06,"^GSPC",2007-07-06,0,1530.43994140625
2007-07-13,"^GSPC",2007-07-13,0,1552.5
2007-07-20,"^GSPC",2007-07-20,0,1534.09997558594
2007-07-27,"^GSPC",2007-07-27,0,1458.94995117188
2007-08-03,"^GSPC",2007-08-03,0,1433.06005859375
2007-08-10,"^GSPC",2007-08-10,0,1453.64001464844
2007-08-17,"^GSPC",2007-08-17,0,1445.93994140625
2007-08-24,"^GSPC",2007-08-24,0,1479.36999511719
2007-08-31,"^GSPC",2007-08-31,0,1473.98999023438
2007-09-07,"^GSPC",2007-09-07,0,1453.55004882812
2007-09-14,"^GSPC",2007-09-14,0,1484.25
2007-09-21,"^GSPC",2007-09-21,0,1525.75
2007-09-28,"^GSPC",2007-09-28,0,1526.75
2007-10-05,"^GSPC",2007-10-05,0,1557.58996582031
2007-10-12,"^GSPC",2007-10-12,0,1561.80004882812
2007-10-19,"^GSPC",2007-10-19,0,1500.63000488281
2007-10-26,"^GSPC",2007-10-26,0,1535.28002929688
2007-11-02,"^GSPC",2007-11-02,0,1509.65002441406
2007-11-09,"^GSPC",2007-11-09,0,1453.69995117188
2007-11-16,"^GSPC",2007-11-16,0,1458.73999023438
2007-11-23,"^GSPC",2007-11-23,0,1440.69995117188
2007-11-30,"^GSPC",2007-11-30,0,1481.14001464844
2007-12-07,"^GSPC",2007-12-07,0,1504.66003417969
2007-12-14,"^GSPC",2007-12-14,0,1467.94995117188
2007-12-21,"^GSPC",2007-12-21,0,1484.4599609375
2007-12-28,"^GSPC",2007-12-28,0,1478.48999023438
2008-01-04,"^GSPC",2008-01-04,0,1411.63000488281
2008-01-11,"^GSPC",2008-01-11,0,1401.02001953125
2008-01-18,"^GSPC",2008-01-18,0,1325.18994140625
2008-01-25,"^GSPC",2008-01-25,0,1330.60998535156
2008-02-01,"^GSPC",2008-02-01,0,1395.42004394531
2008-02-08,"^GSPC",2008-02-08,0,1331.2900390625
2008-02-15,"^GSPC",2008-02-15,0,1349.98999023438
2008-02-22,"^GSPC",2008-02-22,0,1353.10998535156
2008-02-29,"^GSPC",2008-02-29,0,1330.63000488281
2008-03-07,"^GSPC",2008-03-07,0,1293.36999511719
2008-03-14,"^GSPC",2008-03-14,0,1288.14001464844
2008-03-21,"^GSPC",2008-03-20,1,1329.51000976562
2008-03-28,"^GSPC",2008-03-28,0,1315.21997070312
2008-04-04,"^GSPC",2008-04-04,0,1370.40002441406
2008-04-11,"^GSPC",2008-04-11,0,1332.82995605469
2008-04-18,"^GSPC",2008-04-18,0,1390.32995605469
2008-04-25,"^GSPC",2008-04-25,0,1397.83996582031
2008-05-02,"^GSPC",2008-05-02,0,1413.90002441406
2008-05-09,"^GSPC",2008-05-09,0,1388.28002929688
2008-05-16,"^GSPC",2008-05-16,0,1425.34997558594
2008-05-23,"^GSPC",2008-05-23,0,1375.93005371094
2008-05-30,"^GSPC",2008-05-30,0,1400.38000488281
2008-06-06,"^GSPC",2008-06-06,0,1360.68005371094
2008-06-13,"^GSPC",2008-06-13,0,1360.03002929688
2008-06-20,"^GSPC",2008-06-20,0,1317.93005371094
2008-06-27,"^GSPC",2008-06-27,0,1278.38000488281
2008-07-04,"^GSPC",2008-07-03,1,1262.90002441406
2008-07-11,"^GSPC",2008-07-11,0,1239.48999023438
2008-07-18,"^GSPC",2008-07-18,0,1260.68005371094
2008-07-25,"^GSPC",2008-07-25,0,1257.76000976562
2008-08-01,"^GSPC",2008-08-01,0,1260.31005859375
2008-08-08,"^GSPC",2008-08-08,0,1296.31994628906
2008-08-15,"^GSPC",2008-08-15,0,1298.19995117188
2008-08-22,"^GSPC",2008-08-22,0,1292.19995117188
2008-08-29,"^GSPC",2008-08-29,0,1282.82995605469
2008-09-05,"^GSPC",2008-09-05,0,1242.31005859375
2008-09-12,"^GSPC",2008-09-12,0,1251.69995117188
2008-09-19,"^GSPC",2008-09-19,0,1255.07995605469
2008-09-26,"^GSPC",2008-09-26,0,1213.27001953125
2008-10-03,"^GSPC",2008-10-03,0,1099.22998046875
2008-10-10,"^GSPC",2008-10-10,0,899.219970703125
2008-10-17,"^GSPC",2008-10-17,0,940.549987792969
2008-10-24,"^GSPC",2008-10-24,0,876.77001953125
2008-10-31,"^GSPC",2008-10-31,0,968.75
2008-11-07,"^GSPC",2008-11-07,0,930.989990234375
2008-11-14,"^GSPC",2008-11-14,0,873.289978027344
2008-11-21,"^GSPC",2008-11-21,0,800.030029296875
2008-11-28,"^GSPC",2008-11-28,0,896.239990234375
2008-12-05,"^GSPC",2008-12-05,0,876.070007324219
2008-12-12,"^GSPC",2008-12-12,0,879.72998046875
2008-12-19,"^GSPC",2008-12-19,0,887.880004882812
2008-12-26,"^GSPC",2008-12-26,0,872.799987792969
2009-01-02,"^GSPC",2009-01-02,0,931.799987792969
2009-01-09,"^GSPC",2009-01-09,0,890.349975585938
2009-01-16,"^GSPC",2009-01-16,0,850.119995117188
2009-01-23,"^GSPC",2009-01-23,0,831.950012207031
2009-01-30,"^GSPC",2009-01-30,0,825.880004882812
2009-02-06,"^GSPC",2009-02-06,0,868.599975585938
2009-02-13,"^GSPC",2009-02-13,0,826.840026855469
2009-02-20,"^GSPC",2009-02-20,0,770.049987792969
2009-02-27,"^GSPC",2009-02-27,0,735.090026855469
2009-03-06,"^GSPC",2009-03-06,0,683.380004882812
2009-03-13,"^GSPC",2009-03-13,0,756.549987792969
2009-03-20,"^GSPC",2009-03-20,0,768.539978027344
2009-03-27,"^GSPC",2009-03-27,0,815.940002441406
2009-04-03,"^GSPC",2009-04-03,0,842.5
2009-04-10,"^GSPC",2009-04-09,1,856.559997558594
2009-04-17,"^GSPC",2009-04-17,0,869.599975585938
2009-04-24,"^GSPC",2009-04-24,0,866.22998046875
2009-05-01,"^GSPC",2009-05-01,0,877.52001953125
2009-05-08,"^GSPC",2009-05-08,0,929.22998046875
2009-05-15,"^GSPC",2009-05-15,0,882.880004882812
2009-05-22,"^GSPC",2009-05-22,0,887
2009-05-29,"^GSPC",2009-05-29,0,919.140014648438
2009-06-05,"^GSPC",2009-06-05,0,940.090026855469
2009-06-12,"^GSPC",2009-06-12,0,946.210021972656
2009-06-19,"^GSPC",2009-06-19,0,921.22998046875
2009-06-26,"^GSPC",2009-06-26,0,918.900024414062
2009-07-03,"^GSPC",2009-07-02,1,896.419982910156
2009-07-10,"^GSPC",2009-07-10,0,879.130004882812
2009-07-17,"^GSPC",2009-07-17,0,940.380004882812
2009-07-24,"^GSPC",2009-07-24,0,979.260009765625
2009-07-31,"^GSPC",2009-07-31,0,987.47998046875
2009-08-07,"^GSPC",2009-08-07,0,1010.47998046875
2009-08-14,"^GSPC",2009-08-14,0,1004.09002685547
2009-08-21,"^GSPC",2009-08-21,0,1026.13000488281
2009-08-28,"^GSPC",2009-08-28,0,1028.93005371094
2009-09-04,"^GSPC",2009-09-04,0,1016.40002441406
2009-09-11,"^GSPC",2009-09-11,0,1042.72998046875
2009-09-18,"^GSPC",2009-09-18,0,1068.30004882812
2009-09-25,"^GSPC",2009-09-25,0,1044.38000488281
2009-10-02,"^GSPC",2009-10-02,0,1025.2099609375
2009-10-09,"^GSPC",2009-10-09,0,1071.48999023438
2009-10-16,"^GSPC",2009-10-16,0,1087.68005371094
2009-10-23,"^GSPC",2009-10-23,0,1079.59997558594
2009-10-30,"^GSPC",2009-10-30,0,1036.18994140625
2009-11-06,"^GSPC",2009-11-06,0,1069.30004882812
2009-11-13,"^GSPC",2009-11-13,0,1093.47998046875
2009-11-20,"^GSPC",2009-11-20,0,1091.38000488281
2009-11-27,"^GSPC",2009-11-27,0,1091.48999023438
2009-12-04,"^GSPC",2009-12-04,0,1105.97998046875
2009-12-11,"^GSPC",2009-12-11,0,1106.41003417969
2009-12-18,"^GSPC",2009-12-18,0,1102.46997070312
2009-12-25,"^GSPC",2009-12-24,1,1126.47998046875
2010-01-01,"^GSPC",2009-12-31,1,1115.09997558594
2010-01-08,"^GSPC",2010-01-08,0,1144.97998046875
2010-01-15,"^GSPC",2010-01-15,0,1136.03002929688
2010-01-22,"^GSPC",2010-01-22,0,1091.76000976562
2010-01-29,"^GSPC",2010-01-29,0,1073.86999511719
2010-02-05,"^GSPC",2010-02-05,0,1066.18994140625
2010-02-12,"^GSPC",2010-02-12,0,1075.51000976562
2010-02-19,"^GSPC",2010-02-19,0,1109.17004394531
2010-02-26,"^GSPC",2010-02-26,0,1104.48999023438
2010-03-05,"^GSPC",2010-03-05,0,1138.69995117188
2010-03-12,"^GSPC",2010-03-12,0,1149.98999023438
2010-03-19,"^GSPC",2010-03-19,0,1159.90002441406
2010-03-26,"^GSPC",2010-03-26,0,1166.58996582031
2010-04-02,"^GSPC",2010-04-01,1,1178.09997558594
2010-04-09,"^GSPC",2010-04-09,0,1194.36999511719
2010-04-16,"^GSPC",2010-04-16,0,1192.13000488281
2010-04-23,"^GSPC",2010-04-23,0,1217.28002929688
2010-04-30,"^GSPC",2010-04-30,0,1186.68994140625
2010-05-07,"^GSPC",2010-05-07,0,1110.88000488281
2010-05-14,"^GSPC",2010-05-14,0,1135.68005371094
2010-05-21,"^GSPC",2010-05-21,0,1087.68994140625
2010-05-28,"^GSPC",2010-05-28,0,1089.41003417969
2010-06-04,"^GSPC",2010-06-04,0,1064.88000488281
2010-06-11,"^GSPC",2010-06-11,0,1091.59997558594
2010-06-18,"^GSPC",2010-06-18,0,1117.51000976562
2010-06-25,"^GSPC",2010-06-25,0,1076.76000976562
2010-07-02,"^GSPC",2010-07-02,0,1022.58001708984
2010-07-09,"^GSPC",2010-07-09,0,1077.9599609375
2010-07-16,"^GSPC",2010-07-16,0,1064.88000488281
2010-07-23,"^GSPC",2010-07-23,0,1102.66003417969
2010-07-30,"^GSPC",2010-07-30,0,1101.59997558594
2010-08-06,"^GSPC",2010-08-06,0,1121.64001464844
2010-08-13,"^GSPC",2010-08-13,0,1079.25
2010-08-20,"^GSPC",2010-08-20,0,1071.68994140625
2010-08-27,"^GSPC",2010-08-27,0,1064.58996582031
2010-09-03,"^GSPC",2010-09-03,0,1104.51000976562
2010-09-10,"^GSPC",2010-09-10,0,1109.55004882812
2010-09-17,"^GSPC",2010-09-17,0,1125.58996582031
2010-09-24,"^GSPC",2010-09-24,0,1148.67004394531
2010-10-01,"^GSPC",2010-10-01,0,1146.23999023438
2010-10-08,"^GSPC",2010-10-08,0,1165.15002441406
2010-10-15,"^GSPC",2010-10-15,0,1176.18994140625
2010-10-22,"^GSPC",2010-10-22,0,1183.07995605469
2010-10-29,"^GSPC",2010-10-29,0,1183.26000976562
2010-11-05,"^GSPC",2010-11-05,0,1225.84997558594
2010-11-12,"^GSPC",2010-11-12,0,1199.2099609375
2010-11-19,"^GSPC",2010-11-19,0,1199.72998046875
2010-11-26,"^GSPC",2010-11-26,0,1189.40002441406
2010-12-03,"^GSPC",2010-12-03,0,1224.7099609375
2010-12-10,"^GSPC",2010-12-10,0,1240.40002441406
2010-12-17,"^GSPC",2010-12-17,0,1243.91003417969
2010-12-24,"^GSPC",2010-12-23,1,1256.77001953125
2010-12-31,"^GSPC",2010-12-31,0,1257.64001464844
2011-01-07,"^GSPC",2011-01-07,0,1271.5
2011-01-14,"^GSPC",2011-01-14,0,1293.23999023438
2011-01-21,"^GSPC",2011-01-21,0,1283.34997558594
2011-01-28,"^GSPC",2011-01-28,0,1276.33996582031
2011-02-04,"^GSPC",2011-02-04,0,1310.86999511719
2011-02-11,"^GSPC",2011-02-11,0,1329.15002441406
2011-02-18,"^GSPC",2011-02-18,0,1343.01000976562
2011-02-25,"^GSPC",2011-02-25,0,1319.88000488281
2011-03-04,"^GSPC",2011-03-04,0,1321.15002441406
2011-03-11,"^GSPC",2011-03-11,0,1304.28002929688
2011-03-18,"^GSPC",2011-03-18,0,1279.2099609375
2011-03-25,"^GSPC",2011-03-25,0,1313.80004882812
2011-04-01,"^GSPC",2011-04-01,0,1332.41003417969
2011-04-08,"^GSPC",2011-04-08,0,1328.17004394531
2011-04-15,"^GSPC",2011-04-15,0,1319.68005371094
2011-04-22,"^GSPC",2011-04-21,1,1337.38000488281
2011-04-29,"^GSPC",2011-04-29,0,1363.60998535156
2011-05-06,"^GSPC",2011-05-06,0,1340.19995117188
2011-05-13,"^GSPC",2011-05-13,0,1337.77001953125
2011-05-20,"^GSPC",2011-05-20,0,1333.27001953125
2011-05-27,"^GSPC",2011-05-27,0,1331.09997558594
2011-06-03,"^GSPC",2011-06-03,0,1300.16003417969
2011-06-10,"^GSPC",2011-06-10,0,1270.97998046875
2011-06-17,"^GSPC",2011-06-17,0,1271.5
2011-06-24,"^GSPC",2011-06-24,0,1268.44995117188
2011-07-01,"^GSPC",2011-07-01,0,1339.67004394531
2011-07-08,"^GSPC",2011-07-08,0,1343.80004882812
2011-07-15,"^GSPC",2011-07-15,0,1316.14001464844
2011-07-22,"^GSPC",2011-07-22,0,1345.02001953125
2011-07-29,"^GSPC",2011-07-29,0,1292.28002929688
2011-08-05,"^GSPC",2011-08-05,0,1199.38000488281
2011-08-12,"^GSPC",2011-08-12,0,1178.81005859375
2011-08-19,"^GSPC",2011-08-19,0,1123.53002929688
2011-08-26,"^GSPC",2011-08-26,0,1176.80004882812
2011-09-02,"^GSPC",2011-09-02,0,1173.96997070312
2011-09-09,"^GSPC",2011-09-09,0,1154.22998046875
2011-09-16,"^GSPC",2011-09-16,0,1216.01000976562
2011-09-23,"^GSPC",2011-09-23,0,1136.43005371094
2011-09-30,"^GSPC",2011-09-30,0,1131.42004394531
2011-10-07,"^GSPC",2011-10-07,0,1155.4599609375
2011-10-14,"^GSPC",2011-10-14,0,1224.57995605469
2011-10-21,"^GSPC",2011-10-21,0,1238.25
2011-10-28,"^GSPC",2011-10-28,0,1285.08996582031
2011-11-04,"^GSPC",2011-11-04,0,1253.22998046875
2011-11-11,"^GSPC",2011-11-11,0,1263.84997558594
2011-11-18,"^GSPC",2011-11-18,0,1215.65002441406
2011-11-25,"^GSPC",2011-11-25,0,1158.67004394531
2011-12-02,"^GSPC",2011-12-02,0,1244.28002929688
2011-12-09,"^GSPC",2011-12-09,0,1255.18994140625
2011-12-16,"^GSPC",2011-12-16,0,1219.66003417969
2011-12-23,"^GSPC",2011-12-23,0,1265.32995605469
2011-12-30,"^GSPC",2011-12-30,0,1257.59997558594
2012-01-06,"^GSPC",2012-01-06,0,1277.81005859375
2012-01-13,"^GSPC",2012-01-13,0,1289.08996582031
2012-01-20,"^GSPC",2012-01-20,0,1315.38000488281
2012-01-27,"^GSPC",2012-01-27,0,1316.32995605469
2012-02-03,"^GSPC",2012-02-03,0,1344.90002441406
2012-02-10,"^GSPC",2012-02-10,0,1342.64001464844
2012-02-17,"^GSPC",2012-02-17,0,1361.22998046875
2012-02-24,"^GSPC",2012-02-24,0,1365.73999023438
2012-03-02,"^GSPC",2012-03-02,0,1369.63000488281
2012-03-09,"^GSPC",2012-03-09,0,1370.86999511719
2012-03-16,"^GSPC",2012-03-16,0,1404.17004394531
2012-03-23,"^GSPC",2012-03-23,0,1397.10998535156
2012-03-30,"^GSPC",2012-03-30,0,1408.46997070312
2012-04-06,"^GSPC",2012-04-05,1,1398.07995605469
2012-04-13,"^GSPC",2012-04-13,0,1370.26000976562
2012-04-20,"^GSPC",2012-04-20,0,1378.53002929688
2012-04-27,"^GSPC",2012-04-27,0,1403.35998535156
2012-05-04,"^GSPC",2012-05-04,0,1369.09997558594
2012-05-11,"^GSPC",2012-05-11,0,1353.39001464844
2012-05-18,"^GSPC",2012-05-18,0,1295.21997070312
2012-05-25,"^GSPC",2012-05-25,0,1317.81994628906
2012-06-01,"^GSPC",2012-06-01,0,1278.0400390625
2012-06-08,"^GSPC",2012-06-08,0,1325.66003417969
2012-06-15,"^GSPC",2012-06-15,0,1342.83996582031
2012-06-22,"^GSPC",2012-06-22,0,1335.02001953125
2012-06-29,"^GSPC",2012-06-29,0,1362.16003417969
2012-07-06,"^GSPC",2012-07-06,0,1354.68005371094
2012-07-13,"^GSPC",2012-07-13,0,1356.78002929688
2012-07-20,"^GSPC",2012-07-20,0,1362.66003417969
2012-07-27,"^GSPC",2012-07-27,0,1385.96997070312
2012-08-03,"^GSPC",2012-08-03,0,1390.98999023438
2012-08-10,"^GSPC",2012-08-10,0,1405.86999511719
2012-08-17,"^GSPC",2012-08-17,0,1418.16003417969
2012-08-24,"^GSPC",2012-08-24,0,1411.13000488281
2012-08-31,"^GSPC",2012-08-31,0,1406.57995605469
2012-09-07,"^GSPC",2012-09-07,0,1437.92004394531
2012-09-14,"^GSPC",2012-09-14,0,1465.77001953125
2012-09-21,"^GSPC",2012-09-21,0,1460.15002441406
2012-09-28,"^GSPC",2012-09-28,0,1440.67004394531
2012-10-05,"^GSPC",2012-10-05,0,1460.93005371094
2012-10-12,"^GSPC",2012-10-12,0,1428.58996582031
2012-10-19,"^GSPC",2012-10-19,0,1433.18994140625
2012-10-26,"^GSPC",2012-10-26,0,1411.93994140625
2012-11-02,"^GSPC",2012-11-02,0,1414.19995117188
2012-11-09,"^GSPC",2012-11-09,0,1379.84997558594
2012-11-16,"^GSPC",2012-11-16,0,1359.88000488281
2012-11-23,"^GSPC",2012-11-23,0,1409.15002441406
2012-11-30,"^GSPC",2012-11-30,0,1416.18005371094
2012-12-07,"^GSPC",2012-12-07,0,1418.06994628906
2012-12-14,"^GSPC",2012-12-14,0,1413.57995605469
2012-12-21,"^GSPC",2012-12-21,0,1430.15002441406
2012-12-28,"^GSPC",2012-12-28,0,1402.43005371094
2013-01-04,"^GSPC",2013-01-04,0,1466.46997070312
2013-01-11,"^GSPC",2013-01-11,0,1472.05004882812
2013-01-18,"^GSPC",2013-01-18,0,1485.97998046875
2013-01-25,"^GSPC",2013-01-25,0,1502.9599609375
2013-02-01,"^GSPC",2013-02-01,0,1513.17004394531
2013-02-08,"^GSPC",2013-02-08,0,1517.93005371094
2013-02-15,"^GSPC",2013-02-15,0,1519.7900390625
2013-02-22,"^GSPC",2013-02-22,0,1515.59997558594
2013-03-01,"^GSPC",2013-03-01,0,1518.19995117188
2013-03-08,"^GSPC",2013-03-08,0,1551.18005371094
2013-03-15,"^GSPC",2013-03-15,0,1560.69995117188
2013-03-22,"^GSPC",2013-03-22,0,1556.89001464844
2013-03-29,"^GSPC",2013-03-28,1,1569.18994140625
2013-04-05,"^GSPC",2013-04-05,0,1553.28002929688
2013-04-12,"^GSPC",2013-04-12,0,1588.84997558594
2013-04-19,"^GSPC",2013-04-19,0,1555.25
2013-04-26,"^GSPC",2013-04-26,0,1582.23999023438
2013-05-03,"^GSPC",2013-05-03,0,1614.42004394531
2013-05-10,"^GSPC",2013-05-10,0,1633.69995117188
2013-05-17,"^GSPC",2013-05-17,0,1667.46997070312
2013-05-24,"^GSPC",2013-05-24,0,1649.59997558594
2013-05-31,"^GSPC",2013-05-31,0,1630.73999023438
2013-06-07,"^GSPC",2013-06-07,0,1643.38000488281
2013-06-14,"^GSPC",2013-06-14,0,1626.72998046875
2013-06-21,"^GSPC",2013-06-21,0,1592.43005371094
2013-06-28,"^GSPC",2013-06-28,0,1606.28002929688
2013-07-05,"^GSPC",2013-07-05,0,1631.89001464844
2013-07-12,"^GSPC",2013-07-12,0,1680.18994140625
2013-07-19,"^GSPC",2013-07-19,0,1692.08996582031
2013-07-26,"^GSPC",2013-07-26,0,1691.65002441406
2013-08-02,"^GSPC",2013-08-02,0,1709.67004394531
2013-08-09,"^GSPC",2013-08-09,0,1691.42004394531
2013-08-16,"^GSPC",2013-08-16,0,1655.82995605469
2013-08-23,"^GSPC",2013-08-23,0,1663.5
2013-08-30,"^GSPC",2013-08-30,0,1632.96997070312
2013-09-06,"^GSPC",2013-09-06,0,1655.17004394531
2013-09-13,"^GSPC",2013-09-13,0,1687.98999023438
2013-09-20,"^GSPC",2013-09-20,0,1709.91003417969
2013-09-27,"^GSPC",2013-09-27,0,1691.75
2013-10-04,"^GSPC",2013-10-04,0,1690.5
2013-10-11,"^GSPC",2013-10-11,0,1703.19995117188
2013-10-18,"^GSPC",2013-10-18,0,1744.5
2013-10-25,"^GSPC",2013-10-25,0,1759.77001953125
2013-11-01,"^GSPC",2013-11-01,0,1761.64001464844
2013-11-08,"^GSPC",2013-11-08,0,1770.60998535156
2013-11-15,"^GSPC",2013-11-15,0,1798.18005371094
2013-11-22,"^GSPC",2013-11-22,0,1804.76000976562
2013-11-29,"^GSPC",2013-11-29,0,1805.81005859375
2013-12-06,"^GSPC",2013-12-06,0,1805.08996582031
2013-12-13,"^GSPC",2013-12-13,0,1775.31994628906
2013-12-20,"^GSPC",2013-12-20,0,1818.31994628906
2013-12-27,"^GSPC",2013-12-27,0,1841.40002441406
2014-01-03,"^GSPC",2014-01-03,0,1831.36999511719
2014-01-10,"^GSPC",2014-01-10,0,1842.36999511719
2014-01-17,"^GSPC",2014-01-17,0,1838.69995117188
2014-01-24,"^GSPC",2014-01-24,0,1790.2900390625
2014-01-31,"^GSPC",2014-01-31,0,1782.58996582031
2014-02-07,"^GSPC",2014-02-07,0,1797.02001953125
2014-02-14,"^GSPC",2014-02-14,0,1838.63000488281
2014-02-21,"^GSPC",2014-02-21,0,1836.25
2014-02-28,"^GSPC",2014-02-28,0,1859.44995117188
2014-03-07,"^GSPC",2014-03-07,0,1878.0400390625
2014-03-14,"^GSPC",2014-03-14,0,1841.13000488281
2014-03-21,"^GSPC",2014-03-21,0,1866.52001953125
2014-03-28,"^GSPC",2014-03-28,0,1857.61999511719
2014-04-04,"^GSPC",2014-04-04,0,1865.08996582031
2014-04-11,"^GSPC",2014-04-11,0,1815.68994140625
2014-04-18,"^GSPC",2014-04-17,1,1864.84997558594
2014-04-25,"^GSPC",2014-04-25,0,1863.40002441406
2014-05-02,"^GSPC",2014-05-02,0,1881.14001464844
2014-05-09,"^GSPC",2014-05-09,0,1878.47998046875
2014-05-16,"^GSPC",2014-05-16,0,1877.85998535156
2014-05-23,"^GSPC",2014-05-23,0,1900.53002929688
2014-05-30,"^GSPC",2014-05-30,0,1923.56994628906
2014-06-06,"^GSPC",2014-06-06,0,1949.43994140625
2014-06-13,"^GSPC",2014-06-13,0,1936.16003417969
2014-06-20,"^GSPC",2014-06-20,0,1962.86999511719
2014-06-27,"^GSPC",2014-06-27,0,1960.9599609375
2014-07-04,"^GSPC",2014-07-03,1,1985.43994140625
2014-07-11,"^GSPC",2014-07-11,0,1967.56994628906
2014-07-18,"^GSPC",2014-07-18,0,1978.21997070312
2014-07-25,"^GSPC",2014-07-25,0,1978.33996582031
2014-08-01,"^GSPC",2014-08-01,0,1925.15002441406
2014-08-08,"^GSPC",2014-08-08,0,1931.58996582031
2014-08-15,"^GSPC",2014-08-15,0,1955.06005859375
2014-08-22,"^GSPC",2014-08-22,0,1988.40002441406
2014-08-29,"^GSPC",2014-08-29,0,2003.36999511719
2014-09-05,"^GSPC",2014-09-05,0,2007.7099609375
2014-09-12,"^GSPC",2014-09-12,0,1985.5400390625
2014-09-19,"^GSPC",2014-09-19,0,2010.40002441406
2014-09-26,"^GSPC",2014-09-26,0,1982.84997558594
2014-10-03,"^GSPC",2014-10-03,0,1967.90002441406
2014-10-10,"^GSPC",2014-10-10,0,1906.13000488281
2014-10-17,"^GSPC",2014-10-17,0,1886.76000976562
2014-10-24,"^GSPC",2014-10-24,0,1964.57995605469
2014-10-31,"^GSPC",2014-10-31,0,2018.05004882812
2014-11-07,"^GSPC",2014-11-07,0,2031.92004394531
2014-11-14,"^GSPC",2014-11-14,0,2039.81994628906
2014-11-21,"^GSPC",2014-11-21,0,2063.5
2014-11-28,"^GSPC",2014-11-28,0,2067.56005859375
2014-12-05,"^GSPC",2014-12-05,0,2075.3701171875
2014-12-12,"^GSPC",2014-12-12,0,2002.32995605469
2014-12-19,"^GSPC",2014-12-19,0,2070.64990234375
2014-12-26,"^GSPC",2014-12-26,0,2088.77001953125
2015-01-02,"^GSPC",2015-01-02,0,2058.19995117188
2015-01-09,"^GSPC",2015-01-09,0,2044.81005859375
2015-01-16,"^GSPC",2015-01-16,0,2019.42004394531
2015-01-23,"^GSPC",2015-01-23,0,2051.82006835938
2015-01-30,"^GSPC",2015-01-30,0,1994.98999023438
2015-02-06,"^GSPC",2015-02-06,0,2055.46997070312
2015-02-13,"^GSPC",2015-02-13,0,2096.98999023438
2015-02-20,"^GSPC",2015-02-20,0,2110.30004882812
2015-02-27,"^GSPC",2015-02-27,0,2104.5
2015-03-06,"^GSPC",2015-03-06,0,2071.26000976562
2015-03-13,"^GSPC",2015-03-13,0,2053.39990234375
2015-03-20,"^GSPC",2015-03-20,0,2108.10009765625
2015-03-27,"^GSPC",2015-03-27,0,2061.02001953125
2015-04-03,"^GSPC",2015-04-02,1,2066.9599609375
2015-04-10,"^GSPC",2015-04-10,0,2102.06005859375
2015-04-17,"^GSPC",2015-04-17,0,2081.17993164062
2015-04-24,"^GSPC",2015-04-24,0,2117.68994140625
2015-05-01,"^GSPC",2015-05-01,0,2108.2900390625
2015-05-08,"^GSPC",2015-05-08,0,2116.10009765625
2015-05-15,"^GSPC",2015-05-15,0,2122.72998046875
2015-05-22,"^GSPC",2015-05-22,0,2126.06005859375
2015-05-29,"^GSPC",2015-05-29,0,2107.38989257812
2015-06-05,"^GSPC",2015-06-05,0,2092.830078125
2015-06-12,"^GSPC",2015-06-12,0,2094.11010742188
2015-06-19,"^GSPC",2015-06-19,0,2109.98999023438
2015-06-26,"^GSPC",2015-06-26,0,2101.48999023438
2015-07-03,"^GSPC",2015-07-02,1,2076.78002929688
2015-07-10,"^GSPC",2015-07-10,0,2076.6201171875
2015-07-17,"^GSPC",2015-07-17,0,2126.63989257812
2015-07-24,"^GSPC",2015-07-24,0,2079.64990234375
2015-07-31,"^GSPC",2015-07-31,0,2103.84008789062
2015-08-07,"^GSPC",2015-08-07,0,2077.57006835938
2015-08-14,"^GSPC",2015-08-14,0,2091.5400390625
2015-08-21,"^GSPC",2015-08-21,0,1970.89001464844
2015-08-28,"^GSPC",2015-08-28,0,1988.86999511719
2015-09-04,"^GSPC",2015-09-04,0,1921.21997070312
2015-09-11,"^GSPC",2015-09-11,0,1961.05004882812
2015-09-18,"^GSPC",2015-09-18,0,1958.03002929688
2015-09-25,"^GSPC",2015-09-25,0,1931.33996582031
2015-10-02,"^GSPC",2015-10-02,0,1951.35998535156
2015-10-09,"^GSPC",2015-10-09,0,2014.89001464844
2015-10-16,"^GSPC",2015-10-16,0,2033.10998535156
2015-10-23,"^GSPC",2015-10-23,0,2075.14990234375
2015-10-30,"^GSPC",2015-10-30,0,2079.36010742188
2015-11-06,"^GSPC",2015-11-06,0,2099.19995117188
2015-11-13,"^GSPC",2015-11-13,0,2023.0400390625
2015-11-20,"^GSPC",2015-11-20,0,2089.169921875
2015-11-27,"^GSPC",2015-11-27,0,2090.11010742188
2015-12-04,"^GSPC",2015-12-04,0,2091.68994140625
2015-12-11,"^GSPC",2015-12-11,0,2012.36999511719
2015-12-18,"^GSPC",2015-12-18,0,2005.55004882812
2015-12-25,"^GSPC",2015-12-24,1,2060.98999023438
2016-01-01,"^GSPC",2015-12-31,1,2043.93994140625
2016-01-08,"^GSPC",2016-01-08,0,1922.03002929688
2016-01-15,"^GSPC",2016-01-15,0,1880.32995605469
2016-01-22,"^GSPC",2016-01-22,0,1906.90002441406
2016-01-29,"^GSPC",2016-01-29,0,1940.23999023438
2016-02-05,"^GSPC",2016-02-05,0,1880.05004882812
2016-02-12,"^GSPC",2016-02-12,0,1864.78002929688
2016-02-19,"^GSPC",2016-02-19,0,1917.78002929688
2016-02-26,"^GSPC",2016-02-26,0,1948.05004882812
2016-03-04,"^GSPC",2016-03-04,0,1999.98999023438
2016-03-11,"^GSPC",2016-03-11,0,2022.18994140625
2016-03-18,"^GSPC",2016-03-18,0,2049.580078125
2016-03-25,"^GSPC",2016-03-24,1,2035.93994140625
2016-04-01,"^GSPC",2016-04-01,0,2072.78002929688
2016-04-08,"^GSPC",2016-04-08,0,2047.59997558594
2016-04-15,"^GSPC",2016-04-15,0,2080.72998046875
2016-04-22,"^GSPC",2016-04-22,0,2091.580078125
2016-04-29,"^GSPC",2016-04-29,0,2065.30004882812
2016-05-06,"^GSPC",2016-05-06,0,2057.13989257812
2016-05-13,"^GSPC",2016-05-13,0,2046.60998535156
2016-05-20,"^GSPC",2016-05-20,0,2052.32006835938
2016-05-27,"^GSPC",2016-05-27,0,2099.06005859375
2016-06-03,"^GSPC",2016-06-03,0,2099.1298828125
2016-06-10,"^GSPC",2016-06-10,0,2096.07006835938
2016-06-17,"^GSPC",2016-06-17,0,2071.21997070312
2016-06-24,"^GSPC",2016-06-24,0,2037.41003417969
2016-07-01,"^GSPC",2016-07-01,0,2102.94995117188
2016-07-08,"^GSPC",2016-07-08,0,2129.89990234375
2016-07-15,"^GSPC",2016-07-15,0,2161.73999023438
2016-07-22,"^GSPC",2016-07-22,0,2175.03002929688
2016-07-29,"^GSPC",2016-07-29,0,2173.60009765625
2016-08-05,"^GSPC",2016-08-05,0,2182.8701171875
2016-08-12,"^GSPC",2016-08-12,0,2184.05004882812
2016-08-19,"^GSPC",2016-08-19,0,2183.8701171875
2016-08-26,"^GSPC",2016-08-26,0,2169.0400390625
2016-09-02,"^GSPC",2016-09-02,0,2179.97998046875
2016-09-09,"^GSPC",2016-09-09,0,2127.81005859375
2016-09-16,"^GSPC",2016-09-16,0,2139.15991210938
2016-09-23,"^GSPC",2016-09-23,0,2164.68994140625
2016-09-30,"^GSPC",2016-09-30,0,2168.27001953125
2016-10-07,"^GSPC",2016-10-07,0,2153.73999023438
2016-10-14,"^GSPC",2016-10-14,0,2132.97998046875
2016-10-21,"^GSPC",2016-10-21,0,2141.15991210938
2016-10-28,"^GSPC",2016-10-28,0,2126.40991210938
2016-11-04,"^GSPC",2016-11-04,0,2085.17993164062
2016-11-11,"^GSPC",2016-11-11,0,2164.44995117188
2016-11-18,"^GSPC",2016-11-18,0,2181.89990234375
2016-11-25,"^GSPC",2016-11-25,0,2213.35009765625
2016-12-02,"^GSPC",2016-12-02,0,2191.94995117188
2016-12-09,"^GSPC",2016-12-09,0,2259.53002929688
2016-12-16,"^GSPC",2016-12-16,0,2258.07006835938
2016-12-23,"^GSPC",2016-12-23,0,2263.7900390625
2016-12-30,"^GSPC",2016-12-30,0,2238.830078125
2017-01-06,"^GSPC",2017-01-06,0,2276.97998046875
2017-01-13,"^GSPC",2017-01-13,0,2274.63989257812
2017-01-20,"^GSPC",2017-01-20,0,2271.31005859375
2017-01-27,"^GSPC",2017-01-27,0,2294.68994140625
2017-02-03,"^GSPC",2017-02-03,0,2297.419921875
2017-02-10,"^GSPC",2017-02-10,0,2316.10009765625
2017-02-17,"^GSPC",2017-02-17,0,2351.15991210938
2017-02-24,"^GSPC",2017-02-24,0,2367.34008789062
2017-03-03,"^GSPC",2017-03-03,0,2383.1201171875
2017-03-10,"^GSPC",2017-03-10,0,2372.60009765625
2017-03-17,"^GSPC",2017-03-17,0,2378.25
2017-03-24,"^GSPC",2017-03-24,0,2343.97998046875
2017-03-31,"^GSPC",2017-03-31,0,2362.71997070312
2017-04-07,"^GSPC",2017-04-07,0,2355.5400390625
2017-04-14,"^GSPC",2017-04-13,1,2328.94995117188
2017-04-21,"^GSPC",2017-04-21,0,2348.68994140625
2017-04-28,"^GSPC",2017-04-28,0,2384.19995117188
2017-05-05,"^GSPC",2017-05-05,0,2399.2900390625
2017-05-12,"^GSPC",2017-05-12,0,2390.89990234375
2017-05-19,"^GSPC",2017-05-19,0,2381.72998046875
2017-05-26,"^GSPC",2017-05-26,0,2415.82006835938
2017-06-02,"^GSPC",2017-06-02,0,2439.07006835938
2017-06-09,"^GSPC",2017-06-09,0,2431.77001953125
2017-06-16,"^GSPC",2017-06-16,0,2433.14990234375
2017-06-23,"^GSPC",2017-06-23,0,2438.30004882812
2017-06-30,"^GSPC",2017-06-30,0,2423.40991210938
2017-07-07,"^GSPC",2017-07-07,0,2425.17993164062
2017-07-14,"^GSPC",2017-07-14,0,2459.27001953125
2017-07-21,"^GSPC",2017-07-21,0,2472.5400390625
2017-07-28,"^GSPC",2017-07-28,0,2472.10009765625
2017-08-04,"^GSPC",2017-08-04,0,2476.830078125
2017-08-11,"^GSPC",2017-08-11,0,2441.32006835938
2017-08-18,"^GSPC",2017-08-18,0,2425.55004882812
2017-08-25,"^GSPC",2017-08-25,0,2443.05004882812
2017-09-01,"^GSPC",2017-09-01,0,2476.55004882812
2017-09-08,"^GSPC",2017-09-08,0,2461.42993164062
2017-09-15,"^GSPC",2017-09-15,0,2500.22998046875
2017-09-22,"^GSPC",2017-09-22,0,2502.21997070312
2017-09-29,"^GSPC",2017-09-29,0,2519.36010742188
2017-10-06,"^GSPC",2017-10-06,0,2549.330078125
2017-10-13,"^GSPC",2017-10-13,0,2553.169921875
2017-10-20,"^GSPC",2017-10-20,0,2575.2099609375
2017-10-27,"^GSPC",2017-10-27,0,2581.07006835938
2017-11-03,"^GSPC",2017-11-03,0,2587.84008789062
2017-11-10,"^GSPC",2017-11-10,0,2582.30004882812
2017-11-17,"^GSPC",2017-11-17,0,2578.85009765625
2017-11-24,"^GSPC",2017-11-24,0,2602.419921875
2017-12-01,"^GSPC",2017-12-01,0,2642.21997070312
2017-12-08,"^GSPC",2017-12-08,0,2651.5
2017-12-15,"^GSPC",2017-12-15,0,2675.81005859375
2017-12-22,"^GSPC",2017-12-22,0,2683.34008789062
2017-12-29,"^GSPC",2017-12-29,0,2673.61010742188
2018-01-05,"^GSPC",2018-01-05,0,2743.14990234375
2018-01-12,"^GSPC",2018-01-12,0,2786.23999023438
2018-01-19,"^GSPC",2018-01-19,0,2810.30004882812
2018-01-26,"^GSPC",2018-01-26,0,2872.8701171875
2018-02-02,"^GSPC",2018-02-02,0,2762.1298828125
2018-02-09,"^GSPC",2018-02-09,0,2619.55004882812
2018-02-16,"^GSPC",2018-02-16,0,2732.21997070312
2018-02-23,"^GSPC",2018-02-23,0,2747.30004882812
2018-03-02,"^GSPC",2018-03-02,0,2691.25
2018-03-09,"^GSPC",2018-03-09,0,2786.57006835938
2018-03-16,"^GSPC",2018-03-16,0,2752.01000976562
2018-03-23,"^GSPC",2018-03-23,0,2588.26000976562
2018-03-30,"^GSPC",2018-03-29,1,2640.8701171875
2018-04-06,"^GSPC",2018-04-06,0,2604.46997070312
2018-04-13,"^GSPC",2018-04-13,0,2656.30004882812
2018-04-20,"^GSPC",2018-04-20,0,2670.13989257812
2018-04-27,"^GSPC",2018-04-27,0,2669.90991210938
2018-05-04,"^GSPC",2018-05-04,0,2663.419921875
2018-05-11,"^GSPC",2018-05-11,0,2727.71997070312
2018-05-18,"^GSPC",2018-05-18,0,2712.96997070312
2018-05-25,"^GSPC",2018-05-25,0,2721.330078125
2018-06-01,"^GSPC",2018-06-01,0,2734.6201171875
2018-06-08,"^GSPC",2018-06-08,0,2779.03002929688
2018-06-15,"^GSPC",2018-06-15,0,2779.65991210938
2018-06-22,"^GSPC",2018-06-22,0,2754.8798828125
2018-06-29,"^GSPC",2018-06-29,0,2718.3701171875
2018-07-06,"^GSPC",2018-07-06,0,2759.82006835938
2018-07-13,"^GSPC",2018-07-13,0,2801.31005859375
2018-07-20,"^GSPC",2018-07-20,0,2801.830078125
2018-07-27,"^GSPC",2018-07-27,0,2818.82006835938
2018-08-03,"^GSPC",2018-08-03,0,2840.35009765625
2018-08-10,"^GSPC",2018-08-10,0,2833.28002929688
2018-08-17,"^GSPC",2018-08-17,0,2850.1298828125
2018-08-24,"^GSPC",2018-08-24,0,2874.68994140625
2018-08-31,"^GSPC",2018-08-31,0,2901.52001953125
2018-09-07,"^GSPC",2018-09-07,0,2871.67993164062
2018-09-14,"^GSPC",2018-09-14,0,2904.97998046875
2018-09-21,"^GSPC",2018-09-21,0,2929.669921875
2018-09-28,"^GSPC",2018-09-28,0,2913.97998046875
2018-10-05,"^GSPC",2018-10-05,0,2885.57006835938
2018-10-12,"^GSPC",2018-10-12,0,2767.1298828125
2018-10-19,"^GSPC",2018-10-19,0,2767.78002929688
2018-10-26,"^GSPC",2018-10-26,0,2658.68994140625
2018-11-02,"^GSPC",2018-11-02,0,2723.06005859375
2018-11-09,"^GSPC",2018-11-09,0,2781.01000976562
2018-11-16,"^GSPC",2018-11-16,0,2736.27001953125
2018-11-23,"^GSPC",2018-11-23,0,2632.56005859375
2018-11-30,"^GSPC",2018-11-30,0,2760.169921875
2018-12-07,"^GSPC",2018-12-07,0,2633.080078125
2018-12-14,"^GSPC",2018-12-14,0,2599.94995117188
2018-12-21,"^GSPC",2018-12-21,0,2416.6201171875
2018-12-28,"^GSPC",2018-12-28,0,2485.73999023438
2019-01-04,"^GSPC",2019-01-04,0,2531.93994140625
2019-01-11,"^GSPC",2019-01-11,0,2596.26000976562
2019-01-18,"^GSPC",2019-01-18,0,2670.7099609375
2019-01-25,"^GSPC",2019-01-25,0,2664.76000976562
2019-02-01,"^GSPC",2019-02-01,0,2706.53002929688
2019-02-08,"^GSPC",2019-02-08,0,2707.8798828125
2019-02-15,"^GSPC",2019-02-15,0,2775.60009765625
2019-02-22,"^GSPC",2019-02-22,0,2792.669921875
2019-03-01,"^GSPC",2019-03-01,0,2803.68994140625
2019-03-08,"^GSPC",2019-03-08,0,2743.07006835938
2019-03-15,"^GSPC",2019-03-15,0,2822.47998046875
2019-03-22,"^GSPC",2019-03-22,0,2800.7099609375
2019-03-29,"^GSPC",2019-03-29,0,2834.39990234375
2019-04-05,"^GSPC",2019-04-05,0,2892.73999023438
2019-04-12,"^GSPC",2019-04-12,0,2907.40991210938
2019-04-19,"^GSPC",2019-04-18,1,2905.03002929688
2019-04-26,"^GSPC",2019-04-26,0,2939.8798828125
2019-05-03,"^GSPC",2019-05-03,0,2945.63989257812
2019-05-10,"^GSPC",2019-05-10,0,2881.39990234375
2019-05-17,"^GSPC",2019-05-17,0,2859.53002929688
2019-05-24,"^GSPC",2019-05-24,0,2826.06005859375
2019-05-31,"^GSPC",2019-05-31,0,2752.06005859375
2019-06-07,"^GSPC",2019-06-07,0,2873.34008789062
2019-06-14,"^GSPC",2019-06-14,0,2886.97998046875
2019-06-21,"^GSPC",2019-06-21,0,2950.4599609375
2019-06-28,"^GSPC",2019-06-28,0,2941.76000976562
2019-07-05,"^GSPC",2019-07-05,0,2990.40991210938
2019-07-12,"^GSPC",2019-07-12,0,3013.77001953125
2019-07-19,"^GSPC",2019-07-19,0,2976.61010742188
2019-07-26,"^GSPC",2019-07-26,0,3025.86010742188
2019-08-02,"^GSPC",2019-08-02,0,2932.05004882812
2019-08-09,"^GSPC",2019-08-09,0,2918.64990234375
2019-08-16,"^GSPC",2019-08-16,0,2888.67993164062
2019-08-23,"^GSPC",2019-08-23,0,2847.11010742188
2019-08-30,"^GSPC",2019-08-30,0,2926.4599609375
2019-09-06,"^GSPC",2019-09-06,0,2978.7099609375
2019-09-13,"^GSPC",2019-09-13,0,3007.38989257812
2019-09-20,"^GSPC",2019-09-20,0,2992.07006835938
2019-09-27,"^GSPC",2019-09-27,0,2961.7900390625
2019-10-04,"^GSPC",2019-10-04,0,2952.01000976562
2019-10-11,"^GSPC",2019-10-11,0,2970.27001953125
2019-10-18,"^GSPC",2019-10-18,0,2986.19995117188
2019-10-25,"^GSPC",2019-10-25,0,3022.55004882812
2019-11-01,"^GSPC",2019-11-01,0,3066.90991210938
2019-11-08,"^GSPC",2019-11-08,0,3093.080078125
2019-11-15,"^GSPC",2019-11-15,0,3120.4599609375
2019-11-22,"^GSPC",2019-11-22,0,3110.2900390625
2019-11-29,"^GSPC",2019-11-29,0,3140.97998046875
2019-12-06,"^GSPC",2019-12-06,0,3145.90991210938
2019-12-13,"^GSPC",2019-12-13,0,3168.80004882812
2019-12-20,"^GSPC",2019-12-20,0,3221.21997070312
2019-12-27,"^GSPC",2019-12-27,0,3240.02001953125
2020-01-03,"^GSPC",2020-01-03,0,3234.85009765625
2020-01-10,"^GSPC",2020-01-10,0,3265.35009765625
2020-01-17,"^GSPC",2020-01-17,0,3329.6201171875
2020-01-24,"^GSPC",2020-01-24,0,3295.46997070312
2020-01-31,"^GSPC",2020-01-31,0,3225.52001953125
2020-02-07,"^GSPC",2020-02-07,0,3327.7099609375
2020-02-14,"^GSPC",2020-02-14,0,3380.15991210938
2020-02-21,"^GSPC",2020-02-21,0,3337.75
2020-02-28,"^GSPC",2020-02-28,0,2954.21997070312
2020-03-06,"^GSPC",2020-03-06,0,2972.3701171875
2020-03-13,"^GSPC",2020-03-13,0,2711.02001953125
2020-03-20,"^GSPC",2020-03-20,0,2304.919921875
2020-03-27,"^GSPC",2020-03-27,0,2541.46997070312
2020-04-03,"^GSPC",2020-04-03,0,2488.64990234375
2020-04-10,"^GSPC",2020-04-09,1,2789.82006835938
2020-04-17,"^GSPC",2020-04-17,0,2874.56005859375
2020-04-24,"^GSPC",2020-04-24,0,2836.73999023438
2020-05-01,"^GSPC",2020-05-01,0,2830.7099609375
2020-05-08,"^GSPC",2020-05-08,0,2929.80004882812
2020-05-15,"^GSPC",2020-05-15,0,2863.69995117188
2020-05-22,"^GSPC",2020-05-22,0,2955.44995117188
2020-05-29,"^GSPC",2020-05-29,0,3044.31005859375
2020-06-05,"^GSPC",2020-06-05,0,3193.92993164062
2020-06-12,"^GSPC",2020-06-12,0,3041.31005859375
2020-06-19,"^GSPC",2020-06-19,0,3097.73999023438
2020-06-26,"^GSPC",2020-06-26,0,3009.05004882812
2020-07-03,"^GSPC",2020-07-02,1,3130.01000976562
2020-07-10,"^GSPC",2020-07-10,0,3185.0400390625
2020-07-17,"^GSPC",2020-07-17,0,3224.72998046875
2020-07-24,"^GSPC",2020-07-24,0,3215.6298828125
2020-07-31,"^GSPC",2020-07-31,0,3271.1201171875
2020-08-07,"^GSPC",2020-08-07,0,3351.28002929688
2020-08-14,"^GSPC",2020-08-14,0,3372.85009765625
2020-08-21,"^GSPC",2020-08-21,0,3397.15991210938
2020-08-28,"^GSPC",2020-08-28,0,3508.01000976562
2020-09-04,"^GSPC",2020-09-04,0,3426.9599609375
2020-09-11,"^GSPC",2020-09-11,0,3340.96997070312
2020-09-18,"^GSPC",2020-09-18,0,3319.46997070312
2020-09-25,"^GSPC",2020-09-25,0,3298.4599609375
2020-10-02,"^GSPC",2020-10-02,0,3348.419921875
2020-10-09,"^GSPC",2020-10-09,0,3477.13989257812
2020-10-16,"^GSPC",2020-10-16,0,3483.81005859375
2020-10-23,"^GSPC",2020-10-23,0,3465.38989257812
2020-10-30,"^GSPC",2020-10-30,0,3269.9599609375
2020-11-06,"^GSPC",2020-11-06,0,3509.43994140625
2020-11-13,"^GSPC",2020-11-13,0,3585.14990234375
2020-11-20,"^GSPC",2020-11-20,0,3557.5400390625
2020-11-27,"^GSPC",2020-11-27,0,3638.35009765625
2020-12-04,"^GSPC",2020-12-04,0,3699.1201171875
2020-12-11,"^GSPC",2020-12-11,0,3663.4599609375
2020-12-18,"^GSPC",2020-12-18,0,3709.40991210938
2020-12-25,"^GSPC",2020-12-24,1,3703.06005859375
2021-01-01,"^GSPC",2020-12-31,1,3756.07006835938
2021-01-08,"^GSPC",2021-01-08,0,3824.67993164062
2021-01-15,"^GSPC",2021-01-15,0,3768.25
2021-01-22,"^GSPC",2021-01-22,0,3841.46997070312
2021-01-29,"^GSPC",2021-01-29,0,3714.23999023438
2021-02-05,"^GSPC",2021-02-05,0,3886.830078125
2021-02-12,"^GSPC",2021-02-12,0,3934.830078125
2021-02-19,"^GSPC",2021-02-19,0,3906.7099609375
2021-02-26,"^GSPC",2021-02-26,0,3811.14990234375
2021-03-05,"^GSPC",2021-03-05,0,3841.93994140625
2021-03-12,"^GSPC",2021-03-12,0,3943.34008789062
2021-03-19,"^GSPC",2021-03-19,0,3913.10009765625
2021-03-26,"^GSPC",2021-03-26,0,3974.5400390625
2021-04-02,"^GSPC",2021-04-01,1,4019.8701171875
2021-04-09,"^GSPC",2021-04-09,0,4128.7998046875
2021-04-16,"^GSPC",2021-04-16,0,4185.47021484375
2021-04-23,"^GSPC",2021-04-23,0,4180.169921875
2021-04-30,"^GSPC",2021-04-30,0,4181.169921875
2021-05-07,"^GSPC",2021-05-07,0,4232.60009765625
2021-05-14,"^GSPC",2021-05-14,0,4173.85009765625
2021-05-21,"^GSPC",2021-05-21,0,4155.85986328125
2021-05-28,"^GSPC",2021-05-28,0,4204.10986328125
2021-06-04,"^GSPC",2021-06-04,0,4229.89013671875
2021-06-11,"^GSPC",2021-06-11,0,4247.43994140625
2021-06-18,"^GSPC",2021-06-18,0,4166.4501953125
2021-06-25,"^GSPC",2021-06-25,0,4280.7001953125
2021-07-02,"^GSPC",2021-07-02,0,4352.33984375
2021-07-09,"^GSPC",2021-07-09,0,4369.5498046875
2021-07-16,"^GSPC",2021-07-16,0,4327.16015625
2021-07-23,"^GSPC",2021-07-23,0,4411.7900390625
2021-07-30,"^GSPC",2021-07-30,0,4395.259765625
2021-08-06,"^GSPC",2021-08-06,0,4436.52001953125
2021-08-13,"^GSPC",2021-08-13,0,4468
2021-08-20,"^GSPC",2021-08-20,0,4441.669921875
2021-08-27,"^GSPC",2021-08-27,0,4509.3701171875
2021-09-03,"^GSPC",2021-09-03,0,4535.43017578125
2021-09-10,"^GSPC",2021-09-10,0,4458.580078125
2021-09-17,"^GSPC",2021-09-17,0,4432.990234375
2021-09-24,"^GSPC",2021-09-24,0,4455.47998046875
2021-10-01,"^GSPC",2021-10-01,0,4357.0400390625
2021-10-08,"^GSPC",2021-10-08,0,4391.33984375
2021-10-15,"^GSPC",2021-10-15,0,4471.3701171875
2021-10-22,"^GSPC",2021-10-22,0,4544.89990234375
2021-10-29,"^GSPC",2021-10-29,0,4605.3798828125
2021-11-05,"^GSPC",2021-11-05,0,4697.52978515625
2021-11-12,"^GSPC",2021-11-12,0,4682.85009765625
2021-11-19,"^GSPC",2021-11-19,0,4697.9599609375
2021-11-26,"^GSPC",2021-11-26,0,4594.6201171875
2021-12-03,"^GSPC",2021-12-03,0,4538.43017578125
2021-12-10,"^GSPC",2021-12-10,0,4712.02001953125
2021-12-17,"^GSPC",2021-12-17,0,4620.64013671875
2021-12-24,"^GSPC",2021-12-23,1,4725.7900390625
2021-12-31,"^GSPC",2021-12-31,0,4766.18017578125
2022-01-07,"^GSPC",2022-01-07,0,4677.02978515625
2022-01-14,"^GSPC",2022-01-14,0,4662.85009765625
2022-01-21,"^GSPC",2022-01-21,0,4397.93994140625
2022-01-28,"^GSPC",2022-01-28,0,4431.85009765625
2022-02-04,"^GSPC",2022-02-04,0,4500.52978515625
2022-02-11,"^GSPC",2022-02-11,0,4418.64013671875
2022-02-18,"^GSPC",2022-02-18,0,4348.8701171875
2022-02-25,"^GSPC",2022-02-25,0,4384.64990234375
2022-03-04,"^GSPC",2022-03-04,0,4328.8701171875
2022-03-11,"^GSPC",2022-03-11,0,4204.31005859375
2022-03-18,"^GSPC",2022-03-18,0,4463.1201171875
2022-03-25,"^GSPC",2022-03-25,0,4543.06005859375
2022-04-01,"^GSPC",2022-04-01,0,4545.85986328125
2022-04-08,"^GSPC",2022-04-08,0,4488.27978515625
2022-04-15,"^GSPC",2022-04-14,1,4392.58984375
2022-04-22,"^GSPC",2022-04-22,0,4271.77978515625
2022-04-29,"^GSPC",2022-04-29,0,4131.93017578125
2022-05-06,"^GSPC",2022-05-06,0,4123.33984375
2022-05-13,"^GSPC",2022-05-13,0,4023.88989257812
2022-05-20,"^GSPC",2022-05-20,0,3901.36010742188
2022-05-27,"^GSPC",2022-05-27,0,4158.240234375
2022-06-03,"^GSPC",2022-06-03,0,4108.5400390625
2022-06-10,"^GSPC",2022-06-10,0,3900.86010742188
2022-06-17,"^GSPC",2022-06-17,0,3674.84008789062
2022-06-24,"^GSPC",2022-06-24,0,3911.73999023438
2022-07-01,"^GSPC",2022-07-01,0,3825.330078125
2022-07-08,"^GSPC",2022-07-08,0,3899.3798828125
2022-07-15,"^GSPC",2022-07-15,0,3863.15991210938
2022-07-22,"^GSPC",2022-07-22,0,3961.6298828125
2022-07-29,"^GSPC",2022-07-29,0,4130.2900390625
2022-08-05,"^GSPC",2022-08-05,0,4145.18994140625
2022-08-12,"^GSPC",2022-08-12,0,4280.14990234375
2022-08-19,"^GSPC",2022-08-19,0,4228.47998046875
2022-08-26,"^GSPC",2022-08-26,0,4057.65991210938
2022-09-02,"^GSPC",2022-09-02,0,3924.26000976562
2022-09-09,"^GSPC",2022-09-09,0,4067.36010742188
2022-09-16,"^GSPC",2022-09-16,0,3873.330078125
2022-09-23,"^GSPC",2022-09-23,0,3693.22998046875
2022-09-30,"^GSPC",2022-09-30,0,3585.6201171875
2022-10-07,"^GSPC",2022-10-07,0,3639.65991210938
2022-10-14,"^GSPC",2022-10-14,0,3583.07006835938
2022-10-21,"^GSPC",2022-10-21,0,3752.75
2022-10-28,"^GSPC",2022-10-28,0,3901.06005859375
2022-11-04,"^GSPC",2022-11-04,0,3770.55004882812
2022-11-11,"^GSPC",2022-11-11,0,3992.92993164062
2022-11-18,"^GSPC",2022-11-18,0,3965.34008789062
2022-11-25,"^GSPC",2022-11-25,0,4026.1201171875
2022-12-02,"^GSPC",2022-12-02,0,4071.69995117188
2022-12-09,"^GSPC",2022-12-09,0,3934.3798828125
2022-12-16,"^GSPC",2022-12-16,0,3852.36010742188
2022-12-23,"^GSPC",2022-12-23,0,3844.82006835938
2022-12-30,"^GSPC",2022-12-30,0,3839.5
2023-01-06,"^GSPC",2023-01-06,0,3895.080078125
2023-01-13,"^GSPC",2023-01-13,0,3999.09008789062
2023-01-20,"^GSPC",2023-01-20,0,3972.61010742188
2023-01-27,"^GSPC",2023-01-27,0,4070.56005859375
2023-02-03,"^GSPC",2023-02-03,0,4136.47998046875
2023-02-10,"^GSPC",2023-02-10,0,4090.4599609375
2023-02-17,"^GSPC",2023-02-17,0,4079.09008789062
2023-02-24,"^GSPC",2023-02-24,0,3970.0400390625
2023-03-03,"^GSPC",2023-03-03,0,4045.63989257812
2023-03-10,"^GSPC",2023-03-10,0,3861.59008789062
2023-03-17,"^GSPC",2023-03-17,0,3916.63989257812
2023-03-24,"^GSPC",2023-03-24,0,3970.98999023438
2023-03-31,"^GSPC",2023-03-31,0,4109.31005859375
2023-04-07,"^GSPC",2023-04-06,1,4105.02001953125
2023-04-14,"^GSPC",2023-04-14,0,4137.64013671875
2023-04-21,"^GSPC",2023-04-21,0,4133.52001953125
2023-04-28,"^GSPC",2023-04-28,0,4169.47998046875
2023-05-05,"^GSPC",2023-05-05,0,4136.25
2023-05-12,"^GSPC",2023-05-12,0,4124.080078125
2023-05-19,"^GSPC",2023-05-19,0,4191.97998046875
2023-05-26,"^GSPC",2023-05-26,0,4205.4501953125
2023-06-02,"^GSPC",2023-06-02,0,4282.3701171875
2023-06-09,"^GSPC",2023-06-09,0,4298.85986328125
2023-06-16,"^GSPC",2023-06-16,0,4409.58984375
2023-06-23,"^GSPC",2023-06-23,0,4348.330078125
2023-06-30,"^GSPC",2023-06-30,0,4450.3798828125
2023-07-07,"^GSPC",2023-07-07,0,4398.9501953125
2023-07-14,"^GSPC",2023-07-14,0,4505.419921875
2023-07-21,"^GSPC",2023-07-21,0,4536.33984375
2023-07-28,"^GSPC",2023-07-28,0,4582.22998046875
2023-08-04,"^GSPC",2023-08-04,0,4478.02978515625
2023-08-11,"^GSPC",2023-08-11,0,4464.0498046875
2023-08-18,"^GSPC",2023-08-18,0,4369.7099609375
2023-08-25,"^GSPC",2023-08-25,0,4405.7099609375
2023-09-01,"^GSPC",2023-09-01,0,4515.77001953125
2023-09-08,"^GSPC",2023-09-08,0,4457.490234375
2023-09-15,"^GSPC",2023-09-15,0,4450.31982421875
2023-09-22,"^GSPC",2023-09-22,0,4320.06005859375
2023-09-29,"^GSPC",2023-09-29,0,4288.0498046875
2023-10-06,"^GSPC",2023-10-06,0,4308.5
2023-10-13,"^GSPC",2023-10-13,0,4327.77978515625
2023-10-20,"^GSPC",2023-10-20,0,4224.16015625
2023-10-27,"^GSPC",2023-10-27,0,4117.3701171875
2023-11-03,"^GSPC",2023-11-03,0,4358.33984375
2023-11-10,"^GSPC",2023-11-10,0,4415.240234375
2023-11-17,"^GSPC",2023-11-17,0,4514.02001953125
2023-11-24,"^GSPC",2023-11-24,0,4559.33984375
2023-12-01,"^GSPC",2023-12-01,0,4594.6298828125
2023-12-08,"^GSPC",2023-12-08,0,4604.3701171875
2023-12-15,"^GSPC",2023-12-15,0,4719.18994140625
2023-12-22,"^GSPC",2023-12-22,0,4754.6298828125
2023-12-29,"^GSPC",2023-12-29,0,4769.830078125
2024-01-05,"^GSPC",2024-01-05,0,4697.240234375
2024-01-12,"^GSPC",2024-01-12,0,4783.830078125
2024-01-19,"^GSPC",2024-01-19,0,4839.81005859375
2024-01-26,"^GSPC",2024-01-26,0,4890.97021484375
2024-02-02,"^GSPC",2024-02-02,0,4958.60986328125
2024-02-09,"^GSPC",2024-02-09,0,5026.60986328125
2024-02-16,"^GSPC",2024-02-16,0,5005.56982421875
2024-02-23,"^GSPC",2024-02-23,0,5088.7998046875
2024-03-01,"^GSPC",2024-03-01,0,5137.080078125
2024-03-08,"^GSPC",2024-03-08,0,5123.68994140625
2024-03-15,"^GSPC",2024-03-15,0,5117.08984375
2024-03-22,"^GSPC",2024-03-22,0,5234.18017578125
2024-03-29,"^GSPC",2024-03-28,1,5254.35009765625
2024-04-05,"^GSPC",2024-04-05,0,5204.33984375
2024-04-12,"^GSPC",2024-04-12,0,5123.41015625
2024-04-19,"^GSPC",2024-04-19,0,4967.22998046875
2024-04-26,"^GSPC",2024-04-26,0,5099.9599609375
2024-05-03,"^GSPC",2024-05-03,0,5127.7900390625
2024-05-10,"^GSPC",2024-05-10,0,5222.68017578125
2024-05-17,"^GSPC",2024-05-17,0,5303.27001953125
2024-05-24,"^GSPC",2024-05-24,0,5304.72021484375
2024-05-31,"^GSPC",2024-05-31,0,5277.509765625
2024-06-07,"^GSPC",2024-06-07,0,5346.990234375
2024-06-14,"^GSPC",2024-06-14,0,5431.60009765625
2024-06-21,"^GSPC",2024-06-21,0,5464.6201171875
2024-06-28,"^GSPC",2024-06-28,0,5460.47998046875
2024-07-05,"^GSPC",2024-07-05,0,5567.18994140625
2024-07-12,"^GSPC",2024-07-12,0,5615.35009765625
2024-07-19,"^GSPC",2024-07-19,0,5505
2024-07-26,"^GSPC",2024-07-26,0,5459.10009765625
2024-08-02,"^GSPC",2024-08-02,0,5346.56005859375
2024-08-09,"^GSPC",2024-08-09,0,5344.16015625
2024-08-16,"^GSPC",2024-08-16,0,5554.25
2024-08-23,"^GSPC",2024-08-23,0,5634.60986328125
2024-08-30,"^GSPC",2024-08-30,0,5648.39990234375
2024-09-06,"^GSPC",2024-09-06,0,5408.419921875
2024-09-13,"^GSPC",2024-09-13,0,5626.02001953125
2024-09-20,"^GSPC",2024-09-20,0,5702.5498046875
2024-09-27,"^GSPC",2024-09-27,0,5738.169921875
2024-10-04,"^GSPC",2024-10-04,0,5751.06982421875
2024-10-11,"^GSPC",2024-10-11,0,5815.02978515625
2024-10-18,"^GSPC",2024-10-18,0,5864.669921875
2024-10-25,"^GSPC",2024-10-25,0,5808.1201171875
2024-11-01,"^GSPC",2024-11-01,0,5728.7998046875
2024-11-08,"^GSPC",2024-11-08,0,5995.5400390625
2024-11-15,"^GSPC",2024-11-15,0,5870.6201171875
2024-11-22,"^GSPC",2024-11-22,0,5969.33984375
2024-11-29,"^GSPC",2024-11-29,0,6032.3798828125
2024-12-06,"^GSPC",2024-12-06,0,6090.27001953125
2024-12-13,"^GSPC",2024-12-13,0,6051.08984375
2024-12-20,"^GSPC",2024-12-20,0,5930.85009765625
2024-12-27,"^GSPC",2024-12-27,0,5970.83984375
2025-01-03,"^GSPC",2025-01-03,0,5942.47021484375
2025-01-10,"^GSPC",2025-01-10,0,5827.0400390625
2025-01-17,"^GSPC",2025-01-17,0,5996.66015625
2025-01-24,"^GSPC",2025-01-24,0,6101.240234375
2025-01-31,"^GSPC",2025-01-31,0,6040.52978515625
2025-02-07,"^GSPC",2025-02-07,0,6025.990234375
2025-02-14,"^GSPC",2025-02-14,0,6114.6298828125
2025-02-21,"^GSPC",2025-02-21,0,6013.1298828125
2025-02-28,"^GSPC",2025-02-28,0,5954.5
2025-03-07,"^GSPC",2025-03-07,0,5770.2001953125
2025-03-14,"^GSPC",2025-03-14,0,5638.93994140625
2025-03-21,"^GSPC",2025-03-21,0,5667.56005859375
2025-03-28,"^GSPC",2025-03-28,0,5580.93994140625
2025-04-04,"^GSPC",2025-04-04,0,5074.080078125
2025-04-11,"^GSPC",2025-04-11,0,5363.35986328125
2025-04-18,"^GSPC",2025-04-17,1,5282.7001953125
2025-04-25,"^GSPC",2025-04-25,0,5525.2099609375
2025-05-02,"^GSPC",2025-05-02,0,5686.669921875
2025-05-09,"^GSPC",2025-05-09,0,5659.91015625
2025-05-16,"^GSPC",2025-05-16,0,5958.3798828125
2025-05-23,"^GSPC",2025-05-23,0,5802.81982421875
2025-05-30,"^GSPC",2025-05-30,0,5911.68994140625
2025-06-06,"^GSPC",2025-06-06,0,6000.35986328125
2025-06-13,"^GSPC",2025-06-13,0,5976.97021484375
2025-06-20,"^GSPC",2025-06-20,0,5967.83984375
2025-06-27,"^GSPC",2025-06-27,0,6173.06982421875
2025-07-04,"^GSPC",2025-07-03,1,6279.35009765625
2025-07-11,"^GSPC",2025-07-11,0,6259.75
2025-07-18,"^GSPC",2025-07-18,0,6296.7900390625
2025-07-25,"^GSPC",2025-07-25,0,6388.64013671875
2025-08-01,"^GSPC",2025-08-01,0,6238.009765625
2025-08-08,"^GSPC",2025-08-08,0,6389.4501953125
2025-08-15,"^GSPC",2025-08-15,0,6449.7998046875
2025-08-22,"^GSPC",2025-08-22,0,6466.91015625
2025-08-29,"^GSPC",2025-08-29,0,6460.259765625
2025-09-05,"^GSPC",2025-09-05,0,6481.5
2025-09-12,"^GSPC",2025-09-12,0,6584.2900390625
2025-09-19,"^GSPC",2025-09-19,0,6664.35986328125
2025-09-26,"^GSPC",2025-09-26,0,6643.7001953125
2025-10-03,"^GSPC",2025-10-03,0,6715.7900390625
2025-10-10,"^GSPC",2025-10-10,0,6552.509765625
2025-10-17,"^GSPC",2025-10-17,0,6664.009765625
2025-10-24,"^GSPC",2025-10-24,0,6791.68994140625
2025-10-31,"^GSPC",2025-10-31,0,6840.2001953125
2025-11-07,"^GSPC",2025-11-07,0,6728.7998046875
2025-11-14,"^GSPC",2025-11-14,0,6734.10986328125
2025-11-21,"^GSPC",2025-11-21,0,6602.990234375
2025-11-28,"^GSPC",2025-11-28,0,6849.08984375
2025-12-05,"^GSPC",2025-12-05,0,6870.39990234375
2025-12-12,"^GSPC",2025-12-12,0,6827.41015625
2025-12-19,"^GSPC",2025-12-19,0,6834.5
2025-12-26,"^GSPC",2025-12-26,0,6929.93994140625
